scene,moteur,passe,rang,score,texte_min_1440x900_px,detail_1440x900_px,texte_min_1920x1080_px,texte_min_A4_pt,remplissage_blocs,remplissage_cartes,rapport_cadre,coudes,portes_geometriques,reglages
architecture-sauvegardes,elk,avant,,0.233,2.79,3.04,3.48,1.92,0.326,0.099,1.622,140,"immo_pp : 5 cartes sur 1 colonne(s), porte 2","layerGap=120 rootLayerGap=90 edgeLayerGap=15 nodeGap=48 edgeNodeGap=15 edgeGap=10 componentGap=24 placement=LINEAR_SEGMENTS compaction=NONE labelLayer=MEDIAN_LAYER layering=NETWORK_SIMPLEX inline=false rootPadding=12 leafRatio=1.6 mode=include direction=RIGHT"
sequence-bout-en-bout,elk,avant,,0.148,2.01,2.19,2.68,1.19,0.485,0.066,6.958,40,"rapport 6.958 hors de [4:3 ; 16:9]","layerGap=350 rootLayerGap=90 edgeLayerGap=30 nodeGap=48 edgeNodeGap=30 edgeGap=20 componentGap=60 placement=NETWORK_SIMPLEX compaction=NONE labelLayer=MEDIAN_LAYER layering=NETWORK_SIMPLEX inline=false rootPadding=40 leafRatio=1.6 mode=ports direction=DOWN inner=RIGHT wrap=MULTI_EDGE innerRatio=4.5"
mise-en-service,elk,avant,,0.344,4.13,4.51,5.16,3.07,0.682,0.103,1.210,36,"rapport 1.210 hors de [4:3 ; 16:9]","layerGap=300 rootLayerGap=90 edgeLayerGap=30 nodeGap=48 edgeNodeGap=30 edgeGap=20 componentGap=60 placement=NETWORK_SIMPLEX compaction=NONE labelLayer=MEDIAN_LAYER layering=NETWORK_SIMPLEX inline=false rootPadding=40 leafRatio=1.6 mode=ports direction=DOWN inner=RIGHT wrap=MULTI_EDGE innerRatio=3"
architecture-sauvegardes,elk,1,109,0.263,3.16,3.44,3.94,2.17,0.622,0.127,1.609,418,vertes,"mode=frame direction=RIGHT inner=RIGHT split=all portSide=free layerGap=30 nodeGap=24 rootPadding=12 frame=north:USER/south:SUD_ADMIN/anchor:OVH_CLUSTER/band:Z_GHX,OVH_CLUSTER,BUCKETS_OVH,EXT_REGION plan=Z_GHX:[object Object]/GH_PILOTAGE:[object Object]/HORS_GH:[object Object]/OVH_CLUSTER:[object Object]/immo_tenant:[object Object]/geo_tenant:[object Object]/BUCKETS_OVH:[object Object]/S3_IMMO:[object Object]/S3_GEO:[object Object]/EXT_REGION:[object Object]/SUD_ADMIN:[object Object] frameMargin=24"
architecture-sauvegardes,elk,1,123,0.262,3.14,3.42,3.92,2.11,0.620,0.123,1.642,418,vertes,"mode=frame direction=RIGHT inner=RIGHT split=all portSide=free layerGap=30 nodeGap=48 rootPadding=12 frame=north:USER/south:SUD_ADMIN/anchor:OVH_CLUSTER/band:Z_GHX,OVH_CLUSTER,BUCKETS_OVH,EXT_REGION plan=Z_GHX:[object Object]/GH_PILOTAGE:[object Object]/HORS_GH:[object Object]/OVH_CLUSTER:[object Object]/immo_tenant:[object Object]/geo_tenant:[object Object]/BUCKETS_OVH:[object Object]/S3_IMMO:[object Object]/S3_GEO:[object Object]/EXT_REGION:[object Object]/SUD_ADMIN:[object Object] frameMargin=24"
architecture-sauvegardes,elk,1,110,0.263,3.16,3.44,3.94,2.17,0.628,0.127,1.609,418,vertes,"mode=frame direction=RIGHT inner=RIGHT split=all portSide=free layerGap=60 nodeGap=24 rootPadding=12 frame=north:USER/south:SUD_ADMIN/anchor:OVH_CLUSTER/band:Z_GHX,OVH_CLUSTER,BUCKETS_OVH,EXT_REGION plan=Z_GHX:[object Object]/GH_PILOTAGE:[object Object]/HORS_GH:[object Object]/OVH_CLUSTER:[object Object]/immo_tenant:[object Object]/geo_tenant:[object Object]/BUCKETS_OVH:[object Object]/S3_IMMO:[object Object]/S3_GEO:[object Object]/EXT_REGION:[object Object]/SUD_ADMIN:[object Object] frameMargin=24"
architecture-sauvegardes,elk,1,126,0.262,3.14,3.42,3.92,2.11,0.626,0.123,1.642,418,vertes,"mode=frame direction=RIGHT inner=RIGHT split=all portSide=free layerGap=60 nodeGap=48 rootPadding=12 frame=north:USER/south:SUD_ADMIN/anchor:OVH_CLUSTER/band:Z_GHX,OVH_CLUSTER,BUCKETS_OVH,EXT_REGION plan=Z_GHX:[object Object]/GH_PILOTAGE:[object Object]/HORS_GH:[object Object]/OVH_CLUSTER:[object Object]/immo_tenant:[object Object]/geo_tenant:[object Object]/BUCKETS_OVH:[object Object]/S3_IMMO:[object Object]/S3_GEO:[object Object]/EXT_REGION:[object Object]/SUD_ADMIN:[object Object] frameMargin=24"
architecture-sauvegardes,elk,1,,0.239,2.87,3.13,3.58,2.11,0.617,0.112,1.505,433,"geo_tenant : geo_pp pas à l'ouest de geo_pr","mode=frame direction=RIGHT inner=RIGHT split=all portSide=fixed layerGap=30 nodeGap=24 rootPadding=12 frame=north:USER/south:SUD_ADMIN/anchor:OVH_CLUSTER/band:Z_GHX,OVH_CLUSTER,BUCKETS_OVH,EXT_REGION plan=Z_GHX:[object Object]/GH_PILOTAGE:[object Object]/HORS_GH:[object Object]/OVH_CLUSTER:[object Object]/immo_tenant:[object Object]/geo_tenant:[object Object]/BUCKETS_OVH:[object Object]/S3_IMMO:[object Object]/S3_GEO:[object Object]/EXT_REGION:[object Object]/SUD_ADMIN:[object Object] frameMargin=24"
architecture-sauvegardes,elk,1,,0.238,2.86,3.12,3.57,2.04,0.619,0.108,1.545,433,"geo_tenant : geo_pp pas à l'ouest de geo_pr","mode=frame direction=RIGHT inner=RIGHT split=all portSide=fixed layerGap=30 nodeGap=48 rootPadding=12 frame=north:USER/south:SUD_ADMIN/anchor:OVH_CLUSTER/band:Z_GHX,OVH_CLUSTER,BUCKETS_OVH,EXT_REGION plan=Z_GHX:[object Object]/GH_PILOTAGE:[object Object]/HORS_GH:[object Object]/OVH_CLUSTER:[object Object]/immo_tenant:[object Object]/geo_tenant:[object Object]/BUCKETS_OVH:[object Object]/S3_IMMO:[object Object]/S3_GEO:[object Object]/EXT_REGION:[object Object]/SUD_ADMIN:[object Object] frameMargin=24"
architecture-sauvegardes,elk,1,,0.238,2.85,3.11,3.56,2.11,0.617,0.111,1.496,433,"geo_tenant : geo_pp pas à l'ouest de geo_pr","mode=frame direction=RIGHT inner=RIGHT split=all portSide=fixed layerGap=60 nodeGap=24 rootPadding=12 frame=north:USER/south:SUD_ADMIN/anchor:OVH_CLUSTER/band:Z_GHX,OVH_CLUSTER,BUCKETS_OVH,EXT_REGION plan=Z_GHX:[object Object]/GH_PILOTAGE:[object Object]/HORS_GH:[object Object]/OVH_CLUSTER:[object Object]/immo_tenant:[object Object]/geo_tenant:[object Object]/BUCKETS_OVH:[object Object]/S3_IMMO:[object Object]/S3_GEO:[object Object]/EXT_REGION:[object Object]/SUD_ADMIN:[object Object] frameMargin=24"
architecture-sauvegardes,elk,1,,0.237,2.84,3.10,3.54,2.04,0.620,0.108,1.536,433,"geo_tenant : geo_pp pas à l'ouest de geo_pr","mode=frame direction=RIGHT inner=RIGHT split=all portSide=fixed layerGap=60 nodeGap=48 rootPadding=12 frame=north:USER/south:SUD_ADMIN/anchor:OVH_CLUSTER/band:Z_GHX,OVH_CLUSTER,BUCKETS_OVH,EXT_REGION plan=Z_GHX:[object Object]/GH_PILOTAGE:[object Object]/HORS_GH:[object Object]/OVH_CLUSTER:[object Object]/immo_tenant:[object Object]/geo_tenant:[object Object]/BUCKETS_OVH:[object Object]/S3_IMMO:[object Object]/S3_GEO:[object Object]/EXT_REGION:[object Object]/SUD_ADMIN:[object Object] frameMargin=24"
architecture-sauvegardes,elk,1,,0.263,3.16,3.44,3.94,2.17,0.616,0.127,1.609,430,"HORS_GH : ALT_TEM et CF_LE côte à côte","mode=frame direction=RIGHT inner=DOWN split=all portSide=free layerGap=30 nodeGap=24 rootPadding=12 frame=north:USER/south:SUD_ADMIN/anchor:OVH_CLUSTER/band:Z_GHX,OVH_CLUSTER,BUCKETS_OVH,EXT_REGION plan=Z_GHX:[object Object]/GH_PILOTAGE:[object Object]/HORS_GH:[object Object]/OVH_CLUSTER:[object Object]/immo_tenant:[object Object]/geo_tenant:[object Object]/BUCKETS_OVH:[object Object]/S3_IMMO:[object Object]/S3_GEO:[object Object]/EXT_REGION:[object Object]/SUD_ADMIN:[object Object] frameMargin=24"
architecture-sauvegardes,elk,1,,0.262,3.14,3.42,3.92,2.11,0.614,0.123,1.642,430,"HORS_GH : ALT_TEM et CF_LE côte à côte","mode=frame direction=RIGHT inner=DOWN split=all portSide=free layerGap=30 nodeGap=48 rootPadding=12 frame=north:USER/south:SUD_ADMIN/anchor:OVH_CLUSTER/band:Z_GHX,OVH_CLUSTER,BUCKETS_OVH,EXT_REGION plan=Z_GHX:[object Object]/GH_PILOTAGE:[object Object]/HORS_GH:[object Object]/OVH_CLUSTER:[object Object]/immo_tenant:[object Object]/geo_tenant:[object Object]/BUCKETS_OVH:[object Object]/S3_IMMO:[object Object]/S3_GEO:[object Object]/EXT_REGION:[object Object]/SUD_ADMIN:[object Object] frameMargin=24"
architecture-sauvegardes,elk,1,,0.263,3.16,3.44,3.94,2.17,0.622,0.127,1.609,430,"HORS_GH : ALT_TEM et CF_LE côte à côte","mode=frame direction=RIGHT inner=DOWN split=all portSide=free layerGap=60 nodeGap=24 rootPadding=12 frame=north:USER/south:SUD_ADMIN/anchor:OVH_CLUSTER/band:Z_GHX,OVH_CLUSTER,BUCKETS_OVH,EXT_REGION plan=Z_GHX:[object Object]/GH_PILOTAGE:[object Object]/HORS_GH:[object Object]/OVH_CLUSTER:[object Object]/immo_tenant:[object Object]/geo_tenant:[object Object]/BUCKETS_OVH:[object Object]/S3_IMMO:[object Object]/S3_GEO:[object Object]/EXT_REGION:[object Object]/SUD_ADMIN:[object Object] frameMargin=24"
architecture-sauvegardes,elk,1,,0.262,3.14,3.42,3.92,2.11,0.620,0.123,1.642,430,"HORS_GH : ALT_TEM et CF_LE côte à côte","mode=frame direction=RIGHT inner=DOWN split=all portSide=free layerGap=60 nodeGap=48 rootPadding=12 frame=north:USER/south:SUD_ADMIN/anchor:OVH_CLUSTER/band:Z_GHX,OVH_CLUSTER,BUCKETS_OVH,EXT_REGION plan=Z_GHX:[object Object]/GH_PILOTAGE:[object Object]/HORS_GH:[object Object]/OVH_CLUSTER:[object Object]/immo_tenant:[object Object]/geo_tenant:[object Object]/BUCKETS_OVH:[object Object]/S3_IMMO:[object Object]/S3_GEO:[object Object]/EXT_REGION:[object Object]/SUD_ADMIN:[object Object] frameMargin=24"
architecture-sauvegardes,elk,1,,0.234,2.81,3.06,3.50,2.08,0.604,0.110,1.472,448,"HORS_GH : ALT_TEM et CF_LE côte à côte","mode=frame direction=RIGHT inner=DOWN split=all portSide=fixed layerGap=30 nodeGap=24 rootPadding=12 frame=north:USER/south:SUD_ADMIN/anchor:OVH_CLUSTER/band:Z_GHX,OVH_CLUSTER,BUCKETS_OVH,EXT_REGION plan=Z_GHX:[object Object]/GH_PILOTAGE:[object Object]/HORS_GH:[object Object]/OVH_CLUSTER:[object Object]/immo_tenant:[object Object]/geo_tenant:[object Object]/BUCKETS_OVH:[object Object]/S3_IMMO:[object Object]/S3_GEO:[object Object]/EXT_REGION:[object Object]/SUD_ADMIN:[object Object] frameMargin=24"
architecture-sauvegardes,elk,1,,0.233,2.79,3.05,3.49,2.04,0.607,0.106,1.512,448,"HORS_GH : ALT_TEM et CF_LE côte à côte","mode=frame direction=RIGHT inner=DOWN split=all portSide=fixed layerGap=30 nodeGap=48 rootPadding=12 frame=north:USER/south:SUD_ADMIN/anchor:OVH_CLUSTER/band:Z_GHX,OVH_CLUSTER,BUCKETS_OVH,EXT_REGION plan=Z_GHX:[object Object]/GH_PILOTAGE:[object Object]/HORS_GH:[object Object]/OVH_CLUSTER:[object Object]/immo_tenant:[object Object]/geo_tenant:[object Object]/BUCKETS_OVH:[object Object]/S3_IMMO:[object Object]/S3_GEO:[object Object]/EXT_REGION:[object Object]/SUD_ADMIN:[object Object] frameMargin=24"
architecture-sauvegardes,elk,1,,0.234,2.81,3.06,3.50,2.08,0.607,0.110,1.472,448,"HORS_GH : ALT_TEM et CF_LE côte à côte","mode=frame direction=RIGHT inner=DOWN split=all portSide=fixed layerGap=60 nodeGap=24 rootPadding=12 frame=north:USER/south:SUD_ADMIN/anchor:OVH_CLUSTER/band:Z_GHX,OVH_CLUSTER,BUCKETS_OVH,EXT_REGION plan=Z_GHX:[object Object]/GH_PILOTAGE:[object Object]/HORS_GH:[object Object]/OVH_CLUSTER:[object Object]/immo_tenant:[object Object]/geo_tenant:[object Object]/BUCKETS_OVH:[object Object]/S3_IMMO:[object Object]/S3_GEO:[object Object]/EXT_REGION:[object Object]/SUD_ADMIN:[object Object] frameMargin=24"
architecture-sauvegardes,elk,1,,0.233,2.79,3.05,3.49,2.04,0.610,0.106,1.512,448,"HORS_GH : ALT_TEM et CF_LE côte à côte","mode=frame direction=RIGHT inner=DOWN split=all portSide=fixed layerGap=60 nodeGap=48 rootPadding=12 frame=north:USER/south:SUD_ADMIN/anchor:OVH_CLUSTER/band:Z_GHX,OVH_CLUSTER,BUCKETS_OVH,EXT_REGION plan=Z_GHX:[object Object]/GH_PILOTAGE:[object Object]/HORS_GH:[object Object]/OVH_CLUSTER:[object Object]/immo_tenant:[object Object]/geo_tenant:[object Object]/BUCKETS_OVH:[object Object]/S3_IMMO:[object Object]/S3_GEO:[object Object]/EXT_REGION:[object Object]/SUD_ADMIN:[object Object] frameMargin=24"
architecture-sauvegardes,elk,2,145,0.255,3.18,3.47,3.97,2.04,0.623,0.120,1.727,418,vertes,"mode=frame direction=RIGHT inner=RIGHT split=all portSide=free layerGap=30 nodeGap=24 rootPadding=12 frame=north:USER/south:SUD_ADMIN/anchor:OVH_CLUSTER/band:Z_GHX,OVH_CLUSTER,BUCKETS_OVH,EXT_REGION plan=Z_GHX:[object Object]/GH_PILOTAGE:[object Object]/HORS_GH:[object Object]/OVH_CLUSTER:[object Object]/immo_tenant:[object Object]/geo_tenant:[object Object]/BUCKETS_OVH:[object Object]/S3_IMMO:[object Object]/S3_GEO:[object Object]/EXT_REGION:[object Object]/SUD_ADMIN:[object Object] frameMargin=16 placement=NETWORK_SIMPLEX compaction=NONE ratioHigh=1.7478 edgeLayerGap=30 edgeNodeGap=30 edgeGap=20 componentGap=60"
architecture-sauvegardes,elk,2,146,0.255,3.18,3.47,3.97,2.04,0.623,0.120,1.727,418,vertes,"mode=frame direction=RIGHT inner=RIGHT split=all portSide=free layerGap=30 nodeGap=24 rootPadding=12 frame=north:USER/south:SUD_ADMIN/anchor:OVH_CLUSTER/band:Z_GHX,OVH_CLUSTER,BUCKETS_OVH,EXT_REGION plan=Z_GHX:[object Object]/GH_PILOTAGE:[object Object]/HORS_GH:[object Object]/OVH_CLUSTER:[object Object]/immo_tenant:[object Object]/geo_tenant:[object Object]/BUCKETS_OVH:[object Object]/S3_IMMO:[object Object]/S3_GEO:[object Object]/EXT_REGION:[object Object]/SUD_ADMIN:[object Object] frameMargin=16 placement=NETWORK_SIMPLEX compaction=NONE ratioHigh=1.775 edgeLayerGap=30 edgeNodeGap=30 edgeGap=20 componentGap=60"
architecture-sauvegardes,elk,2,165,0.254,3.18,3.47,3.97,2.03,0.620,0.120,1.734,418,vertes,"mode=frame direction=RIGHT inner=RIGHT split=all portSide=free layerGap=30 nodeGap=24 rootPadding=12 frame=north:USER/south:SUD_ADMIN/anchor:OVH_CLUSTER/band:Z_GHX,OVH_CLUSTER,BUCKETS_OVH,EXT_REGION plan=Z_GHX:[object Object]/GH_PILOTAGE:[object Object]/HORS_GH:[object Object]/OVH_CLUSTER:[object Object]/immo_tenant:[object Object]/geo_tenant:[object Object]/BUCKETS_OVH:[object Object]/S3_IMMO:[object Object]/S3_GEO:[object Object]/EXT_REGION:[object Object]/SUD_ADMIN:[object Object] frameMargin=24 placement=NETWORK_SIMPLEX compaction=NONE ratioHigh=1.7478 edgeLayerGap=30 edgeNodeGap=30 edgeGap=20 componentGap=60"
architecture-sauvegardes,elk,2,166,0.254,3.18,3.47,3.97,2.03,0.620,0.120,1.734,418,vertes,"mode=frame direction=RIGHT inner=RIGHT split=all portSide=free layerGap=30 nodeGap=24 rootPadding=12 frame=north:USER/south:SUD_ADMIN/anchor:OVH_CLUSTER/band:Z_GHX,OVH_CLUSTER,BUCKETS_OVH,EXT_REGION plan=Z_GHX:[object Object]/GH_PILOTAGE:[object Object]/HORS_GH:[object Object]/OVH_CLUSTER:[object Object]/immo_tenant:[object Object]/geo_tenant:[object Object]/BUCKETS_OVH:[object Object]/S3_IMMO:[object Object]/S3_GEO:[object Object]/EXT_REGION:[object Object]/SUD_ADMIN:[object Object] frameMargin=24 placement=NETWORK_SIMPLEX compaction=NONE ratioHigh=1.775 edgeLayerGap=30 edgeNodeGap=30 edgeGap=20 componentGap=60"
architecture-sauvegardes,elk,2,186,0.252,3.18,3.47,3.97,2.01,0.615,0.119,1.748,418,vertes,"mode=frame direction=RIGHT inner=RIGHT split=all portSide=free layerGap=30 nodeGap=24 rootPadding=12 frame=north:USER/south:SUD_ADMIN/anchor:OVH_CLUSTER/band:Z_GHX,OVH_CLUSTER,BUCKETS_OVH,EXT_REGION plan=Z_GHX:[object Object]/GH_PILOTAGE:[object Object]/HORS_GH:[object Object]/OVH_CLUSTER:[object Object]/immo_tenant:[object Object]/geo_tenant:[object Object]/BUCKETS_OVH:[object Object]/S3_IMMO:[object Object]/S3_GEO:[object Object]/EXT_REGION:[object Object]/SUD_ADMIN:[object Object] frameMargin=40 placement=NETWORK_SIMPLEX compaction=NONE ratioHigh=1.7478 edgeLayerGap=30 edgeNodeGap=30 edgeGap=20 componentGap=60"
architecture-sauvegardes,elk,2,183,0.252,3.18,3.47,3.97,2.01,0.615,0.119,1.748,418,vertes,"mode=frame direction=RIGHT inner=RIGHT split=all portSide=free layerGap=30 nodeGap=24 rootPadding=12 frame=north:USER/south:SUD_ADMIN/anchor:OVH_CLUSTER/band:Z_GHX,OVH_CLUSTER,BUCKETS_OVH,EXT_REGION plan=Z_GHX:[object Object]/GH_PILOTAGE:[object Object]/HORS_GH:[object Object]/OVH_CLUSTER:[object Object]/immo_tenant:[object Object]/geo_tenant:[object Object]/BUCKETS_OVH:[object Object]/S3_IMMO:[object Object]/S3_GEO:[object Object]/EXT_REGION:[object Object]/SUD_ADMIN:[object Object] frameMargin=40 placement=NETWORK_SIMPLEX compaction=NONE ratioHigh=1.775 edgeLayerGap=30 edgeNodeGap=30 edgeGap=20 componentGap=60"
architecture-sauvegardes,elk,2,5,0.288,3.50,3.82,4.37,2.30,0.604,0.150,1.682,416,vertes,"mode=frame direction=RIGHT inner=RIGHT split=all portSide=free layerGap=30 nodeGap=24 rootPadding=12 frame=north:USER/south:SUD_ADMIN/anchor:OVH_CLUSTER/band:Z_GHX,OVH_CLUSTER,BUCKETS_OVH,EXT_REGION plan=Z_GHX:[object Object]/GH_PILOTAGE:[object Object]/HORS_GH:[object Object]/OVH_CLUSTER:[object Object]/immo_tenant:[object Object]/geo_tenant:[object Object]/BUCKETS_OVH:[object Object]/S3_IMMO:[object Object]/S3_GEO:[object Object]/EXT_REGION:[object Object]/SUD_ADMIN:[object Object] frameMargin=16 placement=NETWORK_SIMPLEX compaction=NONE ratioHigh=1.7478 edgeLayerGap=15 edgeNodeGap=15 edgeGap=10 componentGap=24"
architecture-sauvegardes,elk,2,6,0.288,3.50,3.82,4.37,2.30,0.604,0.150,1.682,416,vertes,"mode=frame direction=RIGHT inner=RIGHT split=all portSide=free layerGap=30 nodeGap=24 rootPadding=12 frame=north:USER/south:SUD_ADMIN/anchor:OVH_CLUSTER/band:Z_GHX,OVH_CLUSTER,BUCKETS_OVH,EXT_REGION plan=Z_GHX:[object Object]/GH_PILOTAGE:[object Object]/HORS_GH:[object Object]/OVH_CLUSTER:[object Object]/immo_tenant:[object Object]/geo_tenant:[object Object]/BUCKETS_OVH:[object Object]/S3_IMMO:[object Object]/S3_GEO:[object Object]/EXT_REGION:[object Object]/SUD_ADMIN:[object Object] frameMargin=16 placement=NETWORK_SIMPLEX compaction=NONE ratioHigh=1.775 edgeLayerGap=15 edgeNodeGap=15 edgeGap=10 componentGap=24"
architecture-sauvegardes,elk,2,25,0.287,3.50,3.82,4.37,2.29,0.601,0.149,1.690,416,vertes,"mode=frame direction=RIGHT inner=RIGHT split=all portSide=free layerGap=30 nodeGap=24 rootPadding=12 frame=north:USER/south:SUD_ADMIN/anchor:OVH_CLUSTER/band:Z_GHX,OVH_CLUSTER,BUCKETS_OVH,EXT_REGION plan=Z_GHX:[object Object]/GH_PILOTAGE:[object Object]/HORS_GH:[object Object]/OVH_CLUSTER:[object Object]/immo_tenant:[object Object]/geo_tenant:[object Object]/BUCKETS_OVH:[object Object]/S3_IMMO:[object Object]/S3_GEO:[object Object]/EXT_REGION:[object Object]/SUD_ADMIN:[object Object] frameMargin=24 placement=NETWORK_SIMPLEX compaction=NONE ratioHigh=1.7478 edgeLayerGap=15 edgeNodeGap=15 edgeGap=10 componentGap=24"
architecture-sauvegardes,elk,2,26,0.287,3.50,3.82,4.37,2.29,0.601,0.149,1.690,416,vertes,"mode=frame direction=RIGHT inner=RIGHT split=all portSide=free layerGap=30 nodeGap=24 rootPadding=12 frame=north:USER/south:SUD_ADMIN/anchor:OVH_CLUSTER/band:Z_GHX,OVH_CLUSTER,BUCKETS_OVH,EXT_REGION plan=Z_GHX:[object Object]/GH_PILOTAGE:[object Object]/HORS_GH:[object Object]/OVH_CLUSTER:[object Object]/immo_tenant:[object Object]/geo_tenant:[object Object]/BUCKETS_OVH:[object Object]/S3_IMMO:[object Object]/S3_GEO:[object Object]/EXT_REGION:[object Object]/SUD_ADMIN:[object Object] frameMargin=24 placement=NETWORK_SIMPLEX compaction=NONE ratioHigh=1.775 edgeLayerGap=15 edgeNodeGap=15 edgeGap=10 componentGap=24"
architecture-sauvegardes,elk,2,53,0.284,3.50,3.82,4.37,2.27,0.596,0.148,1.706,416,vertes,"mode=frame direction=RIGHT inner=RIGHT split=all portSide=free layerGap=30 nodeGap=24 rootPadding=12 frame=north:USER/south:SUD_ADMIN/anchor:OVH_CLUSTER/band:Z_GHX,OVH_CLUSTER,BUCKETS_OVH,EXT_REGION plan=Z_GHX:[object Object]/GH_PILOTAGE:[object Object]/HORS_GH:[object Object]/OVH_CLUSTER:[object Object]/immo_tenant:[object Object]/geo_tenant:[object Object]/BUCKETS_OVH:[object Object]/S3_IMMO:[object Object]/S3_GEO:[object Object]/EXT_REGION:[object Object]/SUD_ADMIN:[object Object] frameMargin=40 placement=NETWORK_SIMPLEX compaction=NONE ratioHigh=1.7478 edgeLayerGap=15 edgeNodeGap=15 edgeGap=10 componentGap=24"
architecture-sauvegardes,elk,2,54,0.284,3.50,3.82,4.37,2.27,0.596,0.148,1.706,416,vertes,"mode=frame direction=RIGHT inner=RIGHT split=all portSide=free layerGap=30 nodeGap=24 rootPadding=12 frame=north:USER/south:SUD_ADMIN/anchor:OVH_CLUSTER/band:Z_GHX,OVH_CLUSTER,BUCKETS_OVH,EXT_REGION plan=Z_GHX:[object Object]/GH_PILOTAGE:[object Object]/HORS_GH:[object Object]/OVH_CLUSTER:[object Object]/immo_tenant:[object Object]/geo_tenant:[object Object]/BUCKETS_OVH:[object Object]/S3_IMMO:[object Object]/S3_GEO:[object Object]/EXT_REGION:[object Object]/SUD_ADMIN:[object Object] frameMargin=40 placement=NETWORK_SIMPLEX compaction=NONE ratioHigh=1.775 edgeLayerGap=15 edgeNodeGap=15 edgeGap=10 componentGap=24"
architecture-sauvegardes,elk,2,147,0.255,3.18,3.47,3.97,2.04,0.623,0.120,1.727,418,vertes,"mode=frame direction=RIGHT inner=RIGHT split=all portSide=free layerGap=30 nodeGap=24 rootPadding=12 frame=north:USER/south:SUD_ADMIN/anchor:OVH_CLUSTER/band:Z_GHX,OVH_CLUSTER,BUCKETS_OVH,EXT_REGION plan=Z_GHX:[object Object]/GH_PILOTAGE:[object Object]/HORS_GH:[object Object]/OVH_CLUSTER:[object Object]/immo_tenant:[object Object]/geo_tenant:[object Object]/BUCKETS_OVH:[object Object]/S3_IMMO:[object Object]/S3_GEO:[object Object]/EXT_REGION:[object Object]/SUD_ADMIN:[object Object] frameMargin=16 placement=NETWORK_SIMPLEX compaction=EDGE_LENGTH ratioHigh=1.7478 edgeLayerGap=30 edgeNodeGap=30 edgeGap=20 componentGap=60"
architecture-sauvegardes,elk,2,148,0.255,3.18,3.47,3.97,2.04,0.623,0.120,1.727,418,vertes,"mode=frame direction=RIGHT inner=RIGHT split=all portSide=free layerGap=30 nodeGap=24 rootPadding=12 frame=north:USER/south:SUD_ADMIN/anchor:OVH_CLUSTER/band:Z_GHX,OVH_CLUSTER,BUCKETS_OVH,EXT_REGION plan=Z_GHX:[object Object]/GH_PILOTAGE:[object Object]/HORS_GH:[object Object]/OVH_CLUSTER:[object Object]/immo_tenant:[object Object]/geo_tenant:[object Object]/BUCKETS_OVH:[object Object]/S3_IMMO:[object Object]/S3_GEO:[object Object]/EXT_REGION:[object Object]/SUD_ADMIN:[object Object] frameMargin=16 placement=NETWORK_SIMPLEX compaction=EDGE_LENGTH ratioHigh=1.775 edgeLayerGap=30 edgeNodeGap=30 edgeGap=20 componentGap=60"
architecture-sauvegardes,elk,2,167,0.254,3.18,3.47,3.97,2.03,0.620,0.120,1.734,418,vertes,"mode=frame direction=RIGHT inner=RIGHT split=all portSide=free layerGap=30 nodeGap=24 rootPadding=12 frame=north:USER/south:SUD_ADMIN/anchor:OVH_CLUSTER/band:Z_GHX,OVH_CLUSTER,BUCKETS_OVH,EXT_REGION plan=Z_GHX:[object Object]/GH_PILOTAGE:[object Object]/HORS_GH:[object Object]/OVH_CLUSTER:[object Object]/immo_tenant:[object Object]/geo_tenant:[object Object]/BUCKETS_OVH:[object Object]/S3_IMMO:[object Object]/S3_GEO:[object Object]/EXT_REGION:[object Object]/SUD_ADMIN:[object Object] frameMargin=24 placement=NETWORK_SIMPLEX compaction=EDGE_LENGTH ratioHigh=1.7478 edgeLayerGap=30 edgeNodeGap=30 edgeGap=20 componentGap=60"
architecture-sauvegardes,elk,2,168,0.254,3.18,3.47,3.97,2.03,0.620,0.120,1.734,418,vertes,"mode=frame direction=RIGHT inner=RIGHT split=all portSide=free layerGap=30 nodeGap=24 rootPadding=12 frame=north:USER/south:SUD_ADMIN/anchor:OVH_CLUSTER/band:Z_GHX,OVH_CLUSTER,BUCKETS_OVH,EXT_REGION plan=Z_GHX:[object Object]/GH_PILOTAGE:[object Object]/HORS_GH:[object Object]/OVH_CLUSTER:[object Object]/immo_tenant:[object Object]/geo_tenant:[object Object]/BUCKETS_OVH:[object Object]/S3_IMMO:[object Object]/S3_GEO:[object Object]/EXT_REGION:[object Object]/SUD_ADMIN:[object Object] frameMargin=24 placement=NETWORK_SIMPLEX compaction=EDGE_LENGTH ratioHigh=1.775 edgeLayerGap=30 edgeNodeGap=30 edgeGap=20 componentGap=60"
architecture-sauvegardes,elk,2,187,0.252,3.18,3.47,3.97,2.01,0.615,0.119,1.748,418,vertes,"mode=frame direction=RIGHT inner=RIGHT split=all portSide=free layerGap=30 nodeGap=24 rootPadding=12 frame=north:USER/south:SUD_ADMIN/anchor:OVH_CLUSTER/band:Z_GHX,OVH_CLUSTER,BUCKETS_OVH,EXT_REGION plan=Z_GHX:[object Object]/GH_PILOTAGE:[object Object]/HORS_GH:[object Object]/OVH_CLUSTER:[object Object]/immo_tenant:[object Object]/geo_tenant:[object Object]/BUCKETS_OVH:[object Object]/S3_IMMO:[object Object]/S3_GEO:[object Object]/EXT_REGION:[object Object]/SUD_ADMIN:[object Object] frameMargin=40 placement=NETWORK_SIMPLEX compaction=EDGE_LENGTH ratioHigh=1.7478 edgeLayerGap=30 edgeNodeGap=30 edgeGap=20 componentGap=60"
architecture-sauvegardes,elk,2,184,0.252,3.18,3.47,3.97,2.01,0.615,0.119,1.748,418,vertes,"mode=frame direction=RIGHT inner=RIGHT split=all portSide=free layerGap=30 nodeGap=24 rootPadding=12 frame=north:USER/south:SUD_ADMIN/anchor:OVH_CLUSTER/band:Z_GHX,OVH_CLUSTER,BUCKETS_OVH,EXT_REGION plan=Z_GHX:[object Object]/GH_PILOTAGE:[object Object]/HORS_GH:[object Object]/OVH_CLUSTER:[object Object]/immo_tenant:[object Object]/geo_tenant:[object Object]/BUCKETS_OVH:[object Object]/S3_IMMO:[object Object]/S3_GEO:[object Object]/EXT_REGION:[object Object]/SUD_ADMIN:[object Object] frameMargin=40 placement=NETWORK_SIMPLEX compaction=EDGE_LENGTH ratioHigh=1.775 edgeLayerGap=30 edgeNodeGap=30 edgeGap=20 componentGap=60"
architecture-sauvegardes,elk,2,7,0.288,3.50,3.82,4.37,2.30,0.604,0.150,1.682,416,vertes,"mode=frame direction=RIGHT inner=RIGHT split=all portSide=free layerGap=30 nodeGap=24 rootPadding=12 frame=north:USER/south:SUD_ADMIN/anchor:OVH_CLUSTER/band:Z_GHX,OVH_CLUSTER,BUCKETS_OVH,EXT_REGION plan=Z_GHX:[object Object]/GH_PILOTAGE:[object Object]/HORS_GH:[object Object]/OVH_CLUSTER:[object Object]/immo_tenant:[object Object]/geo_tenant:[object Object]/BUCKETS_OVH:[object Object]/S3_IMMO:[object Object]/S3_GEO:[object Object]/EXT_REGION:[object Object]/SUD_ADMIN:[object Object] frameMargin=16 placement=NETWORK_SIMPLEX compaction=EDGE_LENGTH ratioHigh=1.7478 edgeLayerGap=15 edgeNodeGap=15 edgeGap=10 componentGap=24"
architecture-sauvegardes,elk,2,8,0.288,3.50,3.82,4.37,2.30,0.604,0.150,1.682,416,vertes,"mode=frame direction=RIGHT inner=RIGHT split=all portSide=free layerGap=30 nodeGap=24 rootPadding=12 frame=north:USER/south:SUD_ADMIN/anchor:OVH_CLUSTER/band:Z_GHX,OVH_CLUSTER,BUCKETS_OVH,EXT_REGION plan=Z_GHX:[object Object]/GH_PILOTAGE:[object Object]/HORS_GH:[object Object]/OVH_CLUSTER:[object Object]/immo_tenant:[object Object]/geo_tenant:[object Object]/BUCKETS_OVH:[object Object]/S3_IMMO:[object Object]/S3_GEO:[object Object]/EXT_REGION:[object Object]/SUD_ADMIN:[object Object] frameMargin=16 placement=NETWORK_SIMPLEX compaction=EDGE_LENGTH ratioHigh=1.775 edgeLayerGap=15 edgeNodeGap=15 edgeGap=10 componentGap=24"
architecture-sauvegardes,elk,2,27,0.287,3.50,3.82,4.37,2.29,0.601,0.149,1.690,416,vertes,"mode=frame direction=RIGHT inner=RIGHT split=all portSide=free layerGap=30 nodeGap=24 rootPadding=12 frame=north:USER/south:SUD_ADMIN/anchor:OVH_CLUSTER/band:Z_GHX,OVH_CLUSTER,BUCKETS_OVH,EXT_REGION plan=Z_GHX:[object Object]/GH_PILOTAGE:[object Object]/HORS_GH:[object Object]/OVH_CLUSTER:[object Object]/immo_tenant:[object Object]/geo_tenant:[object Object]/BUCKETS_OVH:[object Object]/S3_IMMO:[object Object]/S3_GEO:[object Object]/EXT_REGION:[object Object]/SUD_ADMIN:[object Object] frameMargin=24 placement=NETWORK_SIMPLEX compaction=EDGE_LENGTH ratioHigh=1.7478 edgeLayerGap=15 edgeNodeGap=15 edgeGap=10 componentGap=24"
architecture-sauvegardes,elk,2,28,0.287,3.50,3.82,4.37,2.29,0.601,0.149,1.690,416,vertes,"mode=frame direction=RIGHT inner=RIGHT split=all portSide=free layerGap=30 nodeGap=24 rootPadding=12 frame=north:USER/south:SUD_ADMIN/anchor:OVH_CLUSTER/band:Z_GHX,OVH_CLUSTER,BUCKETS_OVH,EXT_REGION plan=Z_GHX:[object Object]/GH_PILOTAGE:[object Object]/HORS_GH:[object Object]/OVH_CLUSTER:[object Object]/immo_tenant:[object Object]/geo_tenant:[object Object]/BUCKETS_OVH:[object Object]/S3_IMMO:[object Object]/S3_GEO:[object Object]/EXT_REGION:[object Object]/SUD_ADMIN:[object Object] frameMargin=24 placement=NETWORK_SIMPLEX compaction=EDGE_LENGTH ratioHigh=1.775 edgeLayerGap=15 edgeNodeGap=15 edgeGap=10 componentGap=24"
architecture-sauvegardes,elk,2,55,0.284,3.50,3.82,4.37,2.27,0.596,0.148,1.706,416,vertes,"mode=frame direction=RIGHT inner=RIGHT split=all portSide=free layerGap=30 nodeGap=24 rootPadding=12 frame=north:USER/south:SUD_ADMIN/anchor:OVH_CLUSTER/band:Z_GHX,OVH_CLUSTER,BUCKETS_OVH,EXT_REGION plan=Z_GHX:[object Object]/GH_PILOTAGE:[object Object]/HORS_GH:[object Object]/OVH_CLUSTER:[object Object]/immo_tenant:[object Object]/geo_tenant:[object Object]/BUCKETS_OVH:[object Object]/S3_IMMO:[object Object]/S3_GEO:[object Object]/EXT_REGION:[object Object]/SUD_ADMIN:[object Object] frameMargin=40 placement=NETWORK_SIMPLEX compaction=EDGE_LENGTH ratioHigh=1.7478 edgeLayerGap=15 edgeNodeGap=15 edgeGap=10 componentGap=24"
architecture-sauvegardes,elk,2,56,0.284,3.50,3.82,4.37,2.27,0.596,0.148,1.706,416,vertes,"mode=frame direction=RIGHT inner=RIGHT split=all portSide=free layerGap=30 nodeGap=24 rootPadding=12 frame=north:USER/south:SUD_ADMIN/anchor:OVH_CLUSTER/band:Z_GHX,OVH_CLUSTER,BUCKETS_OVH,EXT_REGION plan=Z_GHX:[object Object]/GH_PILOTAGE:[object Object]/HORS_GH:[object Object]/OVH_CLUSTER:[object Object]/immo_tenant:[object Object]/geo_tenant:[object Object]/BUCKETS_OVH:[object Object]/S3_IMMO:[object Object]/S3_GEO:[object Object]/EXT_REGION:[object Object]/SUD_ADMIN:[object Object] frameMargin=40 placement=NETWORK_SIMPLEX compaction=EDGE_LENGTH ratioHigh=1.775 edgeLayerGap=15 edgeNodeGap=15 edgeGap=10 componentGap=24"
architecture-sauvegardes,elk,2,157,0.255,3.16,3.45,3.95,2.04,0.621,0.119,1.716,424,vertes,"mode=frame direction=RIGHT inner=RIGHT split=all portSide=free layerGap=30 nodeGap=24 rootPadding=12 frame=north:USER/south:SUD_ADMIN/anchor:OVH_CLUSTER/band:Z_GHX,OVH_CLUSTER,BUCKETS_OVH,EXT_REGION plan=Z_GHX:[object Object]/GH_PILOTAGE:[object Object]/HORS_GH:[object Object]/OVH_CLUSTER:[object Object]/immo_tenant:[object Object]/geo_tenant:[object Object]/BUCKETS_OVH:[object Object]/S3_IMMO:[object Object]/S3_GEO:[object Object]/EXT_REGION:[object Object]/SUD_ADMIN:[object Object] frameMargin=16 placement=BRANDES_KOEPF compaction=NONE ratioHigh=1.7478 edgeLayerGap=30 edgeNodeGap=30 edgeGap=20 componentGap=60"
architecture-sauvegardes,elk,2,158,0.255,3.16,3.45,3.95,2.04,0.621,0.119,1.716,424,vertes,"mode=frame direction=RIGHT inner=RIGHT split=all portSide=free layerGap=30 nodeGap=24 rootPadding=12 frame=north:USER/south:SUD_ADMIN/anchor:OVH_CLUSTER/band:Z_GHX,OVH_CLUSTER,BUCKETS_OVH,EXT_REGION plan=Z_GHX:[object Object]/GH_PILOTAGE:[object Object]/HORS_GH:[object Object]/OVH_CLUSTER:[object Object]/immo_tenant:[object Object]/geo_tenant:[object Object]/BUCKETS_OVH:[object Object]/S3_IMMO:[object Object]/S3_GEO:[object Object]/EXT_REGION:[object Object]/SUD_ADMIN:[object Object] frameMargin=16 placement=BRANDES_KOEPF compaction=NONE ratioHigh=1.775 edgeLayerGap=30 edgeNodeGap=30 edgeGap=20 componentGap=60"
architecture-sauvegardes,elk,2,177,0.254,3.16,3.45,3.95,2.03,0.618,0.119,1.723,424,vertes,"mode=frame direction=RIGHT inner=RIGHT split=all portSide=free layerGap=30 nodeGap=24 rootPadding=12 frame=north:USER/south:SUD_ADMIN/anchor:OVH_CLUSTER/band:Z_GHX,OVH_CLUSTER,BUCKETS_OVH,EXT_REGION plan=Z_GHX:[object Object]/GH_PILOTAGE:[object Object]/HORS_GH:[object Object]/OVH_CLUSTER:[object Object]/immo_tenant:[object Object]/geo_tenant:[object Object]/BUCKETS_OVH:[object Object]/S3_IMMO:[object Object]/S3_GEO:[object Object]/EXT_REGION:[object Object]/SUD_ADMIN:[object Object] frameMargin=24 placement=BRANDES_KOEPF compaction=NONE ratioHigh=1.7478 edgeLayerGap=30 edgeNodeGap=30 edgeGap=20 componentGap=60"
architecture-sauvegardes,elk,2,178,0.254,3.16,3.45,3.95,2.03,0.618,0.119,1.723,424,vertes,"mode=frame direction=RIGHT inner=RIGHT split=all portSide=free layerGap=30 nodeGap=24 rootPadding=12 frame=north:USER/south:SUD_ADMIN/anchor:OVH_CLUSTER/band:Z_GHX,OVH_CLUSTER,BUCKETS_OVH,EXT_REGION plan=Z_GHX:[object Object]/GH_PILOTAGE:[object Object]/HORS_GH:[object Object]/OVH_CLUSTER:[object Object]/immo_tenant:[object Object]/geo_tenant:[object Object]/BUCKETS_OVH:[object Object]/S3_IMMO:[object Object]/S3_GEO:[object Object]/EXT_REGION:[object Object]/SUD_ADMIN:[object Object] frameMargin=24 placement=BRANDES_KOEPF compaction=NONE ratioHigh=1.775 edgeLayerGap=30 edgeNodeGap=30 edgeGap=20 componentGap=60"
architecture-sauvegardes,elk,2,197,0.252,3.16,3.45,3.95,2.01,0.613,0.118,1.737,424,vertes,"mode=frame direction=RIGHT inner=RIGHT split=all portSide=free layerGap=30 nodeGap=24 rootPadding=12 frame=north:USER/south:SUD_ADMIN/anchor:OVH_CLUSTER/band:Z_GHX,OVH_CLUSTER,BUCKETS_OVH,EXT_REGION plan=Z_GHX:[object Object]/GH_PILOTAGE:[object Object]/HORS_GH:[object Object]/OVH_CLUSTER:[object Object]/immo_tenant:[object Object]/geo_tenant:[object Object]/BUCKETS_OVH:[object Object]/S3_IMMO:[object Object]/S3_GEO:[object Object]/EXT_REGION:[object Object]/SUD_ADMIN:[object Object] frameMargin=40 placement=BRANDES_KOEPF compaction=NONE ratioHigh=1.7478 edgeLayerGap=30 edgeNodeGap=30 edgeGap=20 componentGap=60"
architecture-sauvegardes,elk,2,198,0.252,3.16,3.45,3.95,2.01,0.613,0.118,1.737,424,vertes,"mode=frame direction=RIGHT inner=RIGHT split=all portSide=free layerGap=30 nodeGap=24 rootPadding=12 frame=north:USER/south:SUD_ADMIN/anchor:OVH_CLUSTER/band:Z_GHX,OVH_CLUSTER,BUCKETS_OVH,EXT_REGION plan=Z_GHX:[object Object]/GH_PILOTAGE:[object Object]/HORS_GH:[object Object]/OVH_CLUSTER:[object Object]/immo_tenant:[object Object]/geo_tenant:[object Object]/BUCKETS_OVH:[object Object]/S3_IMMO:[object Object]/S3_GEO:[object Object]/EXT_REGION:[object Object]/SUD_ADMIN:[object Object] frameMargin=40 placement=BRANDES_KOEPF compaction=NONE ratioHigh=1.775 edgeLayerGap=30 edgeNodeGap=30 edgeGap=20 componentGap=60"
architecture-sauvegardes,elk,2,3,0.288,3.53,3.85,4.41,2.30,0.606,0.151,1.696,421,vertes,"mode=frame direction=RIGHT inner=RIGHT split=all portSide=free layerGap=30 nodeGap=24 rootPadding=12 frame=north:USER/south:SUD_ADMIN/anchor:OVH_CLUSTER/band:Z_GHX,OVH_CLUSTER,BUCKETS_OVH,EXT_REGION plan=Z_GHX:[object Object]/GH_PILOTAGE:[object Object]/HORS_GH:[object Object]/OVH_CLUSTER:[object Object]/immo_tenant:[object Object]/geo_tenant:[object Object]/BUCKETS_OVH:[object Object]/S3_IMMO:[object Object]/S3_GEO:[object Object]/EXT_REGION:[object Object]/SUD_ADMIN:[object Object] frameMargin=16 placement=BRANDES_KOEPF compaction=NONE ratioHigh=1.7478 edgeLayerGap=15 edgeNodeGap=15 edgeGap=10 componentGap=24"
architecture-sauvegardes,elk,2,4,0.288,3.53,3.85,4.41,2.30,0.606,0.151,1.696,421,vertes,"mode=frame direction=RIGHT inner=RIGHT split=all portSide=free layerGap=30 nodeGap=24 rootPadding=12 frame=north:USER/south:SUD_ADMIN/anchor:OVH_CLUSTER/band:Z_GHX,OVH_CLUSTER,BUCKETS_OVH,EXT_REGION plan=Z_GHX:[object Object]/GH_PILOTAGE:[object Object]/HORS_GH:[object Object]/OVH_CLUSTER:[object Object]/immo_tenant:[object Object]/geo_tenant:[object Object]/BUCKETS_OVH:[object Object]/S3_IMMO:[object Object]/S3_GEO:[object Object]/EXT_REGION:[object Object]/SUD_ADMIN:[object Object] frameMargin=16 placement=BRANDES_KOEPF compaction=NONE ratioHigh=1.775 edgeLayerGap=15 edgeNodeGap=15 edgeGap=10 componentGap=24"
architecture-sauvegardes,elk,2,23,0.287,3.53,3.85,4.41,2.29,0.603,0.150,1.704,421,vertes,"mode=frame direction=RIGHT inner=RIGHT split=all portSide=free layerGap=30 nodeGap=24 rootPadding=12 frame=north:USER/south:SUD_ADMIN/anchor:OVH_CLUSTER/band:Z_GHX,OVH_CLUSTER,BUCKETS_OVH,EXT_REGION plan=Z_GHX:[object Object]/GH_PILOTAGE:[object Object]/HORS_GH:[object Object]/OVH_CLUSTER:[object Object]/immo_tenant:[object Object]/geo_tenant:[object Object]/BUCKETS_OVH:[object Object]/S3_IMMO:[object Object]/S3_GEO:[object Object]/EXT_REGION:[object Object]/SUD_ADMIN:[object Object] frameMargin=24 placement=BRANDES_KOEPF compaction=NONE ratioHigh=1.7478 edgeLayerGap=15 edgeNodeGap=15 edgeGap=10 componentGap=24"
architecture-sauvegardes,elk,2,24,0.287,3.53,3.85,4.41,2.29,0.603,0.150,1.704,421,vertes,"mode=frame direction=RIGHT inner=RIGHT split=all portSide=free layerGap=30 nodeGap=24 rootPadding=12 frame=north:USER/south:SUD_ADMIN/anchor:OVH_CLUSTER/band:Z_GHX,OVH_CLUSTER,BUCKETS_OVH,EXT_REGION plan=Z_GHX:[object Object]/GH_PILOTAGE:[object Object]/HORS_GH:[object Object]/OVH_CLUSTER:[object Object]/immo_tenant:[object Object]/geo_tenant:[object Object]/BUCKETS_OVH:[object Object]/S3_IMMO:[object Object]/S3_GEO:[object Object]/EXT_REGION:[object Object]/SUD_ADMIN:[object Object] frameMargin=24 placement=BRANDES_KOEPF compaction=NONE ratioHigh=1.775 edgeLayerGap=15 edgeNodeGap=15 edgeGap=10 componentGap=24"
architecture-sauvegardes,elk,2,51,0.284,3.53,3.85,4.41,2.27,0.598,0.149,1.720,421,vertes,"mode=frame direction=RIGHT inner=RIGHT split=all portSide=free layerGap=30 nodeGap=24 rootPadding=12 frame=north:USER/south:SUD_ADMIN/anchor:OVH_CLUSTER/band:Z_GHX,OVH_CLUSTER,BUCKETS_OVH,EXT_REGION plan=Z_GHX:[object Object]/GH_PILOTAGE:[object Object]/HORS_GH:[object Object]/OVH_CLUSTER:[object Object]/immo_tenant:[object Object]/geo_tenant:[object Object]/BUCKETS_OVH:[object Object]/S3_IMMO:[object Object]/S3_GEO:[object Object]/EXT_REGION:[object Object]/SUD_ADMIN:[object Object] frameMargin=40 placement=BRANDES_KOEPF compaction=NONE ratioHigh=1.7478 edgeLayerGap=15 edgeNodeGap=15 edgeGap=10 componentGap=24"
architecture-sauvegardes,elk,2,52,0.284,3.53,3.85,4.41,2.27,0.598,0.149,1.720,421,vertes,"mode=frame direction=RIGHT inner=RIGHT split=all portSide=free layerGap=30 nodeGap=24 rootPadding=12 frame=north:USER/south:SUD_ADMIN/anchor:OVH_CLUSTER/band:Z_GHX,OVH_CLUSTER,BUCKETS_OVH,EXT_REGION plan=Z_GHX:[object Object]/GH_PILOTAGE:[object Object]/HORS_GH:[object Object]/OVH_CLUSTER:[object Object]/immo_tenant:[object Object]/geo_tenant:[object Object]/BUCKETS_OVH:[object Object]/S3_IMMO:[object Object]/S3_GEO:[object Object]/EXT_REGION:[object Object]/SUD_ADMIN:[object Object] frameMargin=40 placement=BRANDES_KOEPF compaction=NONE ratioHigh=1.775 edgeLayerGap=15 edgeNodeGap=15 edgeGap=10 componentGap=24"
architecture-sauvegardes,elk,2,141,0.255,3.20,3.49,4.00,2.04,0.624,0.121,1.739,424,vertes,"mode=frame direction=RIGHT inner=RIGHT split=all portSide=free layerGap=30 nodeGap=24 rootPadding=12 frame=north:USER/south:SUD_ADMIN/anchor:OVH_CLUSTER/band:Z_GHX,OVH_CLUSTER,BUCKETS_OVH,EXT_REGION plan=Z_GHX:[object Object]/GH_PILOTAGE:[object Object]/HORS_GH:[object Object]/OVH_CLUSTER:[object Object]/immo_tenant:[object Object]/geo_tenant:[object Object]/BUCKETS_OVH:[object Object]/S3_IMMO:[object Object]/S3_GEO:[object Object]/EXT_REGION:[object Object]/SUD_ADMIN:[object Object] frameMargin=16 placement=BRANDES_KOEPF compaction=EDGE_LENGTH ratioHigh=1.7478 edgeLayerGap=30 edgeNodeGap=30 edgeGap=20 componentGap=60"
architecture-sauvegardes,elk,2,142,0.255,3.20,3.49,4.00,2.04,0.624,0.121,1.739,424,vertes,"mode=frame direction=RIGHT inner=RIGHT split=all portSide=free layerGap=30 nodeGap=24 rootPadding=12 frame=north:USER/south:SUD_ADMIN/anchor:OVH_CLUSTER/band:Z_GHX,OVH_CLUSTER,BUCKETS_OVH,EXT_REGION plan=Z_GHX:[object Object]/GH_PILOTAGE:[object Object]/HORS_GH:[object Object]/OVH_CLUSTER:[object Object]/immo_tenant:[object Object]/geo_tenant:[object Object]/BUCKETS_OVH:[object Object]/S3_IMMO:[object Object]/S3_GEO:[object Object]/EXT_REGION:[object Object]/SUD_ADMIN:[object Object] frameMargin=16 placement=BRANDES_KOEPF compaction=EDGE_LENGTH ratioHigh=1.775 edgeLayerGap=30 edgeNodeGap=30 edgeGap=20 componentGap=60"
architecture-sauvegardes,elk,2,161,0.254,3.20,3.49,4.00,2.03,0.622,0.120,1.746,424,vertes,"mode=frame direction=RIGHT inner=RIGHT split=all portSide=free layerGap=30 nodeGap=24 rootPadding=12 frame=north:USER/south:SUD_ADMIN/anchor:OVH_CLUSTER/band:Z_GHX,OVH_CLUSTER,BUCKETS_OVH,EXT_REGION plan=Z_GHX:[object Object]/GH_PILOTAGE:[object Object]/HORS_GH:[object Object]/OVH_CLUSTER:[object Object]/immo_tenant:[object Object]/geo_tenant:[object Object]/BUCKETS_OVH:[object Object]/S3_IMMO:[object Object]/S3_GEO:[object Object]/EXT_REGION:[object Object]/SUD_ADMIN:[object Object] frameMargin=24 placement=BRANDES_KOEPF compaction=EDGE_LENGTH ratioHigh=1.7478 edgeLayerGap=30 edgeNodeGap=30 edgeGap=20 componentGap=60"
architecture-sauvegardes,elk,2,162,0.254,3.20,3.49,4.00,2.03,0.622,0.120,1.746,424,vertes,"mode=frame direction=RIGHT inner=RIGHT split=all portSide=free layerGap=30 nodeGap=24 rootPadding=12 frame=north:USER/south:SUD_ADMIN/anchor:OVH_CLUSTER/band:Z_GHX,OVH_CLUSTER,BUCKETS_OVH,EXT_REGION plan=Z_GHX:[object Object]/GH_PILOTAGE:[object Object]/HORS_GH:[object Object]/OVH_CLUSTER:[object Object]/immo_tenant:[object Object]/geo_tenant:[object Object]/BUCKETS_OVH:[object Object]/S3_IMMO:[object Object]/S3_GEO:[object Object]/EXT_REGION:[object Object]/SUD_ADMIN:[object Object] frameMargin=24 placement=BRANDES_KOEPF compaction=EDGE_LENGTH ratioHigh=1.775 edgeLayerGap=30 edgeNodeGap=30 edgeGap=20 componentGap=60"
architecture-sauvegardes,elk,2,189,0.252,3.18,3.47,3.97,2.01,0.613,0.119,1.748,424,vertes,"mode=frame direction=RIGHT inner=RIGHT split=all portSide=free layerGap=30 nodeGap=24 rootPadding=12 frame=north:USER/south:SUD_ADMIN/anchor:OVH_CLUSTER/band:Z_GHX,OVH_CLUSTER,BUCKETS_OVH,EXT_REGION plan=Z_GHX:[object Object]/GH_PILOTAGE:[object Object]/HORS_GH:[object Object]/OVH_CLUSTER:[object Object]/immo_tenant:[object Object]/geo_tenant:[object Object]/BUCKETS_OVH:[object Object]/S3_IMMO:[object Object]/S3_GEO:[object Object]/EXT_REGION:[object Object]/SUD_ADMIN:[object Object] frameMargin=40 placement=BRANDES_KOEPF compaction=EDGE_LENGTH ratioHigh=1.7478 edgeLayerGap=30 edgeNodeGap=30 edgeGap=20 componentGap=60"
architecture-sauvegardes,elk,2,181,0.252,3.20,3.49,4.00,2.01,0.617,0.119,1.760,424,vertes,"mode=frame direction=RIGHT inner=RIGHT split=all portSide=free layerGap=30 nodeGap=24 rootPadding=12 frame=north:USER/south:SUD_ADMIN/anchor:OVH_CLUSTER/band:Z_GHX,OVH_CLUSTER,BUCKETS_OVH,EXT_REGION plan=Z_GHX:[object Object]/GH_PILOTAGE:[object Object]/HORS_GH:[object Object]/OVH_CLUSTER:[object Object]/immo_tenant:[object Object]/geo_tenant:[object Object]/BUCKETS_OVH:[object Object]/S3_IMMO:[object Object]/S3_GEO:[object Object]/EXT_REGION:[object Object]/SUD_ADMIN:[object Object] frameMargin=40 placement=BRANDES_KOEPF compaction=EDGE_LENGTH ratioHigh=1.775 edgeLayerGap=30 edgeNodeGap=30 edgeGap=20 componentGap=60"
architecture-sauvegardes,elk,2,1,0.288,3.53,3.85,4.41,2.30,0.606,0.151,1.696,421,vertes,"mode=frame direction=RIGHT inner=RIGHT split=all portSide=free layerGap=30 nodeGap=24 rootPadding=12 frame=north:USER/south:SUD_ADMIN/anchor:OVH_CLUSTER/band:Z_GHX,OVH_CLUSTER,BUCKETS_OVH,EXT_REGION plan=Z_GHX:[object Object]/GH_PILOTAGE:[object Object]/HORS_GH:[object Object]/OVH_CLUSTER:[object Object]/immo_tenant:[object Object]/geo_tenant:[object Object]/BUCKETS_OVH:[object Object]/S3_IMMO:[object Object]/S3_GEO:[object Object]/EXT_REGION:[object Object]/SUD_ADMIN:[object Object] frameMargin=16 placement=BRANDES_KOEPF compaction=EDGE_LENGTH ratioHigh=1.7478 edgeLayerGap=15 edgeNodeGap=15 edgeGap=10 componentGap=24"
architecture-sauvegardes,elk,2,2,0.288,3.53,3.85,4.41,2.30,0.606,0.151,1.696,421,vertes,"mode=frame direction=RIGHT inner=RIGHT split=all portSide=free layerGap=30 nodeGap=24 rootPadding=12 frame=north:USER/south:SUD_ADMIN/anchor:OVH_CLUSTER/band:Z_GHX,OVH_CLUSTER,BUCKETS_OVH,EXT_REGION plan=Z_GHX:[object Object]/GH_PILOTAGE:[object Object]/HORS_GH:[object Object]/OVH_CLUSTER:[object Object]/immo_tenant:[object Object]/geo_tenant:[object Object]/BUCKETS_OVH:[object Object]/S3_IMMO:[object Object]/S3_GEO:[object Object]/EXT_REGION:[object Object]/SUD_ADMIN:[object Object] frameMargin=16 placement=BRANDES_KOEPF compaction=EDGE_LENGTH ratioHigh=1.775 edgeLayerGap=15 edgeNodeGap=15 edgeGap=10 componentGap=24"
architecture-sauvegardes,elk,2,21,0.287,3.53,3.85,4.41,2.29,0.603,0.150,1.704,421,vertes,"mode=frame direction=RIGHT inner=RIGHT split=all portSide=free layerGap=30 nodeGap=24 rootPadding=12 frame=north:USER/south:SUD_ADMIN/anchor:OVH_CLUSTER/band:Z_GHX,OVH_CLUSTER,BUCKETS_OVH,EXT_REGION plan=Z_GHX:[object Object]/GH_PILOTAGE:[object Object]/HORS_GH:[object Object]/OVH_CLUSTER:[object Object]/immo_tenant:[object Object]/geo_tenant:[object Object]/BUCKETS_OVH:[object Object]/S3_IMMO:[object Object]/S3_GEO:[object Object]/EXT_REGION:[object Object]/SUD_ADMIN:[object Object] frameMargin=24 placement=BRANDES_KOEPF compaction=EDGE_LENGTH ratioHigh=1.7478 edgeLayerGap=15 edgeNodeGap=15 edgeGap=10 componentGap=24"
architecture-sauvegardes,elk,2,22,0.287,3.53,3.85,4.41,2.29,0.603,0.150,1.704,421,vertes,"mode=frame direction=RIGHT inner=RIGHT split=all portSide=free layerGap=30 nodeGap=24 rootPadding=12 frame=north:USER/south:SUD_ADMIN/anchor:OVH_CLUSTER/band:Z_GHX,OVH_CLUSTER,BUCKETS_OVH,EXT_REGION plan=Z_GHX:[object Object]/GH_PILOTAGE:[object Object]/HORS_GH:[object Object]/OVH_CLUSTER:[object Object]/immo_tenant:[object Object]/geo_tenant:[object Object]/BUCKETS_OVH:[object Object]/S3_IMMO:[object Object]/S3_GEO:[object Object]/EXT_REGION:[object Object]/SUD_ADMIN:[object Object] frameMargin=24 placement=BRANDES_KOEPF compaction=EDGE_LENGTH ratioHigh=1.775 edgeLayerGap=15 edgeNodeGap=15 edgeGap=10 componentGap=24"
architecture-sauvegardes,elk,2,49,0.284,3.53,3.85,4.41,2.27,0.598,0.149,1.720,421,vertes,"mode=frame direction=RIGHT inner=RIGHT split=all portSide=free layerGap=30 nodeGap=24 rootPadding=12 frame=north:USER/south:SUD_ADMIN/anchor:OVH_CLUSTER/band:Z_GHX,OVH_CLUSTER,BUCKETS_OVH,EXT_REGION plan=Z_GHX:[object Object]/GH_PILOTAGE:[object Object]/HORS_GH:[object Object]/OVH_CLUSTER:[object Object]/immo_tenant:[object Object]/geo_tenant:[object Object]/BUCKETS_OVH:[object Object]/S3_IMMO:[object Object]/S3_GEO:[object Object]/EXT_REGION:[object Object]/SUD_ADMIN:[object Object] frameMargin=40 placement=BRANDES_KOEPF compaction=EDGE_LENGTH ratioHigh=1.7478 edgeLayerGap=15 edgeNodeGap=15 edgeGap=10 componentGap=24"
architecture-sauvegardes,elk,2,50,0.284,3.53,3.85,4.41,2.27,0.598,0.149,1.720,421,vertes,"mode=frame direction=RIGHT inner=RIGHT split=all portSide=free layerGap=30 nodeGap=24 rootPadding=12 frame=north:USER/south:SUD_ADMIN/anchor:OVH_CLUSTER/band:Z_GHX,OVH_CLUSTER,BUCKETS_OVH,EXT_REGION plan=Z_GHX:[object Object]/GH_PILOTAGE:[object Object]/HORS_GH:[object Object]/OVH_CLUSTER:[object Object]/immo_tenant:[object Object]/geo_tenant:[object Object]/BUCKETS_OVH:[object Object]/S3_IMMO:[object Object]/S3_GEO:[object Object]/EXT_REGION:[object Object]/SUD_ADMIN:[object Object] frameMargin=40 placement=BRANDES_KOEPF compaction=EDGE_LENGTH ratioHigh=1.775 edgeLayerGap=15 edgeNodeGap=15 edgeGap=10 componentGap=24"
architecture-sauvegardes,elk,2,113,0.263,3.16,3.44,3.94,2.18,0.628,0.127,1.602,426,vertes,"mode=frame direction=RIGHT inner=RIGHT split=all portSide=free layerGap=30 nodeGap=24 rootPadding=12 frame=north:USER/south:SUD_ADMIN/anchor:OVH_CLUSTER/band:Z_GHX,OVH_CLUSTER,BUCKETS_OVH,EXT_REGION plan=Z_GHX:[object Object]/GH_PILOTAGE:[object Object]/HORS_GH:[object Object]/OVH_CLUSTER:[object Object]/immo_tenant:[object Object]/geo_tenant:[object Object]/BUCKETS_OVH:[object Object]/S3_IMMO:[object Object]/S3_GEO:[object Object]/EXT_REGION:[object Object]/SUD_ADMIN:[object Object] frameMargin=16 placement=LINEAR_SEGMENTS compaction=NONE ratioHigh=1.7478 edgeLayerGap=30 edgeNodeGap=30 edgeGap=20 componentGap=60"
architecture-sauvegardes,elk,2,114,0.263,3.16,3.44,3.94,2.18,0.628,0.127,1.602,426,vertes,"mode=frame direction=RIGHT inner=RIGHT split=all portSide=free layerGap=30 nodeGap=24 rootPadding=12 frame=north:USER/south:SUD_ADMIN/anchor:OVH_CLUSTER/band:Z_GHX,OVH_CLUSTER,BUCKETS_OVH,EXT_REGION plan=Z_GHX:[object Object]/GH_PILOTAGE:[object Object]/HORS_GH:[object Object]/OVH_CLUSTER:[object Object]/immo_tenant:[object Object]/geo_tenant:[object Object]/BUCKETS_OVH:[object Object]/S3_IMMO:[object Object]/S3_GEO:[object Object]/EXT_REGION:[object Object]/SUD_ADMIN:[object Object] frameMargin=16 placement=LINEAR_SEGMENTS compaction=NONE ratioHigh=1.775 edgeLayerGap=30 edgeNodeGap=30 edgeGap=20 componentGap=60"
architecture-sauvegardes,elk,2,117,0.263,3.16,3.44,3.94,2.17,0.625,0.127,1.609,426,vertes,"mode=frame direction=RIGHT inner=RIGHT split=all portSide=free layerGap=30 nodeGap=24 rootPadding=12 frame=north:USER/south:SUD_ADMIN/anchor:OVH_CLUSTER/band:Z_GHX,OVH_CLUSTER,BUCKETS_OVH,EXT_REGION plan=Z_GHX:[object Object]/GH_PILOTAGE:[object Object]/HORS_GH:[object Object]/OVH_CLUSTER:[object Object]/immo_tenant:[object Object]/geo_tenant:[object Object]/BUCKETS_OVH:[object Object]/S3_IMMO:[object Object]/S3_GEO:[object Object]/EXT_REGION:[object Object]/SUD_ADMIN:[object Object] frameMargin=24 placement=LINEAR_SEGMENTS compaction=NONE ratioHigh=1.7478 edgeLayerGap=30 edgeNodeGap=30 edgeGap=20 componentGap=60"
architecture-sauvegardes,elk,2,118,0.263,3.16,3.44,3.94,2.17,0.625,0.127,1.609,426,vertes,"mode=frame direction=RIGHT inner=RIGHT split=all portSide=free layerGap=30 nodeGap=24 rootPadding=12 frame=north:USER/south:SUD_ADMIN/anchor:OVH_CLUSTER/band:Z_GHX,OVH_CLUSTER,BUCKETS_OVH,EXT_REGION plan=Z_GHX:[object Object]/GH_PILOTAGE:[object Object]/HORS_GH:[object Object]/OVH_CLUSTER:[object Object]/immo_tenant:[object Object]/geo_tenant:[object Object]/BUCKETS_OVH:[object Object]/S3_IMMO:[object Object]/S3_GEO:[object Object]/EXT_REGION:[object Object]/SUD_ADMIN:[object Object] frameMargin=24 placement=LINEAR_SEGMENTS compaction=NONE ratioHigh=1.775 edgeLayerGap=30 edgeNodeGap=30 edgeGap=20 componentGap=60"
architecture-sauvegardes,elk,2,121,0.263,3.16,3.44,3.94,2.15,0.620,0.126,1.623,426,vertes,"mode=frame direction=RIGHT inner=RIGHT split=all portSide=free layerGap=30 nodeGap=24 rootPadding=12 frame=north:USER/south:SUD_ADMIN/anchor:OVH_CLUSTER/band:Z_GHX,OVH_CLUSTER,BUCKETS_OVH,EXT_REGION plan=Z_GHX:[object Object]/GH_PILOTAGE:[object Object]/HORS_GH:[object Object]/OVH_CLUSTER:[object Object]/immo_tenant:[object Object]/geo_tenant:[object Object]/BUCKETS_OVH:[object Object]/S3_IMMO:[object Object]/S3_GEO:[object Object]/EXT_REGION:[object Object]/SUD_ADMIN:[object Object] frameMargin=40 placement=LINEAR_SEGMENTS compaction=NONE ratioHigh=1.7478 edgeLayerGap=30 edgeNodeGap=30 edgeGap=20 componentGap=60"
architecture-sauvegardes,elk,2,122,0.263,3.16,3.44,3.94,2.15,0.620,0.126,1.623,426,vertes,"mode=frame direction=RIGHT inner=RIGHT split=all portSide=free layerGap=30 nodeGap=24 rootPadding=12 frame=north:USER/south:SUD_ADMIN/anchor:OVH_CLUSTER/band:Z_GHX,OVH_CLUSTER,BUCKETS_OVH,EXT_REGION plan=Z_GHX:[object Object]/GH_PILOTAGE:[object Object]/HORS_GH:[object Object]/OVH_CLUSTER:[object Object]/immo_tenant:[object Object]/geo_tenant:[object Object]/BUCKETS_OVH:[object Object]/S3_IMMO:[object Object]/S3_GEO:[object Object]/EXT_REGION:[object Object]/SUD_ADMIN:[object Object] frameMargin=40 placement=LINEAR_SEGMENTS compaction=NONE ratioHigh=1.775 edgeLayerGap=30 edgeNodeGap=30 edgeGap=20 componentGap=60"
architecture-sauvegardes,elk,2,11,0.288,3.50,3.81,4.36,2.30,0.606,0.149,1.678,426,vertes,"mode=frame direction=RIGHT inner=RIGHT split=all portSide=free layerGap=30 nodeGap=24 rootPadding=12 frame=north:USER/south:SUD_ADMIN/anchor:OVH_CLUSTER/band:Z_GHX,OVH_CLUSTER,BUCKETS_OVH,EXT_REGION plan=Z_GHX:[object Object]/GH_PILOTAGE:[object Object]/HORS_GH:[object Object]/OVH_CLUSTER:[object Object]/immo_tenant:[object Object]/geo_tenant:[object Object]/BUCKETS_OVH:[object Object]/S3_IMMO:[object Object]/S3_GEO:[object Object]/EXT_REGION:[object Object]/SUD_ADMIN:[object Object] frameMargin=16 placement=LINEAR_SEGMENTS compaction=NONE ratioHigh=1.7478 edgeLayerGap=15 edgeNodeGap=15 edgeGap=10 componentGap=24"
architecture-sauvegardes,elk,2,12,0.288,3.50,3.81,4.36,2.30,0.606,0.149,1.678,426,vertes,"mode=frame direction=RIGHT inner=RIGHT split=all portSide=free layerGap=30 nodeGap=24 rootPadding=12 frame=north:USER/south:SUD_ADMIN/anchor:OVH_CLUSTER/band:Z_GHX,OVH_CLUSTER,BUCKETS_OVH,EXT_REGION plan=Z_GHX:[object Object]/GH_PILOTAGE:[object Object]/HORS_GH:[object Object]/OVH_CLUSTER:[object Object]/immo_tenant:[object Object]/geo_tenant:[object Object]/BUCKETS_OVH:[object Object]/S3_IMMO:[object Object]/S3_GEO:[object Object]/EXT_REGION:[object Object]/SUD_ADMIN:[object Object] frameMargin=16 placement=LINEAR_SEGMENTS compaction=NONE ratioHigh=1.775 edgeLayerGap=15 edgeNodeGap=15 edgeGap=10 componentGap=24"
architecture-sauvegardes,elk,2,31,0.287,3.50,3.81,4.36,2.29,0.603,0.149,1.686,426,vertes,"mode=frame direction=RIGHT inner=RIGHT split=all portSide=free layerGap=30 nodeGap=24 rootPadding=12 frame=north:USER/south:SUD_ADMIN/anchor:OVH_CLUSTER/band:Z_GHX,OVH_CLUSTER,BUCKETS_OVH,EXT_REGION plan=Z_GHX:[object Object]/GH_PILOTAGE:[object Object]/HORS_GH:[object Object]/OVH_CLUSTER:[object Object]/immo_tenant:[object Object]/geo_tenant:[object Object]/BUCKETS_OVH:[object Object]/S3_IMMO:[object Object]/S3_GEO:[object Object]/EXT_REGION:[object Object]/SUD_ADMIN:[object Object] frameMargin=24 placement=LINEAR_SEGMENTS compaction=NONE ratioHigh=1.7478 edgeLayerGap=15 edgeNodeGap=15 edgeGap=10 componentGap=24"
architecture-sauvegardes,elk,2,32,0.287,3.50,3.81,4.36,2.29,0.603,0.149,1.686,426,vertes,"mode=frame direction=RIGHT inner=RIGHT split=all portSide=free layerGap=30 nodeGap=24 rootPadding=12 frame=north:USER/south:SUD_ADMIN/anchor:OVH_CLUSTER/band:Z_GHX,OVH_CLUSTER,BUCKETS_OVH,EXT_REGION plan=Z_GHX:[object Object]/GH_PILOTAGE:[object Object]/HORS_GH:[object Object]/OVH_CLUSTER:[object Object]/immo_tenant:[object Object]/geo_tenant:[object Object]/BUCKETS_OVH:[object Object]/S3_IMMO:[object Object]/S3_GEO:[object Object]/EXT_REGION:[object Object]/SUD_ADMIN:[object Object] frameMargin=24 placement=LINEAR_SEGMENTS compaction=NONE ratioHigh=1.775 edgeLayerGap=15 edgeNodeGap=15 edgeGap=10 componentGap=24"
architecture-sauvegardes,elk,2,59,0.284,3.50,3.81,4.36,2.27,0.597,0.147,1.701,426,vertes,"mode=frame direction=RIGHT inner=RIGHT split=all portSide=free layerGap=30 nodeGap=24 rootPadding=12 frame=north:USER/south:SUD_ADMIN/anchor:OVH_CLUSTER/band:Z_GHX,OVH_CLUSTER,BUCKETS_OVH,EXT_REGION plan=Z_GHX:[object Object]/GH_PILOTAGE:[object Object]/HORS_GH:[object Object]/OVH_CLUSTER:[object Object]/immo_tenant:[object Object]/geo_tenant:[object Object]/BUCKETS_OVH:[object Object]/S3_IMMO:[object Object]/S3_GEO:[object Object]/EXT_REGION:[object Object]/SUD_ADMIN:[object Object] frameMargin=40 placement=LINEAR_SEGMENTS compaction=NONE ratioHigh=1.7478 edgeLayerGap=15 edgeNodeGap=15 edgeGap=10 componentGap=24"
architecture-sauvegardes,elk,2,60,0.284,3.50,3.81,4.36,2.27,0.597,0.147,1.701,426,vertes,"mode=frame direction=RIGHT inner=RIGHT split=all portSide=free layerGap=30 nodeGap=24 rootPadding=12 frame=north:USER/south:SUD_ADMIN/anchor:OVH_CLUSTER/band:Z_GHX,OVH_CLUSTER,BUCKETS_OVH,EXT_REGION plan=Z_GHX:[object Object]/GH_PILOTAGE:[object Object]/HORS_GH:[object Object]/OVH_CLUSTER:[object Object]/immo_tenant:[object Object]/geo_tenant:[object Object]/BUCKETS_OVH:[object Object]/S3_IMMO:[object Object]/S3_GEO:[object Object]/EXT_REGION:[object Object]/SUD_ADMIN:[object Object] frameMargin=40 placement=LINEAR_SEGMENTS compaction=NONE ratioHigh=1.775 edgeLayerGap=15 edgeNodeGap=15 edgeGap=10 componentGap=24"
architecture-sauvegardes,elk,2,149,0.255,3.18,3.47,3.97,2.04,0.623,0.120,1.727,426,vertes,"mode=frame direction=RIGHT inner=RIGHT split=all portSide=free layerGap=30 nodeGap=24 rootPadding=12 frame=north:USER/south:SUD_ADMIN/anchor:OVH_CLUSTER/band:Z_GHX,OVH_CLUSTER,BUCKETS_OVH,EXT_REGION plan=Z_GHX:[object Object]/GH_PILOTAGE:[object Object]/HORS_GH:[object Object]/OVH_CLUSTER:[object Object]/immo_tenant:[object Object]/geo_tenant:[object Object]/BUCKETS_OVH:[object Object]/S3_IMMO:[object Object]/S3_GEO:[object Object]/EXT_REGION:[object Object]/SUD_ADMIN:[object Object] frameMargin=16 placement=LINEAR_SEGMENTS compaction=EDGE_LENGTH ratioHigh=1.7478 edgeLayerGap=30 edgeNodeGap=30 edgeGap=20 componentGap=60"
architecture-sauvegardes,elk,2,150,0.255,3.18,3.47,3.97,2.04,0.623,0.120,1.727,426,vertes,"mode=frame direction=RIGHT inner=RIGHT split=all portSide=free layerGap=30 nodeGap=24 rootPadding=12 frame=north:USER/south:SUD_ADMIN/anchor:OVH_CLUSTER/band:Z_GHX,OVH_CLUSTER,BUCKETS_OVH,EXT_REGION plan=Z_GHX:[object Object]/GH_PILOTAGE:[object Object]/HORS_GH:[object Object]/OVH_CLUSTER:[object Object]/immo_tenant:[object Object]/geo_tenant:[object Object]/BUCKETS_OVH:[object Object]/S3_IMMO:[object Object]/S3_GEO:[object Object]/EXT_REGION:[object Object]/SUD_ADMIN:[object Object] frameMargin=16 placement=LINEAR_SEGMENTS compaction=EDGE_LENGTH ratioHigh=1.775 edgeLayerGap=30 edgeNodeGap=30 edgeGap=20 componentGap=60"
architecture-sauvegardes,elk,2,169,0.254,3.18,3.47,3.97,2.03,0.620,0.120,1.734,426,vertes,"mode=frame direction=RIGHT inner=RIGHT split=all portSide=free layerGap=30 nodeGap=24 rootPadding=12 frame=north:USER/south:SUD_ADMIN/anchor:OVH_CLUSTER/band:Z_GHX,OVH_CLUSTER,BUCKETS_OVH,EXT_REGION plan=Z_GHX:[object Object]/GH_PILOTAGE:[object Object]/HORS_GH:[object Object]/OVH_CLUSTER:[object Object]/immo_tenant:[object Object]/geo_tenant:[object Object]/BUCKETS_OVH:[object Object]/S3_IMMO:[object Object]/S3_GEO:[object Object]/EXT_REGION:[object Object]/SUD_ADMIN:[object Object] frameMargin=24 placement=LINEAR_SEGMENTS compaction=EDGE_LENGTH ratioHigh=1.7478 edgeLayerGap=30 edgeNodeGap=30 edgeGap=20 componentGap=60"
architecture-sauvegardes,elk,2,170,0.254,3.18,3.47,3.97,2.03,0.620,0.120,1.734,426,vertes,"mode=frame direction=RIGHT inner=RIGHT split=all portSide=free layerGap=30 nodeGap=24 rootPadding=12 frame=north:USER/south:SUD_ADMIN/anchor:OVH_CLUSTER/band:Z_GHX,OVH_CLUSTER,BUCKETS_OVH,EXT_REGION plan=Z_GHX:[object Object]/GH_PILOTAGE:[object Object]/HORS_GH:[object Object]/OVH_CLUSTER:[object Object]/immo_tenant:[object Object]/geo_tenant:[object Object]/BUCKETS_OVH:[object Object]/S3_IMMO:[object Object]/S3_GEO:[object Object]/EXT_REGION:[object Object]/SUD_ADMIN:[object Object] frameMargin=24 placement=LINEAR_SEGMENTS compaction=EDGE_LENGTH ratioHigh=1.775 edgeLayerGap=30 edgeNodeGap=30 edgeGap=20 componentGap=60"
architecture-sauvegardes,elk,2,190,0.252,3.18,3.47,3.97,2.01,0.615,0.119,1.748,426,vertes,"mode=frame direction=RIGHT inner=RIGHT split=all portSide=free layerGap=30 nodeGap=24 rootPadding=12 frame=north:USER/south:SUD_ADMIN/anchor:OVH_CLUSTER/band:Z_GHX,OVH_CLUSTER,BUCKETS_OVH,EXT_REGION plan=Z_GHX:[object Object]/GH_PILOTAGE:[object Object]/HORS_GH:[object Object]/OVH_CLUSTER:[object Object]/immo_tenant:[object Object]/geo_tenant:[object Object]/BUCKETS_OVH:[object Object]/S3_IMMO:[object Object]/S3_GEO:[object Object]/EXT_REGION:[object Object]/SUD_ADMIN:[object Object] frameMargin=40 placement=LINEAR_SEGMENTS compaction=EDGE_LENGTH ratioHigh=1.7478 edgeLayerGap=30 edgeNodeGap=30 edgeGap=20 componentGap=60"
architecture-sauvegardes,elk,2,185,0.252,3.18,3.47,3.97,2.01,0.615,0.119,1.748,426,vertes,"mode=frame direction=RIGHT inner=RIGHT split=all portSide=free layerGap=30 nodeGap=24 rootPadding=12 frame=north:USER/south:SUD_ADMIN/anchor:OVH_CLUSTER/band:Z_GHX,OVH_CLUSTER,BUCKETS_OVH,EXT_REGION plan=Z_GHX:[object Object]/GH_PILOTAGE:[object Object]/HORS_GH:[object Object]/OVH_CLUSTER:[object Object]/immo_tenant:[object Object]/geo_tenant:[object Object]/BUCKETS_OVH:[object Object]/S3_IMMO:[object Object]/S3_GEO:[object Object]/EXT_REGION:[object Object]/SUD_ADMIN:[object Object] frameMargin=40 placement=LINEAR_SEGMENTS compaction=EDGE_LENGTH ratioHigh=1.775 edgeLayerGap=30 edgeNodeGap=30 edgeGap=20 componentGap=60"
architecture-sauvegardes,elk,2,9,0.288,3.50,3.82,4.37,2.30,0.605,0.150,1.682,426,vertes,"mode=frame direction=RIGHT inner=RIGHT split=all portSide=free layerGap=30 nodeGap=24 rootPadding=12 frame=north:USER/south:SUD_ADMIN/anchor:OVH_CLUSTER/band:Z_GHX,OVH_CLUSTER,BUCKETS_OVH,EXT_REGION plan=Z_GHX:[object Object]/GH_PILOTAGE:[object Object]/HORS_GH:[object Object]/OVH_CLUSTER:[object Object]/immo_tenant:[object Object]/geo_tenant:[object Object]/BUCKETS_OVH:[object Object]/S3_IMMO:[object Object]/S3_GEO:[object Object]/EXT_REGION:[object Object]/SUD_ADMIN:[object Object] frameMargin=16 placement=LINEAR_SEGMENTS compaction=EDGE_LENGTH ratioHigh=1.7478 edgeLayerGap=15 edgeNodeGap=15 edgeGap=10 componentGap=24"
architecture-sauvegardes,elk,2,10,0.288,3.50,3.82,4.37,2.30,0.605,0.150,1.682,426,vertes,"mode=frame direction=RIGHT inner=RIGHT split=all portSide=free layerGap=30 nodeGap=24 rootPadding=12 frame=north:USER/south:SUD_ADMIN/anchor:OVH_CLUSTER/band:Z_GHX,OVH_CLUSTER,BUCKETS_OVH,EXT_REGION plan=Z_GHX:[object Object]/GH_PILOTAGE:[object Object]/HORS_GH:[object Object]/OVH_CLUSTER:[object Object]/immo_tenant:[object Object]/geo_tenant:[object Object]/BUCKETS_OVH:[object Object]/S3_IMMO:[object Object]/S3_GEO:[object Object]/EXT_REGION:[object Object]/SUD_ADMIN:[object Object] frameMargin=16 placement=LINEAR_SEGMENTS compaction=EDGE_LENGTH ratioHigh=1.775 edgeLayerGap=15 edgeNodeGap=15 edgeGap=10 componentGap=24"
architecture-sauvegardes,elk,2,29,0.287,3.50,3.82,4.37,2.29,0.602,0.149,1.690,426,vertes,"mode=frame direction=RIGHT inner=RIGHT split=all portSide=free layerGap=30 nodeGap=24 rootPadding=12 frame=north:USER/south:SUD_ADMIN/anchor:OVH_CLUSTER/band:Z_GHX,OVH_CLUSTER,BUCKETS_OVH,EXT_REGION plan=Z_GHX:[object Object]/GH_PILOTAGE:[object Object]/HORS_GH:[object Object]/OVH_CLUSTER:[object Object]/immo_tenant:[object Object]/geo_tenant:[object Object]/BUCKETS_OVH:[object Object]/S3_IMMO:[object Object]/S3_GEO:[object Object]/EXT_REGION:[object Object]/SUD_ADMIN:[object Object] frameMargin=24 placement=LINEAR_SEGMENTS compaction=EDGE_LENGTH ratioHigh=1.7478 edgeLayerGap=15 edgeNodeGap=15 edgeGap=10 componentGap=24"
architecture-sauvegardes,elk,2,30,0.287,3.50,3.82,4.37,2.29,0.602,0.149,1.690,426,vertes,"mode=frame direction=RIGHT inner=RIGHT split=all portSide=free layerGap=30 nodeGap=24 rootPadding=12 frame=north:USER/south:SUD_ADMIN/anchor:OVH_CLUSTER/band:Z_GHX,OVH_CLUSTER,BUCKETS_OVH,EXT_REGION plan=Z_GHX:[object Object]/GH_PILOTAGE:[object Object]/HORS_GH:[object Object]/OVH_CLUSTER:[object Object]/immo_tenant:[object Object]/geo_tenant:[object Object]/BUCKETS_OVH:[object Object]/S3_IMMO:[object Object]/S3_GEO:[object Object]/EXT_REGION:[object Object]/SUD_ADMIN:[object Object] frameMargin=24 placement=LINEAR_SEGMENTS compaction=EDGE_LENGTH ratioHigh=1.775 edgeLayerGap=15 edgeNodeGap=15 edgeGap=10 componentGap=24"
architecture-sauvegardes,elk,2,57,0.284,3.50,3.82,4.37,2.27,0.597,0.148,1.706,426,vertes,"mode=frame direction=RIGHT inner=RIGHT split=all portSide=free layerGap=30 nodeGap=24 rootPadding=12 frame=north:USER/south:SUD_ADMIN/anchor:OVH_CLUSTER/band:Z_GHX,OVH_CLUSTER,BUCKETS_OVH,EXT_REGION plan=Z_GHX:[object Object]/GH_PILOTAGE:[object Object]/HORS_GH:[object Object]/OVH_CLUSTER:[object Object]/immo_tenant:[object Object]/geo_tenant:[object Object]/BUCKETS_OVH:[object Object]/S3_IMMO:[object Object]/S3_GEO:[object Object]/EXT_REGION:[object Object]/SUD_ADMIN:[object Object] frameMargin=40 placement=LINEAR_SEGMENTS compaction=EDGE_LENGTH ratioHigh=1.7478 edgeLayerGap=15 edgeNodeGap=15 edgeGap=10 componentGap=24"
architecture-sauvegardes,elk,2,58,0.284,3.50,3.82,4.37,2.27,0.597,0.148,1.706,426,vertes,"mode=frame direction=RIGHT inner=RIGHT split=all portSide=free layerGap=30 nodeGap=24 rootPadding=12 frame=north:USER/south:SUD_ADMIN/anchor:OVH_CLUSTER/band:Z_GHX,OVH_CLUSTER,BUCKETS_OVH,EXT_REGION plan=Z_GHX:[object Object]/GH_PILOTAGE:[object Object]/HORS_GH:[object Object]/OVH_CLUSTER:[object Object]/immo_tenant:[object Object]/geo_tenant:[object Object]/BUCKETS_OVH:[object Object]/S3_IMMO:[object Object]/S3_GEO:[object Object]/EXT_REGION:[object Object]/SUD_ADMIN:[object Object] frameMargin=40 placement=LINEAR_SEGMENTS compaction=EDGE_LENGTH ratioHigh=1.775 edgeLayerGap=15 edgeNodeGap=15 edgeGap=10 componentGap=24"
architecture-sauvegardes,elk,2,151,0.255,3.16,3.45,3.95,2.04,0.624,0.119,1.716,418,vertes,"mode=frame direction=RIGHT inner=RIGHT split=all portSide=free layerGap=60 nodeGap=24 rootPadding=12 frame=north:USER/south:SUD_ADMIN/anchor:OVH_CLUSTER/band:Z_GHX,OVH_CLUSTER,BUCKETS_OVH,EXT_REGION plan=Z_GHX:[object Object]/GH_PILOTAGE:[object Object]/HORS_GH:[object Object]/OVH_CLUSTER:[object Object]/immo_tenant:[object Object]/geo_tenant:[object Object]/BUCKETS_OVH:[object Object]/S3_IMMO:[object Object]/S3_GEO:[object Object]/EXT_REGION:[object Object]/SUD_ADMIN:[object Object] frameMargin=16 placement=NETWORK_SIMPLEX compaction=NONE ratioHigh=1.7478 edgeLayerGap=30 edgeNodeGap=30 edgeGap=20 componentGap=60"
architecture-sauvegardes,elk,2,152,0.255,3.16,3.45,3.95,2.04,0.624,0.119,1.716,418,vertes,"mode=frame direction=RIGHT inner=RIGHT split=all portSide=free layerGap=60 nodeGap=24 rootPadding=12 frame=north:USER/south:SUD_ADMIN/anchor:OVH_CLUSTER/band:Z_GHX,OVH_CLUSTER,BUCKETS_OVH,EXT_REGION plan=Z_GHX:[object Object]/GH_PILOTAGE:[object Object]/HORS_GH:[object Object]/OVH_CLUSTER:[object Object]/immo_tenant:[object Object]/geo_tenant:[object Object]/BUCKETS_OVH:[object Object]/S3_IMMO:[object Object]/S3_GEO:[object Object]/EXT_REGION:[object Object]/SUD_ADMIN:[object Object] frameMargin=16 placement=NETWORK_SIMPLEX compaction=NONE ratioHigh=1.775 edgeLayerGap=30 edgeNodeGap=30 edgeGap=20 componentGap=60"
architecture-sauvegardes,elk,2,171,0.254,3.16,3.45,3.95,2.03,0.621,0.119,1.723,418,vertes,"mode=frame direction=RIGHT inner=RIGHT split=all portSide=free layerGap=60 nodeGap=24 rootPadding=12 frame=north:USER/south:SUD_ADMIN/anchor:OVH_CLUSTER/band:Z_GHX,OVH_CLUSTER,BUCKETS_OVH,EXT_REGION plan=Z_GHX:[object Object]/GH_PILOTAGE:[object Object]/HORS_GH:[object Object]/OVH_CLUSTER:[object Object]/immo_tenant:[object Object]/geo_tenant:[object Object]/BUCKETS_OVH:[object Object]/S3_IMMO:[object Object]/S3_GEO:[object Object]/EXT_REGION:[object Object]/SUD_ADMIN:[object Object] frameMargin=24 placement=NETWORK_SIMPLEX compaction=NONE ratioHigh=1.7478 edgeLayerGap=30 edgeNodeGap=30 edgeGap=20 componentGap=60"
architecture-sauvegardes,elk,2,172,0.254,3.16,3.45,3.95,2.03,0.621,0.119,1.723,418,vertes,"mode=frame direction=RIGHT inner=RIGHT split=all portSide=free layerGap=60 nodeGap=24 rootPadding=12 frame=north:USER/south:SUD_ADMIN/anchor:OVH_CLUSTER/band:Z_GHX,OVH_CLUSTER,BUCKETS_OVH,EXT_REGION plan=Z_GHX:[object Object]/GH_PILOTAGE:[object Object]/HORS_GH:[object Object]/OVH_CLUSTER:[object Object]/immo_tenant:[object Object]/geo_tenant:[object Object]/BUCKETS_OVH:[object Object]/S3_IMMO:[object Object]/S3_GEO:[object Object]/EXT_REGION:[object Object]/SUD_ADMIN:[object Object] frameMargin=24 placement=NETWORK_SIMPLEX compaction=NONE ratioHigh=1.775 edgeLayerGap=30 edgeNodeGap=30 edgeGap=20 componentGap=60"
architecture-sauvegardes,elk,2,191,0.252,3.16,3.45,3.95,2.01,0.617,0.118,1.737,418,vertes,"mode=frame direction=RIGHT inner=RIGHT split=all portSide=free layerGap=60 nodeGap=24 rootPadding=12 frame=north:USER/south:SUD_ADMIN/anchor:OVH_CLUSTER/band:Z_GHX,OVH_CLUSTER,BUCKETS_OVH,EXT_REGION plan=Z_GHX:[object Object]/GH_PILOTAGE:[object Object]/HORS_GH:[object Object]/OVH_CLUSTER:[object Object]/immo_tenant:[object Object]/geo_tenant:[object Object]/BUCKETS_OVH:[object Object]/S3_IMMO:[object Object]/S3_GEO:[object Object]/EXT_REGION:[object Object]/SUD_ADMIN:[object Object] frameMargin=40 placement=NETWORK_SIMPLEX compaction=NONE ratioHigh=1.7478 edgeLayerGap=30 edgeNodeGap=30 edgeGap=20 componentGap=60"
architecture-sauvegardes,elk,2,192,0.252,3.16,3.45,3.95,2.01,0.617,0.118,1.737,418,vertes,"mode=frame direction=RIGHT inner=RIGHT split=all portSide=free layerGap=60 nodeGap=24 rootPadding=12 frame=north:USER/south:SUD_ADMIN/anchor:OVH_CLUSTER/band:Z_GHX,OVH_CLUSTER,BUCKETS_OVH,EXT_REGION plan=Z_GHX:[object Object]/GH_PILOTAGE:[object Object]/HORS_GH:[object Object]/OVH_CLUSTER:[object Object]/immo_tenant:[object Object]/geo_tenant:[object Object]/BUCKETS_OVH:[object Object]/S3_IMMO:[object Object]/S3_GEO:[object Object]/EXT_REGION:[object Object]/SUD_ADMIN:[object Object] frameMargin=40 placement=NETWORK_SIMPLEX compaction=NONE ratioHigh=1.775 edgeLayerGap=30 edgeNodeGap=30 edgeGap=20 componentGap=60"
architecture-sauvegardes,elk,2,41,0.286,3.43,3.74,4.28,2.30,0.613,0.146,1.647,416,vertes,"mode=frame direction=RIGHT inner=RIGHT split=all portSide=free layerGap=60 nodeGap=24 rootPadding=12 frame=north:USER/south:SUD_ADMIN/anchor:OVH_CLUSTER/band:Z_GHX,OVH_CLUSTER,BUCKETS_OVH,EXT_REGION plan=Z_GHX:[object Object]/GH_PILOTAGE:[object Object]/HORS_GH:[object Object]/OVH_CLUSTER:[object Object]/immo_tenant:[object Object]/geo_tenant:[object Object]/BUCKETS_OVH:[object Object]/S3_IMMO:[object Object]/S3_GEO:[object Object]/EXT_REGION:[object Object]/SUD_ADMIN:[object Object] frameMargin=16 placement=NETWORK_SIMPLEX compaction=NONE ratioHigh=1.7478 edgeLayerGap=15 edgeNodeGap=15 edgeGap=10 componentGap=24"
architecture-sauvegardes,elk,2,42,0.286,3.43,3.74,4.28,2.30,0.613,0.146,1.647,416,vertes,"mode=frame direction=RIGHT inner=RIGHT split=all portSide=free layerGap=60 nodeGap=24 rootPadding=12 frame=north:USER/south:SUD_ADMIN/anchor:OVH_CLUSTER/band:Z_GHX,OVH_CLUSTER,BUCKETS_OVH,EXT_REGION plan=Z_GHX:[object Object]/GH_PILOTAGE:[object Object]/HORS_GH:[object Object]/OVH_CLUSTER:[object Object]/immo_tenant:[object Object]/geo_tenant:[object Object]/BUCKETS_OVH:[object Object]/S3_IMMO:[object Object]/S3_GEO:[object Object]/EXT_REGION:[object Object]/SUD_ADMIN:[object Object] frameMargin=16 placement=NETWORK_SIMPLEX compaction=NONE ratioHigh=1.775 edgeLayerGap=15 edgeNodeGap=15 edgeGap=10 componentGap=24"
architecture-sauvegardes,elk,2,45,0.286,3.43,3.74,4.28,2.29,0.611,0.146,1.654,416,vertes,"mode=frame direction=RIGHT inner=RIGHT split=all portSide=free layerGap=60 nodeGap=24 rootPadding=12 frame=north:USER/south:SUD_ADMIN/anchor:OVH_CLUSTER/band:Z_GHX,OVH_CLUSTER,BUCKETS_OVH,EXT_REGION plan=Z_GHX:[object Object]/GH_PILOTAGE:[object Object]/HORS_GH:[object Object]/OVH_CLUSTER:[object Object]/immo_tenant:[object Object]/geo_tenant:[object Object]/BUCKETS_OVH:[object Object]/S3_IMMO:[object Object]/S3_GEO:[object Object]/EXT_REGION:[object Object]/SUD_ADMIN:[object Object] frameMargin=24 placement=NETWORK_SIMPLEX compaction=NONE ratioHigh=1.7478 edgeLayerGap=15 edgeNodeGap=15 edgeGap=10 componentGap=24"
architecture-sauvegardes,elk,2,46,0.286,3.43,3.74,4.28,2.29,0.611,0.146,1.654,416,vertes,"mode=frame direction=RIGHT inner=RIGHT split=all portSide=free layerGap=60 nodeGap=24 rootPadding=12 frame=north:USER/south:SUD_ADMIN/anchor:OVH_CLUSTER/band:Z_GHX,OVH_CLUSTER,BUCKETS_OVH,EXT_REGION plan=Z_GHX:[object Object]/GH_PILOTAGE:[object Object]/HORS_GH:[object Object]/OVH_CLUSTER:[object Object]/immo_tenant:[object Object]/geo_tenant:[object Object]/BUCKETS_OVH:[object Object]/S3_IMMO:[object Object]/S3_GEO:[object Object]/EXT_REGION:[object Object]/SUD_ADMIN:[object Object] frameMargin=24 placement=NETWORK_SIMPLEX compaction=NONE ratioHigh=1.775 edgeLayerGap=15 edgeNodeGap=15 edgeGap=10 componentGap=24"
architecture-sauvegardes,elk,2,69,0.284,3.43,3.74,4.28,2.27,0.605,0.144,1.669,416,vertes,"mode=frame direction=RIGHT inner=RIGHT split=all portSide=free layerGap=60 nodeGap=24 rootPadding=12 frame=north:USER/south:SUD_ADMIN/anchor:OVH_CLUSTER/band:Z_GHX,OVH_CLUSTER,BUCKETS_OVH,EXT_REGION plan=Z_GHX:[object Object]/GH_PILOTAGE:[object Object]/HORS_GH:[object Object]/OVH_CLUSTER:[object Object]/immo_tenant:[object Object]/geo_tenant:[object Object]/BUCKETS_OVH:[object Object]/S3_IMMO:[object Object]/S3_GEO:[object Object]/EXT_REGION:[object Object]/SUD_ADMIN:[object Object] frameMargin=40 placement=NETWORK_SIMPLEX compaction=NONE ratioHigh=1.7478 edgeLayerGap=15 edgeNodeGap=15 edgeGap=10 componentGap=24"
architecture-sauvegardes,elk,2,70,0.284,3.43,3.74,4.28,2.27,0.605,0.144,1.669,416,vertes,"mode=frame direction=RIGHT inner=RIGHT split=all portSide=free layerGap=60 nodeGap=24 rootPadding=12 frame=north:USER/south:SUD_ADMIN/anchor:OVH_CLUSTER/band:Z_GHX,OVH_CLUSTER,BUCKETS_OVH,EXT_REGION plan=Z_GHX:[object Object]/GH_PILOTAGE:[object Object]/HORS_GH:[object Object]/OVH_CLUSTER:[object Object]/immo_tenant:[object Object]/geo_tenant:[object Object]/BUCKETS_OVH:[object Object]/S3_IMMO:[object Object]/S3_GEO:[object Object]/EXT_REGION:[object Object]/SUD_ADMIN:[object Object] frameMargin=40 placement=NETWORK_SIMPLEX compaction=NONE ratioHigh=1.775 edgeLayerGap=15 edgeNodeGap=15 edgeGap=10 componentGap=24"
architecture-sauvegardes,elk,2,153,0.255,3.16,3.45,3.95,2.04,0.624,0.119,1.716,418,vertes,"mode=frame direction=RIGHT inner=RIGHT split=all portSide=free layerGap=60 nodeGap=24 rootPadding=12 frame=north:USER/south:SUD_ADMIN/anchor:OVH_CLUSTER/band:Z_GHX,OVH_CLUSTER,BUCKETS_OVH,EXT_REGION plan=Z_GHX:[object Object]/GH_PILOTAGE:[object Object]/HORS_GH:[object Object]/OVH_CLUSTER:[object Object]/immo_tenant:[object Object]/geo_tenant:[object Object]/BUCKETS_OVH:[object Object]/S3_IMMO:[object Object]/S3_GEO:[object Object]/EXT_REGION:[object Object]/SUD_ADMIN:[object Object] frameMargin=16 placement=NETWORK_SIMPLEX compaction=EDGE_LENGTH ratioHigh=1.7478 edgeLayerGap=30 edgeNodeGap=30 edgeGap=20 componentGap=60"
architecture-sauvegardes,elk,2,154,0.255,3.16,3.45,3.95,2.04,0.624,0.119,1.716,418,vertes,"mode=frame direction=RIGHT inner=RIGHT split=all portSide=free layerGap=60 nodeGap=24 rootPadding=12 frame=north:USER/south:SUD_ADMIN/anchor:OVH_CLUSTER/band:Z_GHX,OVH_CLUSTER,BUCKETS_OVH,EXT_REGION plan=Z_GHX:[object Object]/GH_PILOTAGE:[object Object]/HORS_GH:[object Object]/OVH_CLUSTER:[object Object]/immo_tenant:[object Object]/geo_tenant:[object Object]/BUCKETS_OVH:[object Object]/S3_IMMO:[object Object]/S3_GEO:[object Object]/EXT_REGION:[object Object]/SUD_ADMIN:[object Object] frameMargin=16 placement=NETWORK_SIMPLEX compaction=EDGE_LENGTH ratioHigh=1.775 edgeLayerGap=30 edgeNodeGap=30 edgeGap=20 componentGap=60"
architecture-sauvegardes,elk,2,173,0.254,3.16,3.45,3.95,2.03,0.621,0.119,1.723,418,vertes,"mode=frame direction=RIGHT inner=RIGHT split=all portSide=free layerGap=60 nodeGap=24 rootPadding=12 frame=north:USER/south:SUD_ADMIN/anchor:OVH_CLUSTER/band:Z_GHX,OVH_CLUSTER,BUCKETS_OVH,EXT_REGION plan=Z_GHX:[object Object]/GH_PILOTAGE:[object Object]/HORS_GH:[object Object]/OVH_CLUSTER:[object Object]/immo_tenant:[object Object]/geo_tenant:[object Object]/BUCKETS_OVH:[object Object]/S3_IMMO:[object Object]/S3_GEO:[object Object]/EXT_REGION:[object Object]/SUD_ADMIN:[object Object] frameMargin=24 placement=NETWORK_SIMPLEX compaction=EDGE_LENGTH ratioHigh=1.7478 edgeLayerGap=30 edgeNodeGap=30 edgeGap=20 componentGap=60"
architecture-sauvegardes,elk,2,174,0.254,3.16,3.45,3.95,2.03,0.621,0.119,1.723,418,vertes,"mode=frame direction=RIGHT inner=RIGHT split=all portSide=free layerGap=60 nodeGap=24 rootPadding=12 frame=north:USER/south:SUD_ADMIN/anchor:OVH_CLUSTER/band:Z_GHX,OVH_CLUSTER,BUCKETS_OVH,EXT_REGION plan=Z_GHX:[object Object]/GH_PILOTAGE:[object Object]/HORS_GH:[object Object]/OVH_CLUSTER:[object Object]/immo_tenant:[object Object]/geo_tenant:[object Object]/BUCKETS_OVH:[object Object]/S3_IMMO:[object Object]/S3_GEO:[object Object]/EXT_REGION:[object Object]/SUD_ADMIN:[object Object] frameMargin=24 placement=NETWORK_SIMPLEX compaction=EDGE_LENGTH ratioHigh=1.775 edgeLayerGap=30 edgeNodeGap=30 edgeGap=20 componentGap=60"
architecture-sauvegardes,elk,2,193,0.252,3.16,3.45,3.95,2.01,0.617,0.118,1.737,418,vertes,"mode=frame direction=RIGHT inner=RIGHT split=all portSide=free layerGap=60 nodeGap=24 rootPadding=12 frame=north:USER/south:SUD_ADMIN/anchor:OVH_CLUSTER/band:Z_GHX,OVH_CLUSTER,BUCKETS_OVH,EXT_REGION plan=Z_GHX:[object Object]/GH_PILOTAGE:[object Object]/HORS_GH:[object Object]/OVH_CLUSTER:[object Object]/immo_tenant:[object Object]/geo_tenant:[object Object]/BUCKETS_OVH:[object Object]/S3_IMMO:[object Object]/S3_GEO:[object Object]/EXT_REGION:[object Object]/SUD_ADMIN:[object Object] frameMargin=40 placement=NETWORK_SIMPLEX compaction=EDGE_LENGTH ratioHigh=1.7478 edgeLayerGap=30 edgeNodeGap=30 edgeGap=20 componentGap=60"
architecture-sauvegardes,elk,2,194,0.252,3.16,3.45,3.95,2.01,0.617,0.118,1.737,418,vertes,"mode=frame direction=RIGHT inner=RIGHT split=all portSide=free layerGap=60 nodeGap=24 rootPadding=12 frame=north:USER/south:SUD_ADMIN/anchor:OVH_CLUSTER/band:Z_GHX,OVH_CLUSTER,BUCKETS_OVH,EXT_REGION plan=Z_GHX:[object Object]/GH_PILOTAGE:[object Object]/HORS_GH:[object Object]/OVH_CLUSTER:[object Object]/immo_tenant:[object Object]/geo_tenant:[object Object]/BUCKETS_OVH:[object Object]/S3_IMMO:[object Object]/S3_GEO:[object Object]/EXT_REGION:[object Object]/SUD_ADMIN:[object Object] frameMargin=40 placement=NETWORK_SIMPLEX compaction=EDGE_LENGTH ratioHigh=1.775 edgeLayerGap=30 edgeNodeGap=30 edgeGap=20 componentGap=60"
architecture-sauvegardes,elk,2,43,0.286,3.43,3.74,4.28,2.30,0.613,0.146,1.647,416,vertes,"mode=frame direction=RIGHT inner=RIGHT split=all portSide=free layerGap=60 nodeGap=24 rootPadding=12 frame=north:USER/south:SUD_ADMIN/anchor:OVH_CLUSTER/band:Z_GHX,OVH_CLUSTER,BUCKETS_OVH,EXT_REGION plan=Z_GHX:[object Object]/GH_PILOTAGE:[object Object]/HORS_GH:[object Object]/OVH_CLUSTER:[object Object]/immo_tenant:[object Object]/geo_tenant:[object Object]/BUCKETS_OVH:[object Object]/S3_IMMO:[object Object]/S3_GEO:[object Object]/EXT_REGION:[object Object]/SUD_ADMIN:[object Object] frameMargin=16 placement=NETWORK_SIMPLEX compaction=EDGE_LENGTH ratioHigh=1.7478 edgeLayerGap=15 edgeNodeGap=15 edgeGap=10 componentGap=24"
architecture-sauvegardes,elk,2,44,0.286,3.43,3.74,4.28,2.30,0.613,0.146,1.647,416,vertes,"mode=frame direction=RIGHT inner=RIGHT split=all portSide=free layerGap=60 nodeGap=24 rootPadding=12 frame=north:USER/south:SUD_ADMIN/anchor:OVH_CLUSTER/band:Z_GHX,OVH_CLUSTER,BUCKETS_OVH,EXT_REGION plan=Z_GHX:[object Object]/GH_PILOTAGE:[object Object]/HORS_GH:[object Object]/OVH_CLUSTER:[object Object]/immo_tenant:[object Object]/geo_tenant:[object Object]/BUCKETS_OVH:[object Object]/S3_IMMO:[object Object]/S3_GEO:[object Object]/EXT_REGION:[object Object]/SUD_ADMIN:[object Object] frameMargin=16 placement=NETWORK_SIMPLEX compaction=EDGE_LENGTH ratioHigh=1.775 edgeLayerGap=15 edgeNodeGap=15 edgeGap=10 componentGap=24"
architecture-sauvegardes,elk,2,47,0.286,3.43,3.74,4.28,2.29,0.611,0.146,1.654,416,vertes,"mode=frame direction=RIGHT inner=RIGHT split=all portSide=free layerGap=60 nodeGap=24 rootPadding=12 frame=north:USER/south:SUD_ADMIN/anchor:OVH_CLUSTER/band:Z_GHX,OVH_CLUSTER,BUCKETS_OVH,EXT_REGION plan=Z_GHX:[object Object]/GH_PILOTAGE:[object Object]/HORS_GH:[object Object]/OVH_CLUSTER:[object Object]/immo_tenant:[object Object]/geo_tenant:[object Object]/BUCKETS_OVH:[object Object]/S3_IMMO:[object Object]/S3_GEO:[object Object]/EXT_REGION:[object Object]/SUD_ADMIN:[object Object] frameMargin=24 placement=NETWORK_SIMPLEX compaction=EDGE_LENGTH ratioHigh=1.7478 edgeLayerGap=15 edgeNodeGap=15 edgeGap=10 componentGap=24"
architecture-sauvegardes,elk,2,48,0.286,3.43,3.74,4.28,2.29,0.611,0.146,1.654,416,vertes,"mode=frame direction=RIGHT inner=RIGHT split=all portSide=free layerGap=60 nodeGap=24 rootPadding=12 frame=north:USER/south:SUD_ADMIN/anchor:OVH_CLUSTER/band:Z_GHX,OVH_CLUSTER,BUCKETS_OVH,EXT_REGION plan=Z_GHX:[object Object]/GH_PILOTAGE:[object Object]/HORS_GH:[object Object]/OVH_CLUSTER:[object Object]/immo_tenant:[object Object]/geo_tenant:[object Object]/BUCKETS_OVH:[object Object]/S3_IMMO:[object Object]/S3_GEO:[object Object]/EXT_REGION:[object Object]/SUD_ADMIN:[object Object] frameMargin=24 placement=NETWORK_SIMPLEX compaction=EDGE_LENGTH ratioHigh=1.775 edgeLayerGap=15 edgeNodeGap=15 edgeGap=10 componentGap=24"
architecture-sauvegardes,elk,2,71,0.284,3.43,3.74,4.28,2.27,0.605,0.144,1.669,416,vertes,"mode=frame direction=RIGHT inner=RIGHT split=all portSide=free layerGap=60 nodeGap=24 rootPadding=12 frame=north:USER/south:SUD_ADMIN/anchor:OVH_CLUSTER/band:Z_GHX,OVH_CLUSTER,BUCKETS_OVH,EXT_REGION plan=Z_GHX:[object Object]/GH_PILOTAGE:[object Object]/HORS_GH:[object Object]/OVH_CLUSTER:[object Object]/immo_tenant:[object Object]/geo_tenant:[object Object]/BUCKETS_OVH:[object Object]/S3_IMMO:[object Object]/S3_GEO:[object Object]/EXT_REGION:[object Object]/SUD_ADMIN:[object Object] frameMargin=40 placement=NETWORK_SIMPLEX compaction=EDGE_LENGTH ratioHigh=1.7478 edgeLayerGap=15 edgeNodeGap=15 edgeGap=10 componentGap=24"
architecture-sauvegardes,elk,2,72,0.284,3.43,3.74,4.28,2.27,0.605,0.144,1.669,416,vertes,"mode=frame direction=RIGHT inner=RIGHT split=all portSide=free layerGap=60 nodeGap=24 rootPadding=12 frame=north:USER/south:SUD_ADMIN/anchor:OVH_CLUSTER/band:Z_GHX,OVH_CLUSTER,BUCKETS_OVH,EXT_REGION plan=Z_GHX:[object Object]/GH_PILOTAGE:[object Object]/HORS_GH:[object Object]/OVH_CLUSTER:[object Object]/immo_tenant:[object Object]/geo_tenant:[object Object]/BUCKETS_OVH:[object Object]/S3_IMMO:[object Object]/S3_GEO:[object Object]/EXT_REGION:[object Object]/SUD_ADMIN:[object Object] frameMargin=40 placement=NETWORK_SIMPLEX compaction=EDGE_LENGTH ratioHigh=1.775 edgeLayerGap=15 edgeNodeGap=15 edgeGap=10 componentGap=24"
architecture-sauvegardes,elk,2,143,0.255,3.18,3.47,3.97,2.04,0.626,0.120,1.728,423,vertes,"mode=frame direction=RIGHT inner=RIGHT split=all portSide=free layerGap=60 nodeGap=24 rootPadding=12 frame=north:USER/south:SUD_ADMIN/anchor:OVH_CLUSTER/band:Z_GHX,OVH_CLUSTER,BUCKETS_OVH,EXT_REGION plan=Z_GHX:[object Object]/GH_PILOTAGE:[object Object]/HORS_GH:[object Object]/OVH_CLUSTER:[object Object]/immo_tenant:[object Object]/geo_tenant:[object Object]/BUCKETS_OVH:[object Object]/S3_IMMO:[object Object]/S3_GEO:[object Object]/EXT_REGION:[object Object]/SUD_ADMIN:[object Object] frameMargin=16 placement=BRANDES_KOEPF compaction=NONE ratioHigh=1.7478 edgeLayerGap=30 edgeNodeGap=30 edgeGap=20 componentGap=60"
architecture-sauvegardes,elk,2,144,0.255,3.18,3.47,3.97,2.04,0.626,0.120,1.728,423,vertes,"mode=frame direction=RIGHT inner=RIGHT split=all portSide=free layerGap=60 nodeGap=24 rootPadding=12 frame=north:USER/south:SUD_ADMIN/anchor:OVH_CLUSTER/band:Z_GHX,OVH_CLUSTER,BUCKETS_OVH,EXT_REGION plan=Z_GHX:[object Object]/GH_PILOTAGE:[object Object]/HORS_GH:[object Object]/OVH_CLUSTER:[object Object]/immo_tenant:[object Object]/geo_tenant:[object Object]/BUCKETS_OVH:[object Object]/S3_IMMO:[object Object]/S3_GEO:[object Object]/EXT_REGION:[object Object]/SUD_ADMIN:[object Object] frameMargin=16 placement=BRANDES_KOEPF compaction=NONE ratioHigh=1.775 edgeLayerGap=30 edgeNodeGap=30 edgeGap=20 componentGap=60"
architecture-sauvegardes,elk,2,163,0.254,3.18,3.47,3.97,2.03,0.623,0.120,1.735,423,vertes,"mode=frame direction=RIGHT inner=RIGHT split=all portSide=free layerGap=60 nodeGap=24 rootPadding=12 frame=north:USER/south:SUD_ADMIN/anchor:OVH_CLUSTER/band:Z_GHX,OVH_CLUSTER,BUCKETS_OVH,EXT_REGION plan=Z_GHX:[object Object]/GH_PILOTAGE:[object Object]/HORS_GH:[object Object]/OVH_CLUSTER:[object Object]/immo_tenant:[object Object]/geo_tenant:[object Object]/BUCKETS_OVH:[object Object]/S3_IMMO:[object Object]/S3_GEO:[object Object]/EXT_REGION:[object Object]/SUD_ADMIN:[object Object] frameMargin=24 placement=BRANDES_KOEPF compaction=NONE ratioHigh=1.7478 edgeLayerGap=30 edgeNodeGap=30 edgeGap=20 componentGap=60"
architecture-sauvegardes,elk,2,164,0.254,3.18,3.47,3.97,2.03,0.623,0.120,1.735,423,vertes,"mode=frame direction=RIGHT inner=RIGHT split=all portSide=free layerGap=60 nodeGap=24 rootPadding=12 frame=north:USER/south:SUD_ADMIN/anchor:OVH_CLUSTER/band:Z_GHX,OVH_CLUSTER,BUCKETS_OVH,EXT_REGION plan=Z_GHX:[object Object]/GH_PILOTAGE:[object Object]/HORS_GH:[object Object]/OVH_CLUSTER:[object Object]/immo_tenant:[object Object]/geo_tenant:[object Object]/BUCKETS_OVH:[object Object]/S3_IMMO:[object Object]/S3_GEO:[object Object]/EXT_REGION:[object Object]/SUD_ADMIN:[object Object] frameMargin=24 placement=BRANDES_KOEPF compaction=NONE ratioHigh=1.775 edgeLayerGap=30 edgeNodeGap=30 edgeGap=20 componentGap=60"
architecture-sauvegardes,elk,2,188,0.252,3.18,3.47,3.97,2.01,0.618,0.119,1.748,423,vertes,"mode=frame direction=RIGHT inner=RIGHT split=all portSide=free layerGap=60 nodeGap=24 rootPadding=12 frame=north:USER/south:SUD_ADMIN/anchor:OVH_CLUSTER/band:Z_GHX,OVH_CLUSTER,BUCKETS_OVH,EXT_REGION plan=Z_GHX:[object Object]/GH_PILOTAGE:[object Object]/HORS_GH:[object Object]/OVH_CLUSTER:[object Object]/immo_tenant:[object Object]/geo_tenant:[object Object]/BUCKETS_OVH:[object Object]/S3_IMMO:[object Object]/S3_GEO:[object Object]/EXT_REGION:[object Object]/SUD_ADMIN:[object Object] frameMargin=40 placement=BRANDES_KOEPF compaction=NONE ratioHigh=1.7478 edgeLayerGap=30 edgeNodeGap=30 edgeGap=20 componentGap=60"
architecture-sauvegardes,elk,2,182,0.252,3.18,3.47,3.97,2.01,0.618,0.119,1.749,423,vertes,"mode=frame direction=RIGHT inner=RIGHT split=all portSide=free layerGap=60 nodeGap=24 rootPadding=12 frame=north:USER/south:SUD_ADMIN/anchor:OVH_CLUSTER/band:Z_GHX,OVH_CLUSTER,BUCKETS_OVH,EXT_REGION plan=Z_GHX:[object Object]/GH_PILOTAGE:[object Object]/HORS_GH:[object Object]/OVH_CLUSTER:[object Object]/immo_tenant:[object Object]/geo_tenant:[object Object]/BUCKETS_OVH:[object Object]/S3_IMMO:[object Object]/S3_GEO:[object Object]/EXT_REGION:[object Object]/SUD_ADMIN:[object Object] frameMargin=40 placement=BRANDES_KOEPF compaction=NONE ratioHigh=1.775 edgeLayerGap=30 edgeNodeGap=30 edgeGap=20 componentGap=60"
architecture-sauvegardes,elk,2,13,0.288,3.49,3.81,4.36,2.30,0.618,0.149,1.676,421,vertes,"mode=frame direction=RIGHT inner=RIGHT split=all portSide=free layerGap=60 nodeGap=24 rootPadding=12 frame=north:USER/south:SUD_ADMIN/anchor:OVH_CLUSTER/band:Z_GHX,OVH_CLUSTER,BUCKETS_OVH,EXT_REGION plan=Z_GHX:[object Object]/GH_PILOTAGE:[object Object]/HORS_GH:[object Object]/OVH_CLUSTER:[object Object]/immo_tenant:[object Object]/geo_tenant:[object Object]/BUCKETS_OVH:[object Object]/S3_IMMO:[object Object]/S3_GEO:[object Object]/EXT_REGION:[object Object]/SUD_ADMIN:[object Object] frameMargin=16 placement=BRANDES_KOEPF compaction=NONE ratioHigh=1.7478 edgeLayerGap=15 edgeNodeGap=15 edgeGap=10 componentGap=24"
architecture-sauvegardes,elk,2,14,0.288,3.49,3.81,4.36,2.30,0.618,0.149,1.676,421,vertes,"mode=frame direction=RIGHT inner=RIGHT split=all portSide=free layerGap=60 nodeGap=24 rootPadding=12 frame=north:USER/south:SUD_ADMIN/anchor:OVH_CLUSTER/band:Z_GHX,OVH_CLUSTER,BUCKETS_OVH,EXT_REGION plan=Z_GHX:[object Object]/GH_PILOTAGE:[object Object]/HORS_GH:[object Object]/OVH_CLUSTER:[object Object]/immo_tenant:[object Object]/geo_tenant:[object Object]/BUCKETS_OVH:[object Object]/S3_IMMO:[object Object]/S3_GEO:[object Object]/EXT_REGION:[object Object]/SUD_ADMIN:[object Object] frameMargin=16 placement=BRANDES_KOEPF compaction=NONE ratioHigh=1.775 edgeLayerGap=15 edgeNodeGap=15 edgeGap=10 componentGap=24"
architecture-sauvegardes,elk,2,33,0.287,3.49,3.81,4.36,2.29,0.615,0.148,1.684,421,vertes,"mode=frame direction=RIGHT inner=RIGHT split=all portSide=free layerGap=60 nodeGap=24 rootPadding=12 frame=north:USER/south:SUD_ADMIN/anchor:OVH_CLUSTER/band:Z_GHX,OVH_CLUSTER,BUCKETS_OVH,EXT_REGION plan=Z_GHX:[object Object]/GH_PILOTAGE:[object Object]/HORS_GH:[object Object]/OVH_CLUSTER:[object Object]/immo_tenant:[object Object]/geo_tenant:[object Object]/BUCKETS_OVH:[object Object]/S3_IMMO:[object Object]/S3_GEO:[object Object]/EXT_REGION:[object Object]/SUD_ADMIN:[object Object] frameMargin=24 placement=BRANDES_KOEPF compaction=NONE ratioHigh=1.7478 edgeLayerGap=15 edgeNodeGap=15 edgeGap=10 componentGap=24"
architecture-sauvegardes,elk,2,34,0.287,3.49,3.81,4.36,2.29,0.615,0.148,1.684,421,vertes,"mode=frame direction=RIGHT inner=RIGHT split=all portSide=free layerGap=60 nodeGap=24 rootPadding=12 frame=north:USER/south:SUD_ADMIN/anchor:OVH_CLUSTER/band:Z_GHX,OVH_CLUSTER,BUCKETS_OVH,EXT_REGION plan=Z_GHX:[object Object]/GH_PILOTAGE:[object Object]/HORS_GH:[object Object]/OVH_CLUSTER:[object Object]/immo_tenant:[object Object]/geo_tenant:[object Object]/BUCKETS_OVH:[object Object]/S3_IMMO:[object Object]/S3_GEO:[object Object]/EXT_REGION:[object Object]/SUD_ADMIN:[object Object] frameMargin=24 placement=BRANDES_KOEPF compaction=NONE ratioHigh=1.775 edgeLayerGap=15 edgeNodeGap=15 edgeGap=10 componentGap=24"
architecture-sauvegardes,elk,2,61,0.284,3.49,3.81,4.36,2.27,0.610,0.147,1.699,421,vertes,"mode=frame direction=RIGHT inner=RIGHT split=all portSide=free layerGap=60 nodeGap=24 rootPadding=12 frame=north:USER/south:SUD_ADMIN/anchor:OVH_CLUSTER/band:Z_GHX,OVH_CLUSTER,BUCKETS_OVH,EXT_REGION plan=Z_GHX:[object Object]/GH_PILOTAGE:[object Object]/HORS_GH:[object Object]/OVH_CLUSTER:[object Object]/immo_tenant:[object Object]/geo_tenant:[object Object]/BUCKETS_OVH:[object Object]/S3_IMMO:[object Object]/S3_GEO:[object Object]/EXT_REGION:[object Object]/SUD_ADMIN:[object Object] frameMargin=40 placement=BRANDES_KOEPF compaction=NONE ratioHigh=1.7478 edgeLayerGap=15 edgeNodeGap=15 edgeGap=10 componentGap=24"
architecture-sauvegardes,elk,2,62,0.284,3.49,3.81,4.36,2.27,0.610,0.147,1.699,421,vertes,"mode=frame direction=RIGHT inner=RIGHT split=all portSide=free layerGap=60 nodeGap=24 rootPadding=12 frame=north:USER/south:SUD_ADMIN/anchor:OVH_CLUSTER/band:Z_GHX,OVH_CLUSTER,BUCKETS_OVH,EXT_REGION plan=Z_GHX:[object Object]/GH_PILOTAGE:[object Object]/HORS_GH:[object Object]/OVH_CLUSTER:[object Object]/immo_tenant:[object Object]/geo_tenant:[object Object]/BUCKETS_OVH:[object Object]/S3_IMMO:[object Object]/S3_GEO:[object Object]/EXT_REGION:[object Object]/SUD_ADMIN:[object Object] frameMargin=40 placement=BRANDES_KOEPF compaction=NONE ratioHigh=1.775 edgeLayerGap=15 edgeNodeGap=15 edgeGap=10 componentGap=24"
architecture-sauvegardes,elk,2,155,0.255,3.16,3.45,3.95,2.04,0.624,0.119,1.716,424,vertes,"mode=frame direction=RIGHT inner=RIGHT split=all portSide=free layerGap=60 nodeGap=24 rootPadding=12 frame=north:USER/south:SUD_ADMIN/anchor:OVH_CLUSTER/band:Z_GHX,OVH_CLUSTER,BUCKETS_OVH,EXT_REGION plan=Z_GHX:[object Object]/GH_PILOTAGE:[object Object]/HORS_GH:[object Object]/OVH_CLUSTER:[object Object]/immo_tenant:[object Object]/geo_tenant:[object Object]/BUCKETS_OVH:[object Object]/S3_IMMO:[object Object]/S3_GEO:[object Object]/EXT_REGION:[object Object]/SUD_ADMIN:[object Object] frameMargin=16 placement=BRANDES_KOEPF compaction=EDGE_LENGTH ratioHigh=1.7478 edgeLayerGap=30 edgeNodeGap=30 edgeGap=20 componentGap=60"
architecture-sauvegardes,elk,2,156,0.255,3.16,3.45,3.95,2.04,0.624,0.119,1.716,424,vertes,"mode=frame direction=RIGHT inner=RIGHT split=all portSide=free layerGap=60 nodeGap=24 rootPadding=12 frame=north:USER/south:SUD_ADMIN/anchor:OVH_CLUSTER/band:Z_GHX,OVH_CLUSTER,BUCKETS_OVH,EXT_REGION plan=Z_GHX:[object Object]/GH_PILOTAGE:[object Object]/HORS_GH:[object Object]/OVH_CLUSTER:[object Object]/immo_tenant:[object Object]/geo_tenant:[object Object]/BUCKETS_OVH:[object Object]/S3_IMMO:[object Object]/S3_GEO:[object Object]/EXT_REGION:[object Object]/SUD_ADMIN:[object Object] frameMargin=16 placement=BRANDES_KOEPF compaction=EDGE_LENGTH ratioHigh=1.775 edgeLayerGap=30 edgeNodeGap=30 edgeGap=20 componentGap=60"
architecture-sauvegardes,elk,2,175,0.254,3.16,3.45,3.95,2.03,0.621,0.119,1.723,424,vertes,"mode=frame direction=RIGHT inner=RIGHT split=all portSide=free layerGap=60 nodeGap=24 rootPadding=12 frame=north:USER/south:SUD_ADMIN/anchor:OVH_CLUSTER/band:Z_GHX,OVH_CLUSTER,BUCKETS_OVH,EXT_REGION plan=Z_GHX:[object Object]/GH_PILOTAGE:[object Object]/HORS_GH:[object Object]/OVH_CLUSTER:[object Object]/immo_tenant:[object Object]/geo_tenant:[object Object]/BUCKETS_OVH:[object Object]/S3_IMMO:[object Object]/S3_GEO:[object Object]/EXT_REGION:[object Object]/SUD_ADMIN:[object Object] frameMargin=24 placement=BRANDES_KOEPF compaction=EDGE_LENGTH ratioHigh=1.7478 edgeLayerGap=30 edgeNodeGap=30 edgeGap=20 componentGap=60"
architecture-sauvegardes,elk,2,176,0.254,3.16,3.45,3.95,2.03,0.621,0.119,1.723,424,vertes,"mode=frame direction=RIGHT inner=RIGHT split=all portSide=free layerGap=60 nodeGap=24 rootPadding=12 frame=north:USER/south:SUD_ADMIN/anchor:OVH_CLUSTER/band:Z_GHX,OVH_CLUSTER,BUCKETS_OVH,EXT_REGION plan=Z_GHX:[object Object]/GH_PILOTAGE:[object Object]/HORS_GH:[object Object]/OVH_CLUSTER:[object Object]/immo_tenant:[object Object]/geo_tenant:[object Object]/BUCKETS_OVH:[object Object]/S3_IMMO:[object Object]/S3_GEO:[object Object]/EXT_REGION:[object Object]/SUD_ADMIN:[object Object] frameMargin=24 placement=BRANDES_KOEPF compaction=EDGE_LENGTH ratioHigh=1.775 edgeLayerGap=30 edgeNodeGap=30 edgeGap=20 componentGap=60"
architecture-sauvegardes,elk,2,195,0.252,3.16,3.45,3.95,2.01,0.617,0.118,1.737,424,vertes,"mode=frame direction=RIGHT inner=RIGHT split=all portSide=free layerGap=60 nodeGap=24 rootPadding=12 frame=north:USER/south:SUD_ADMIN/anchor:OVH_CLUSTER/band:Z_GHX,OVH_CLUSTER,BUCKETS_OVH,EXT_REGION plan=Z_GHX:[object Object]/GH_PILOTAGE:[object Object]/HORS_GH:[object Object]/OVH_CLUSTER:[object Object]/immo_tenant:[object Object]/geo_tenant:[object Object]/BUCKETS_OVH:[object Object]/S3_IMMO:[object Object]/S3_GEO:[object Object]/EXT_REGION:[object Object]/SUD_ADMIN:[object Object] frameMargin=40 placement=BRANDES_KOEPF compaction=EDGE_LENGTH ratioHigh=1.7478 edgeLayerGap=30 edgeNodeGap=30 edgeGap=20 componentGap=60"
architecture-sauvegardes,elk,2,196,0.252,3.16,3.45,3.95,2.01,0.617,0.118,1.737,424,vertes,"mode=frame direction=RIGHT inner=RIGHT split=all portSide=free layerGap=60 nodeGap=24 rootPadding=12 frame=north:USER/south:SUD_ADMIN/anchor:OVH_CLUSTER/band:Z_GHX,OVH_CLUSTER,BUCKETS_OVH,EXT_REGION plan=Z_GHX:[object Object]/GH_PILOTAGE:[object Object]/HORS_GH:[object Object]/OVH_CLUSTER:[object Object]/immo_tenant:[object Object]/geo_tenant:[object Object]/BUCKETS_OVH:[object Object]/S3_IMMO:[object Object]/S3_GEO:[object Object]/EXT_REGION:[object Object]/SUD_ADMIN:[object Object] frameMargin=40 placement=BRANDES_KOEPF compaction=EDGE_LENGTH ratioHigh=1.775 edgeLayerGap=30 edgeNodeGap=30 edgeGap=20 componentGap=60"
architecture-sauvegardes,elk,2,15,0.288,3.49,3.81,4.36,2.30,0.618,0.149,1.676,421,vertes,"mode=frame direction=RIGHT inner=RIGHT split=all portSide=free layerGap=60 nodeGap=24 rootPadding=12 frame=north:USER/south:SUD_ADMIN/anchor:OVH_CLUSTER/band:Z_GHX,OVH_CLUSTER,BUCKETS_OVH,EXT_REGION plan=Z_GHX:[object Object]/GH_PILOTAGE:[object Object]/HORS_GH:[object Object]/OVH_CLUSTER:[object Object]/immo_tenant:[object Object]/geo_tenant:[object Object]/BUCKETS_OVH:[object Object]/S3_IMMO:[object Object]/S3_GEO:[object Object]/EXT_REGION:[object Object]/SUD_ADMIN:[object Object] frameMargin=16 placement=BRANDES_KOEPF compaction=EDGE_LENGTH ratioHigh=1.7478 edgeLayerGap=15 edgeNodeGap=15 edgeGap=10 componentGap=24"
architecture-sauvegardes,elk,2,16,0.288,3.49,3.81,4.36,2.30,0.618,0.149,1.676,421,vertes,"mode=frame direction=RIGHT inner=RIGHT split=all portSide=free layerGap=60 nodeGap=24 rootPadding=12 frame=north:USER/south:SUD_ADMIN/anchor:OVH_CLUSTER/band:Z_GHX,OVH_CLUSTER,BUCKETS_OVH,EXT_REGION plan=Z_GHX:[object Object]/GH_PILOTAGE:[object Object]/HORS_GH:[object Object]/OVH_CLUSTER:[object Object]/immo_tenant:[object Object]/geo_tenant:[object Object]/BUCKETS_OVH:[object Object]/S3_IMMO:[object Object]/S3_GEO:[object Object]/EXT_REGION:[object Object]/SUD_ADMIN:[object Object] frameMargin=16 placement=BRANDES_KOEPF compaction=EDGE_LENGTH ratioHigh=1.775 edgeLayerGap=15 edgeNodeGap=15 edgeGap=10 componentGap=24"
architecture-sauvegardes,elk,2,35,0.287,3.49,3.81,4.36,2.29,0.615,0.148,1.684,421,vertes,"mode=frame direction=RIGHT inner=RIGHT split=all portSide=free layerGap=60 nodeGap=24 rootPadding=12 frame=north:USER/south:SUD_ADMIN/anchor:OVH_CLUSTER/band:Z_GHX,OVH_CLUSTER,BUCKETS_OVH,EXT_REGION plan=Z_GHX:[object Object]/GH_PILOTAGE:[object Object]/HORS_GH:[object Object]/OVH_CLUSTER:[object Object]/immo_tenant:[object Object]/geo_tenant:[object Object]/BUCKETS_OVH:[object Object]/S3_IMMO:[object Object]/S3_GEO:[object Object]/EXT_REGION:[object Object]/SUD_ADMIN:[object Object] frameMargin=24 placement=BRANDES_KOEPF compaction=EDGE_LENGTH ratioHigh=1.7478 edgeLayerGap=15 edgeNodeGap=15 edgeGap=10 componentGap=24"
architecture-sauvegardes,elk,2,36,0.287,3.49,3.81,4.36,2.29,0.615,0.148,1.684,421,vertes,"mode=frame direction=RIGHT inner=RIGHT split=all portSide=free layerGap=60 nodeGap=24 rootPadding=12 frame=north:USER/south:SUD_ADMIN/anchor:OVH_CLUSTER/band:Z_GHX,OVH_CLUSTER,BUCKETS_OVH,EXT_REGION plan=Z_GHX:[object Object]/GH_PILOTAGE:[object Object]/HORS_GH:[object Object]/OVH_CLUSTER:[object Object]/immo_tenant:[object Object]/geo_tenant:[object Object]/BUCKETS_OVH:[object Object]/S3_IMMO:[object Object]/S3_GEO:[object Object]/EXT_REGION:[object Object]/SUD_ADMIN:[object Object] frameMargin=24 placement=BRANDES_KOEPF compaction=EDGE_LENGTH ratioHigh=1.775 edgeLayerGap=15 edgeNodeGap=15 edgeGap=10 componentGap=24"
architecture-sauvegardes,elk,2,63,0.284,3.49,3.81,4.36,2.27,0.610,0.147,1.699,421,vertes,"mode=frame direction=RIGHT inner=RIGHT split=all portSide=free layerGap=60 nodeGap=24 rootPadding=12 frame=north:USER/south:SUD_ADMIN/anchor:OVH_CLUSTER/band:Z_GHX,OVH_CLUSTER,BUCKETS_OVH,EXT_REGION plan=Z_GHX:[object Object]/GH_PILOTAGE:[object Object]/HORS_GH:[object Object]/OVH_CLUSTER:[object Object]/immo_tenant:[object Object]/geo_tenant:[object Object]/BUCKETS_OVH:[object Object]/S3_IMMO:[object Object]/S3_GEO:[object Object]/EXT_REGION:[object Object]/SUD_ADMIN:[object Object] frameMargin=40 placement=BRANDES_KOEPF compaction=EDGE_LENGTH ratioHigh=1.7478 edgeLayerGap=15 edgeNodeGap=15 edgeGap=10 componentGap=24"
architecture-sauvegardes,elk,2,64,0.284,3.49,3.81,4.36,2.27,0.610,0.147,1.699,421,vertes,"mode=frame direction=RIGHT inner=RIGHT split=all portSide=free layerGap=60 nodeGap=24 rootPadding=12 frame=north:USER/south:SUD_ADMIN/anchor:OVH_CLUSTER/band:Z_GHX,OVH_CLUSTER,BUCKETS_OVH,EXT_REGION plan=Z_GHX:[object Object]/GH_PILOTAGE:[object Object]/HORS_GH:[object Object]/OVH_CLUSTER:[object Object]/immo_tenant:[object Object]/geo_tenant:[object Object]/BUCKETS_OVH:[object Object]/S3_IMMO:[object Object]/S3_GEO:[object Object]/EXT_REGION:[object Object]/SUD_ADMIN:[object Object] frameMargin=40 placement=BRANDES_KOEPF compaction=EDGE_LENGTH ratioHigh=1.775 edgeLayerGap=15 edgeNodeGap=15 edgeGap=10 componentGap=24"
architecture-sauvegardes,elk,2,111,0.263,3.16,3.44,3.94,2.18,0.631,0.127,1.602,426,vertes,"mode=frame direction=RIGHT inner=RIGHT split=all portSide=free layerGap=60 nodeGap=24 rootPadding=12 frame=north:USER/south:SUD_ADMIN/anchor:OVH_CLUSTER/band:Z_GHX,OVH_CLUSTER,BUCKETS_OVH,EXT_REGION plan=Z_GHX:[object Object]/GH_PILOTAGE:[object Object]/HORS_GH:[object Object]/OVH_CLUSTER:[object Object]/immo_tenant:[object Object]/geo_tenant:[object Object]/BUCKETS_OVH:[object Object]/S3_IMMO:[object Object]/S3_GEO:[object Object]/EXT_REGION:[object Object]/SUD_ADMIN:[object Object] frameMargin=16 placement=LINEAR_SEGMENTS compaction=NONE ratioHigh=1.7478 edgeLayerGap=30 edgeNodeGap=30 edgeGap=20 componentGap=60"
architecture-sauvegardes,elk,2,112,0.263,3.16,3.44,3.94,2.18,0.631,0.127,1.602,426,vertes,"mode=frame direction=RIGHT inner=RIGHT split=all portSide=free layerGap=60 nodeGap=24 rootPadding=12 frame=north:USER/south:SUD_ADMIN/anchor:OVH_CLUSTER/band:Z_GHX,OVH_CLUSTER,BUCKETS_OVH,EXT_REGION plan=Z_GHX:[object Object]/GH_PILOTAGE:[object Object]/HORS_GH:[object Object]/OVH_CLUSTER:[object Object]/immo_tenant:[object Object]/geo_tenant:[object Object]/BUCKETS_OVH:[object Object]/S3_IMMO:[object Object]/S3_GEO:[object Object]/EXT_REGION:[object Object]/SUD_ADMIN:[object Object] frameMargin=16 placement=LINEAR_SEGMENTS compaction=NONE ratioHigh=1.775 edgeLayerGap=30 edgeNodeGap=30 edgeGap=20 componentGap=60"
architecture-sauvegardes,elk,2,115,0.263,3.16,3.44,3.94,2.17,0.628,0.127,1.609,426,vertes,"mode=frame direction=RIGHT inner=RIGHT split=all portSide=free layerGap=60 nodeGap=24 rootPadding=12 frame=north:USER/south:SUD_ADMIN/anchor:OVH_CLUSTER/band:Z_GHX,OVH_CLUSTER,BUCKETS_OVH,EXT_REGION plan=Z_GHX:[object Object]/GH_PILOTAGE:[object Object]/HORS_GH:[object Object]/OVH_CLUSTER:[object Object]/immo_tenant:[object Object]/geo_tenant:[object Object]/BUCKETS_OVH:[object Object]/S3_IMMO:[object Object]/S3_GEO:[object Object]/EXT_REGION:[object Object]/SUD_ADMIN:[object Object] frameMargin=24 placement=LINEAR_SEGMENTS compaction=NONE ratioHigh=1.7478 edgeLayerGap=30 edgeNodeGap=30 edgeGap=20 componentGap=60"
architecture-sauvegardes,elk,2,116,0.263,3.16,3.44,3.94,2.17,0.628,0.127,1.609,426,vertes,"mode=frame direction=RIGHT inner=RIGHT split=all portSide=free layerGap=60 nodeGap=24 rootPadding=12 frame=north:USER/south:SUD_ADMIN/anchor:OVH_CLUSTER/band:Z_GHX,OVH_CLUSTER,BUCKETS_OVH,EXT_REGION plan=Z_GHX:[object Object]/GH_PILOTAGE:[object Object]/HORS_GH:[object Object]/OVH_CLUSTER:[object Object]/immo_tenant:[object Object]/geo_tenant:[object Object]/BUCKETS_OVH:[object Object]/S3_IMMO:[object Object]/S3_GEO:[object Object]/EXT_REGION:[object Object]/SUD_ADMIN:[object Object] frameMargin=24 placement=LINEAR_SEGMENTS compaction=NONE ratioHigh=1.775 edgeLayerGap=30 edgeNodeGap=30 edgeGap=20 componentGap=60"
architecture-sauvegardes,elk,2,119,0.263,3.16,3.44,3.94,2.15,0.623,0.126,1.623,426,vertes,"mode=frame direction=RIGHT inner=RIGHT split=all portSide=free layerGap=60 nodeGap=24 rootPadding=12 frame=north:USER/south:SUD_ADMIN/anchor:OVH_CLUSTER/band:Z_GHX,OVH_CLUSTER,BUCKETS_OVH,EXT_REGION plan=Z_GHX:[object Object]/GH_PILOTAGE:[object Object]/HORS_GH:[object Object]/OVH_CLUSTER:[object Object]/immo_tenant:[object Object]/geo_tenant:[object Object]/BUCKETS_OVH:[object Object]/S3_IMMO:[object Object]/S3_GEO:[object Object]/EXT_REGION:[object Object]/SUD_ADMIN:[object Object] frameMargin=40 placement=LINEAR_SEGMENTS compaction=NONE ratioHigh=1.7478 edgeLayerGap=30 edgeNodeGap=30 edgeGap=20 componentGap=60"
architecture-sauvegardes,elk,2,120,0.263,3.16,3.44,3.94,2.15,0.623,0.126,1.623,426,vertes,"mode=frame direction=RIGHT inner=RIGHT split=all portSide=free layerGap=60 nodeGap=24 rootPadding=12 frame=north:USER/south:SUD_ADMIN/anchor:OVH_CLUSTER/band:Z_GHX,OVH_CLUSTER,BUCKETS_OVH,EXT_REGION plan=Z_GHX:[object Object]/GH_PILOTAGE:[object Object]/HORS_GH:[object Object]/OVH_CLUSTER:[object Object]/immo_tenant:[object Object]/geo_tenant:[object Object]/BUCKETS_OVH:[object Object]/S3_IMMO:[object Object]/S3_GEO:[object Object]/EXT_REGION:[object Object]/SUD_ADMIN:[object Object] frameMargin=40 placement=LINEAR_SEGMENTS compaction=NONE ratioHigh=1.775 edgeLayerGap=30 edgeNodeGap=30 edgeGap=20 componentGap=60"
architecture-sauvegardes,elk,2,19,0.287,3.45,3.76,4.30,2.30,0.617,0.147,1.655,425,vertes,"mode=frame direction=RIGHT inner=RIGHT split=all portSide=free layerGap=60 nodeGap=24 rootPadding=12 frame=north:USER/south:SUD_ADMIN/anchor:OVH_CLUSTER/band:Z_GHX,OVH_CLUSTER,BUCKETS_OVH,EXT_REGION plan=Z_GHX:[object Object]/GH_PILOTAGE:[object Object]/HORS_GH:[object Object]/OVH_CLUSTER:[object Object]/immo_tenant:[object Object]/geo_tenant:[object Object]/BUCKETS_OVH:[object Object]/S3_IMMO:[object Object]/S3_GEO:[object Object]/EXT_REGION:[object Object]/SUD_ADMIN:[object Object] frameMargin=16 placement=LINEAR_SEGMENTS compaction=NONE ratioHigh=1.7478 edgeLayerGap=15 edgeNodeGap=15 edgeGap=10 componentGap=24"
architecture-sauvegardes,elk,2,20,0.287,3.45,3.76,4.30,2.30,0.617,0.147,1.655,425,vertes,"mode=frame direction=RIGHT inner=RIGHT split=all portSide=free layerGap=60 nodeGap=24 rootPadding=12 frame=north:USER/south:SUD_ADMIN/anchor:OVH_CLUSTER/band:Z_GHX,OVH_CLUSTER,BUCKETS_OVH,EXT_REGION plan=Z_GHX:[object Object]/GH_PILOTAGE:[object Object]/HORS_GH:[object Object]/OVH_CLUSTER:[object Object]/immo_tenant:[object Object]/geo_tenant:[object Object]/BUCKETS_OVH:[object Object]/S3_IMMO:[object Object]/S3_GEO:[object Object]/EXT_REGION:[object Object]/SUD_ADMIN:[object Object] frameMargin=16 placement=LINEAR_SEGMENTS compaction=NONE ratioHigh=1.775 edgeLayerGap=15 edgeNodeGap=15 edgeGap=10 componentGap=24"
architecture-sauvegardes,elk,2,39,0.287,3.45,3.76,4.30,2.29,0.614,0.146,1.662,425,vertes,"mode=frame direction=RIGHT inner=RIGHT split=all portSide=free layerGap=60 nodeGap=24 rootPadding=12 frame=north:USER/south:SUD_ADMIN/anchor:OVH_CLUSTER/band:Z_GHX,OVH_CLUSTER,BUCKETS_OVH,EXT_REGION plan=Z_GHX:[object Object]/GH_PILOTAGE:[object Object]/HORS_GH:[object Object]/OVH_CLUSTER:[object Object]/immo_tenant:[object Object]/geo_tenant:[object Object]/BUCKETS_OVH:[object Object]/S3_IMMO:[object Object]/S3_GEO:[object Object]/EXT_REGION:[object Object]/SUD_ADMIN:[object Object] frameMargin=24 placement=LINEAR_SEGMENTS compaction=NONE ratioHigh=1.7478 edgeLayerGap=15 edgeNodeGap=15 edgeGap=10 componentGap=24"
architecture-sauvegardes,elk,2,40,0.287,3.45,3.76,4.30,2.29,0.614,0.146,1.662,425,vertes,"mode=frame direction=RIGHT inner=RIGHT split=all portSide=free layerGap=60 nodeGap=24 rootPadding=12 frame=north:USER/south:SUD_ADMIN/anchor:OVH_CLUSTER/band:Z_GHX,OVH_CLUSTER,BUCKETS_OVH,EXT_REGION plan=Z_GHX:[object Object]/GH_PILOTAGE:[object Object]/HORS_GH:[object Object]/OVH_CLUSTER:[object Object]/immo_tenant:[object Object]/geo_tenant:[object Object]/BUCKETS_OVH:[object Object]/S3_IMMO:[object Object]/S3_GEO:[object Object]/EXT_REGION:[object Object]/SUD_ADMIN:[object Object] frameMargin=24 placement=LINEAR_SEGMENTS compaction=NONE ratioHigh=1.775 edgeLayerGap=15 edgeNodeGap=15 edgeGap=10 componentGap=24"
architecture-sauvegardes,elk,2,67,0.284,3.45,3.76,4.30,2.27,0.609,0.145,1.677,425,vertes,"mode=frame direction=RIGHT inner=RIGHT split=all portSide=free layerGap=60 nodeGap=24 rootPadding=12 frame=north:USER/south:SUD_ADMIN/anchor:OVH_CLUSTER/band:Z_GHX,OVH_CLUSTER,BUCKETS_OVH,EXT_REGION plan=Z_GHX:[object Object]/GH_PILOTAGE:[object Object]/HORS_GH:[object Object]/OVH_CLUSTER:[object Object]/immo_tenant:[object Object]/geo_tenant:[object Object]/BUCKETS_OVH:[object Object]/S3_IMMO:[object Object]/S3_GEO:[object Object]/EXT_REGION:[object Object]/SUD_ADMIN:[object Object] frameMargin=40 placement=LINEAR_SEGMENTS compaction=NONE ratioHigh=1.7478 edgeLayerGap=15 edgeNodeGap=15 edgeGap=10 componentGap=24"
architecture-sauvegardes,elk,2,68,0.284,3.45,3.76,4.30,2.27,0.609,0.145,1.677,425,vertes,"mode=frame direction=RIGHT inner=RIGHT split=all portSide=free layerGap=60 nodeGap=24 rootPadding=12 frame=north:USER/south:SUD_ADMIN/anchor:OVH_CLUSTER/band:Z_GHX,OVH_CLUSTER,BUCKETS_OVH,EXT_REGION plan=Z_GHX:[object Object]/GH_PILOTAGE:[object Object]/HORS_GH:[object Object]/OVH_CLUSTER:[object Object]/immo_tenant:[object Object]/geo_tenant:[object Object]/BUCKETS_OVH:[object Object]/S3_IMMO:[object Object]/S3_GEO:[object Object]/EXT_REGION:[object Object]/SUD_ADMIN:[object Object] frameMargin=40 placement=LINEAR_SEGMENTS compaction=NONE ratioHigh=1.775 edgeLayerGap=15 edgeNodeGap=15 edgeGap=10 componentGap=24"
architecture-sauvegardes,elk,2,159,0.255,3.16,3.45,3.95,2.04,0.624,0.119,1.716,426,vertes,"mode=frame direction=RIGHT inner=RIGHT split=all portSide=free layerGap=60 nodeGap=24 rootPadding=12 frame=north:USER/south:SUD_ADMIN/anchor:OVH_CLUSTER/band:Z_GHX,OVH_CLUSTER,BUCKETS_OVH,EXT_REGION plan=Z_GHX:[object Object]/GH_PILOTAGE:[object Object]/HORS_GH:[object Object]/OVH_CLUSTER:[object Object]/immo_tenant:[object Object]/geo_tenant:[object Object]/BUCKETS_OVH:[object Object]/S3_IMMO:[object Object]/S3_GEO:[object Object]/EXT_REGION:[object Object]/SUD_ADMIN:[object Object] frameMargin=16 placement=LINEAR_SEGMENTS compaction=EDGE_LENGTH ratioHigh=1.7478 edgeLayerGap=30 edgeNodeGap=30 edgeGap=20 componentGap=60"
architecture-sauvegardes,elk,2,160,0.255,3.16,3.45,3.95,2.04,0.624,0.119,1.716,426,vertes,"mode=frame direction=RIGHT inner=RIGHT split=all portSide=free layerGap=60 nodeGap=24 rootPadding=12 frame=north:USER/south:SUD_ADMIN/anchor:OVH_CLUSTER/band:Z_GHX,OVH_CLUSTER,BUCKETS_OVH,EXT_REGION plan=Z_GHX:[object Object]/GH_PILOTAGE:[object Object]/HORS_GH:[object Object]/OVH_CLUSTER:[object Object]/immo_tenant:[object Object]/geo_tenant:[object Object]/BUCKETS_OVH:[object Object]/S3_IMMO:[object Object]/S3_GEO:[object Object]/EXT_REGION:[object Object]/SUD_ADMIN:[object Object] frameMargin=16 placement=LINEAR_SEGMENTS compaction=EDGE_LENGTH ratioHigh=1.775 edgeLayerGap=30 edgeNodeGap=30 edgeGap=20 componentGap=60"
architecture-sauvegardes,elk,2,179,0.254,3.16,3.45,3.95,2.03,0.621,0.119,1.723,426,vertes,"mode=frame direction=RIGHT inner=RIGHT split=all portSide=free layerGap=60 nodeGap=24 rootPadding=12 frame=north:USER/south:SUD_ADMIN/anchor:OVH_CLUSTER/band:Z_GHX,OVH_CLUSTER,BUCKETS_OVH,EXT_REGION plan=Z_GHX:[object Object]/GH_PILOTAGE:[object Object]/HORS_GH:[object Object]/OVH_CLUSTER:[object Object]/immo_tenant:[object Object]/geo_tenant:[object Object]/BUCKETS_OVH:[object Object]/S3_IMMO:[object Object]/S3_GEO:[object Object]/EXT_REGION:[object Object]/SUD_ADMIN:[object Object] frameMargin=24 placement=LINEAR_SEGMENTS compaction=EDGE_LENGTH ratioHigh=1.7478 edgeLayerGap=30 edgeNodeGap=30 edgeGap=20 componentGap=60"
architecture-sauvegardes,elk,2,180,0.254,3.16,3.45,3.95,2.03,0.621,0.119,1.723,426,vertes,"mode=frame direction=RIGHT inner=RIGHT split=all portSide=free layerGap=60 nodeGap=24 rootPadding=12 frame=north:USER/south:SUD_ADMIN/anchor:OVH_CLUSTER/band:Z_GHX,OVH_CLUSTER,BUCKETS_OVH,EXT_REGION plan=Z_GHX:[object Object]/GH_PILOTAGE:[object Object]/HORS_GH:[object Object]/OVH_CLUSTER:[object Object]/immo_tenant:[object Object]/geo_tenant:[object Object]/BUCKETS_OVH:[object Object]/S3_IMMO:[object Object]/S3_GEO:[object Object]/EXT_REGION:[object Object]/SUD_ADMIN:[object Object] frameMargin=24 placement=LINEAR_SEGMENTS compaction=EDGE_LENGTH ratioHigh=1.775 edgeLayerGap=30 edgeNodeGap=30 edgeGap=20 componentGap=60"
architecture-sauvegardes,elk,2,199,0.252,3.16,3.45,3.95,2.01,0.617,0.118,1.737,426,vertes,"mode=frame direction=RIGHT inner=RIGHT split=all portSide=free layerGap=60 nodeGap=24 rootPadding=12 frame=north:USER/south:SUD_ADMIN/anchor:OVH_CLUSTER/band:Z_GHX,OVH_CLUSTER,BUCKETS_OVH,EXT_REGION plan=Z_GHX:[object Object]/GH_PILOTAGE:[object Object]/HORS_GH:[object Object]/OVH_CLUSTER:[object Object]/immo_tenant:[object Object]/geo_tenant:[object Object]/BUCKETS_OVH:[object Object]/S3_IMMO:[object Object]/S3_GEO:[object Object]/EXT_REGION:[object Object]/SUD_ADMIN:[object Object] frameMargin=40 placement=LINEAR_SEGMENTS compaction=EDGE_LENGTH ratioHigh=1.7478 edgeLayerGap=30 edgeNodeGap=30 edgeGap=20 componentGap=60"
architecture-sauvegardes,elk,2,200,0.252,3.16,3.45,3.95,2.01,0.617,0.118,1.737,426,vertes,"mode=frame direction=RIGHT inner=RIGHT split=all portSide=free layerGap=60 nodeGap=24 rootPadding=12 frame=north:USER/south:SUD_ADMIN/anchor:OVH_CLUSTER/band:Z_GHX,OVH_CLUSTER,BUCKETS_OVH,EXT_REGION plan=Z_GHX:[object Object]/GH_PILOTAGE:[object Object]/HORS_GH:[object Object]/OVH_CLUSTER:[object Object]/immo_tenant:[object Object]/geo_tenant:[object Object]/BUCKETS_OVH:[object Object]/S3_IMMO:[object Object]/S3_GEO:[object Object]/EXT_REGION:[object Object]/SUD_ADMIN:[object Object] frameMargin=40 placement=LINEAR_SEGMENTS compaction=EDGE_LENGTH ratioHigh=1.775 edgeLayerGap=30 edgeNodeGap=30 edgeGap=20 componentGap=60"
architecture-sauvegardes,elk,2,17,0.287,3.45,3.76,4.30,2.30,0.616,0.147,1.655,425,vertes,"mode=frame direction=RIGHT inner=RIGHT split=all portSide=free layerGap=60 nodeGap=24 rootPadding=12 frame=north:USER/south:SUD_ADMIN/anchor:OVH_CLUSTER/band:Z_GHX,OVH_CLUSTER,BUCKETS_OVH,EXT_REGION plan=Z_GHX:[object Object]/GH_PILOTAGE:[object Object]/HORS_GH:[object Object]/OVH_CLUSTER:[object Object]/immo_tenant:[object Object]/geo_tenant:[object Object]/BUCKETS_OVH:[object Object]/S3_IMMO:[object Object]/S3_GEO:[object Object]/EXT_REGION:[object Object]/SUD_ADMIN:[object Object] frameMargin=16 placement=LINEAR_SEGMENTS compaction=EDGE_LENGTH ratioHigh=1.7478 edgeLayerGap=15 edgeNodeGap=15 edgeGap=10 componentGap=24"
architecture-sauvegardes,elk,2,18,0.287,3.45,3.76,4.30,2.30,0.616,0.147,1.655,425,vertes,"mode=frame direction=RIGHT inner=RIGHT split=all portSide=free layerGap=60 nodeGap=24 rootPadding=12 frame=north:USER/south:SUD_ADMIN/anchor:OVH_CLUSTER/band:Z_GHX,OVH_CLUSTER,BUCKETS_OVH,EXT_REGION plan=Z_GHX:[object Object]/GH_PILOTAGE:[object Object]/HORS_GH:[object Object]/OVH_CLUSTER:[object Object]/immo_tenant:[object Object]/geo_tenant:[object Object]/BUCKETS_OVH:[object Object]/S3_IMMO:[object Object]/S3_GEO:[object Object]/EXT_REGION:[object Object]/SUD_ADMIN:[object Object] frameMargin=16 placement=LINEAR_SEGMENTS compaction=EDGE_LENGTH ratioHigh=1.775 edgeLayerGap=15 edgeNodeGap=15 edgeGap=10 componentGap=24"
architecture-sauvegardes,elk,2,37,0.287,3.45,3.76,4.30,2.29,0.613,0.146,1.662,425,vertes,"mode=frame direction=RIGHT inner=RIGHT split=all portSide=free layerGap=60 nodeGap=24 rootPadding=12 frame=north:USER/south:SUD_ADMIN/anchor:OVH_CLUSTER/band:Z_GHX,OVH_CLUSTER,BUCKETS_OVH,EXT_REGION plan=Z_GHX:[object Object]/GH_PILOTAGE:[object Object]/HORS_GH:[object Object]/OVH_CLUSTER:[object Object]/immo_tenant:[object Object]/geo_tenant:[object Object]/BUCKETS_OVH:[object Object]/S3_IMMO:[object Object]/S3_GEO:[object Object]/EXT_REGION:[object Object]/SUD_ADMIN:[object Object] frameMargin=24 placement=LINEAR_SEGMENTS compaction=EDGE_LENGTH ratioHigh=1.7478 edgeLayerGap=15 edgeNodeGap=15 edgeGap=10 componentGap=24"
architecture-sauvegardes,elk,2,38,0.287,3.45,3.76,4.30,2.29,0.613,0.146,1.662,425,vertes,"mode=frame direction=RIGHT inner=RIGHT split=all portSide=free layerGap=60 nodeGap=24 rootPadding=12 frame=north:USER/south:SUD_ADMIN/anchor:OVH_CLUSTER/band:Z_GHX,OVH_CLUSTER,BUCKETS_OVH,EXT_REGION plan=Z_GHX:[object Object]/GH_PILOTAGE:[object Object]/HORS_GH:[object Object]/OVH_CLUSTER:[object Object]/immo_tenant:[object Object]/geo_tenant:[object Object]/BUCKETS_OVH:[object Object]/S3_IMMO:[object Object]/S3_GEO:[object Object]/EXT_REGION:[object Object]/SUD_ADMIN:[object Object] frameMargin=24 placement=LINEAR_SEGMENTS compaction=EDGE_LENGTH ratioHigh=1.775 edgeLayerGap=15 edgeNodeGap=15 edgeGap=10 componentGap=24"
architecture-sauvegardes,elk,2,65,0.284,3.45,3.76,4.30,2.27,0.608,0.145,1.677,425,vertes,"mode=frame direction=RIGHT inner=RIGHT split=all portSide=free layerGap=60 nodeGap=24 rootPadding=12 frame=north:USER/south:SUD_ADMIN/anchor:OVH_CLUSTER/band:Z_GHX,OVH_CLUSTER,BUCKETS_OVH,EXT_REGION plan=Z_GHX:[object Object]/GH_PILOTAGE:[object Object]/HORS_GH:[object Object]/OVH_CLUSTER:[object Object]/immo_tenant:[object Object]/geo_tenant:[object Object]/BUCKETS_OVH:[object Object]/S3_IMMO:[object Object]/S3_GEO:[object Object]/EXT_REGION:[object Object]/SUD_ADMIN:[object Object] frameMargin=40 placement=LINEAR_SEGMENTS compaction=EDGE_LENGTH ratioHigh=1.7478 edgeLayerGap=15 edgeNodeGap=15 edgeGap=10 componentGap=24"
architecture-sauvegardes,elk,2,66,0.284,3.45,3.76,4.30,2.27,0.608,0.145,1.677,425,vertes,"mode=frame direction=RIGHT inner=RIGHT split=all portSide=free layerGap=60 nodeGap=24 rootPadding=12 frame=north:USER/south:SUD_ADMIN/anchor:OVH_CLUSTER/band:Z_GHX,OVH_CLUSTER,BUCKETS_OVH,EXT_REGION plan=Z_GHX:[object Object]/GH_PILOTAGE:[object Object]/HORS_GH:[object Object]/OVH_CLUSTER:[object Object]/immo_tenant:[object Object]/geo_tenant:[object Object]/BUCKETS_OVH:[object Object]/S3_IMMO:[object Object]/S3_GEO:[object Object]/EXT_REGION:[object Object]/SUD_ADMIN:[object Object] frameMargin=40 placement=LINEAR_SEGMENTS compaction=EDGE_LENGTH ratioHigh=1.775 edgeLayerGap=15 edgeNodeGap=15 edgeGap=10 componentGap=24"
architecture-sauvegardes,elk,2,206,0.249,3.14,3.43,3.93,1.99,0.616,0.116,1.748,418,vertes,"mode=frame direction=RIGHT inner=RIGHT split=all portSide=free layerGap=30 nodeGap=48 rootPadding=12 frame=north:USER/south:SUD_ADMIN/anchor:OVH_CLUSTER/band:Z_GHX,OVH_CLUSTER,BUCKETS_OVH,EXT_REGION plan=Z_GHX:[object Object]/GH_PILOTAGE:[object Object]/HORS_GH:[object Object]/OVH_CLUSTER:[object Object]/immo_tenant:[object Object]/geo_tenant:[object Object]/BUCKETS_OVH:[object Object]/S3_IMMO:[object Object]/S3_GEO:[object Object]/EXT_REGION:[object Object]/SUD_ADMIN:[object Object] frameMargin=16 placement=NETWORK_SIMPLEX compaction=NONE ratioHigh=1.7478 edgeLayerGap=30 edgeNodeGap=30 edgeGap=20 componentGap=60"
architecture-sauvegardes,elk,2,202,0.249,3.17,3.45,3.95,1.99,0.621,0.117,1.760,418,vertes,"mode=frame direction=RIGHT inner=RIGHT split=all portSide=free layerGap=30 nodeGap=48 rootPadding=12 frame=north:USER/south:SUD_ADMIN/anchor:OVH_CLUSTER/band:Z_GHX,OVH_CLUSTER,BUCKETS_OVH,EXT_REGION plan=Z_GHX:[object Object]/GH_PILOTAGE:[object Object]/HORS_GH:[object Object]/OVH_CLUSTER:[object Object]/immo_tenant:[object Object]/geo_tenant:[object Object]/BUCKETS_OVH:[object Object]/S3_IMMO:[object Object]/S3_GEO:[object Object]/EXT_REGION:[object Object]/SUD_ADMIN:[object Object] frameMargin=16 placement=NETWORK_SIMPLEX compaction=NONE ratioHigh=1.775 edgeLayerGap=30 edgeNodeGap=30 edgeGap=20 componentGap=60"
architecture-sauvegardes,elk,2,124,0.262,3.14,3.42,3.92,2.11,0.620,0.123,1.642,418,vertes,"mode=frame direction=RIGHT inner=RIGHT split=all portSide=free layerGap=30 nodeGap=48 rootPadding=12 frame=north:USER/south:SUD_ADMIN/anchor:OVH_CLUSTER/band:Z_GHX,OVH_CLUSTER,BUCKETS_OVH,EXT_REGION plan=Z_GHX:[object Object]/GH_PILOTAGE:[object Object]/HORS_GH:[object Object]/OVH_CLUSTER:[object Object]/immo_tenant:[object Object]/geo_tenant:[object Object]/BUCKETS_OVH:[object Object]/S3_IMMO:[object Object]/S3_GEO:[object Object]/EXT_REGION:[object Object]/SUD_ADMIN:[object Object] frameMargin=24 placement=NETWORK_SIMPLEX compaction=NONE ratioHigh=1.7478 edgeLayerGap=30 edgeNodeGap=30 edgeGap=20 componentGap=60"
architecture-sauvegardes,elk,2,212,0.248,3.17,3.45,3.95,1.98,0.618,0.116,1.767,418,vertes,"mode=frame direction=RIGHT inner=RIGHT split=all portSide=free layerGap=30 nodeGap=48 rootPadding=12 frame=north:USER/south:SUD_ADMIN/anchor:OVH_CLUSTER/band:Z_GHX,OVH_CLUSTER,BUCKETS_OVH,EXT_REGION plan=Z_GHX:[object Object]/GH_PILOTAGE:[object Object]/HORS_GH:[object Object]/OVH_CLUSTER:[object Object]/immo_tenant:[object Object]/geo_tenant:[object Object]/BUCKETS_OVH:[object Object]/S3_IMMO:[object Object]/S3_GEO:[object Object]/EXT_REGION:[object Object]/SUD_ADMIN:[object Object] frameMargin=24 placement=NETWORK_SIMPLEX compaction=NONE ratioHigh=1.775 edgeLayerGap=30 edgeNodeGap=30 edgeGap=20 componentGap=60"
architecture-sauvegardes,elk,2,127,0.262,3.14,3.42,3.92,2.10,0.615,0.122,1.656,418,vertes,"mode=frame direction=RIGHT inner=RIGHT split=all portSide=free layerGap=30 nodeGap=48 rootPadding=12 frame=north:USER/south:SUD_ADMIN/anchor:OVH_CLUSTER/band:Z_GHX,OVH_CLUSTER,BUCKETS_OVH,EXT_REGION plan=Z_GHX:[object Object]/GH_PILOTAGE:[object Object]/HORS_GH:[object Object]/OVH_CLUSTER:[object Object]/immo_tenant:[object Object]/geo_tenant:[object Object]/BUCKETS_OVH:[object Object]/S3_IMMO:[object Object]/S3_GEO:[object Object]/EXT_REGION:[object Object]/SUD_ADMIN:[object Object] frameMargin=40 placement=NETWORK_SIMPLEX compaction=NONE ratioHigh=1.7478 edgeLayerGap=30 edgeNodeGap=30 edgeGap=20 componentGap=60"
architecture-sauvegardes,elk,2,216,0.246,3.16,3.44,3.94,1.97,0.611,0.115,1.775,418,vertes,"mode=frame direction=RIGHT inner=RIGHT split=all portSide=free layerGap=30 nodeGap=48 rootPadding=12 frame=north:USER/south:SUD_ADMIN/anchor:OVH_CLUSTER/band:Z_GHX,OVH_CLUSTER,BUCKETS_OVH,EXT_REGION plan=Z_GHX:[object Object]/GH_PILOTAGE:[object Object]/HORS_GH:[object Object]/OVH_CLUSTER:[object Object]/immo_tenant:[object Object]/geo_tenant:[object Object]/BUCKETS_OVH:[object Object]/S3_IMMO:[object Object]/S3_GEO:[object Object]/EXT_REGION:[object Object]/SUD_ADMIN:[object Object] frameMargin=40 placement=NETWORK_SIMPLEX compaction=NONE ratioHigh=1.775 edgeLayerGap=30 edgeNodeGap=30 edgeGap=20 componentGap=60"
architecture-sauvegardes,elk,2,77,0.280,3.48,3.80,4.35,2.24,0.602,0.145,1.719,416,vertes,"mode=frame direction=RIGHT inner=RIGHT split=all portSide=free layerGap=30 nodeGap=48 rootPadding=12 frame=north:USER/south:SUD_ADMIN/anchor:OVH_CLUSTER/band:Z_GHX,OVH_CLUSTER,BUCKETS_OVH,EXT_REGION plan=Z_GHX:[object Object]/GH_PILOTAGE:[object Object]/HORS_GH:[object Object]/OVH_CLUSTER:[object Object]/immo_tenant:[object Object]/geo_tenant:[object Object]/BUCKETS_OVH:[object Object]/S3_IMMO:[object Object]/S3_GEO:[object Object]/EXT_REGION:[object Object]/SUD_ADMIN:[object Object] frameMargin=16 placement=NETWORK_SIMPLEX compaction=NONE ratioHigh=1.7478 edgeLayerGap=15 edgeNodeGap=15 edgeGap=10 componentGap=24"
architecture-sauvegardes,elk,2,78,0.280,3.48,3.80,4.35,2.24,0.602,0.145,1.719,416,vertes,"mode=frame direction=RIGHT inner=RIGHT split=all portSide=free layerGap=30 nodeGap=48 rootPadding=12 frame=north:USER/south:SUD_ADMIN/anchor:OVH_CLUSTER/band:Z_GHX,OVH_CLUSTER,BUCKETS_OVH,EXT_REGION plan=Z_GHX:[object Object]/GH_PILOTAGE:[object Object]/HORS_GH:[object Object]/OVH_CLUSTER:[object Object]/immo_tenant:[object Object]/geo_tenant:[object Object]/BUCKETS_OVH:[object Object]/S3_IMMO:[object Object]/S3_GEO:[object Object]/EXT_REGION:[object Object]/SUD_ADMIN:[object Object] frameMargin=16 placement=NETWORK_SIMPLEX compaction=NONE ratioHigh=1.775 edgeLayerGap=15 edgeNodeGap=15 edgeGap=10 componentGap=24"
architecture-sauvegardes,elk,2,89,0.279,3.48,3.80,4.35,2.23,0.599,0.144,1.726,416,vertes,"mode=frame direction=RIGHT inner=RIGHT split=all portSide=free layerGap=30 nodeGap=48 rootPadding=12 frame=north:USER/south:SUD_ADMIN/anchor:OVH_CLUSTER/band:Z_GHX,OVH_CLUSTER,BUCKETS_OVH,EXT_REGION plan=Z_GHX:[object Object]/GH_PILOTAGE:[object Object]/HORS_GH:[object Object]/OVH_CLUSTER:[object Object]/immo_tenant:[object Object]/geo_tenant:[object Object]/BUCKETS_OVH:[object Object]/S3_IMMO:[object Object]/S3_GEO:[object Object]/EXT_REGION:[object Object]/SUD_ADMIN:[object Object] frameMargin=24 placement=NETWORK_SIMPLEX compaction=NONE ratioHigh=1.7478 edgeLayerGap=15 edgeNodeGap=15 edgeGap=10 componentGap=24"
architecture-sauvegardes,elk,2,90,0.279,3.48,3.80,4.35,2.23,0.599,0.144,1.726,416,vertes,"mode=frame direction=RIGHT inner=RIGHT split=all portSide=free layerGap=30 nodeGap=48 rootPadding=12 frame=north:USER/south:SUD_ADMIN/anchor:OVH_CLUSTER/band:Z_GHX,OVH_CLUSTER,BUCKETS_OVH,EXT_REGION plan=Z_GHX:[object Object]/GH_PILOTAGE:[object Object]/HORS_GH:[object Object]/OVH_CLUSTER:[object Object]/immo_tenant:[object Object]/geo_tenant:[object Object]/BUCKETS_OVH:[object Object]/S3_IMMO:[object Object]/S3_GEO:[object Object]/EXT_REGION:[object Object]/SUD_ADMIN:[object Object] frameMargin=24 placement=NETWORK_SIMPLEX compaction=NONE ratioHigh=1.775 edgeLayerGap=15 edgeNodeGap=15 edgeGap=10 componentGap=24"
architecture-sauvegardes,elk,2,101,0.277,3.48,3.80,4.35,2.21,0.594,0.143,1.742,416,vertes,"mode=frame direction=RIGHT inner=RIGHT split=all portSide=free layerGap=30 nodeGap=48 rootPadding=12 frame=north:USER/south:SUD_ADMIN/anchor:OVH_CLUSTER/band:Z_GHX,OVH_CLUSTER,BUCKETS_OVH,EXT_REGION plan=Z_GHX:[object Object]/GH_PILOTAGE:[object Object]/HORS_GH:[object Object]/OVH_CLUSTER:[object Object]/immo_tenant:[object Object]/geo_tenant:[object Object]/BUCKETS_OVH:[object Object]/S3_IMMO:[object Object]/S3_GEO:[object Object]/EXT_REGION:[object Object]/SUD_ADMIN:[object Object] frameMargin=40 placement=NETWORK_SIMPLEX compaction=NONE ratioHigh=1.7478 edgeLayerGap=15 edgeNodeGap=15 edgeGap=10 componentGap=24"
architecture-sauvegardes,elk,2,102,0.277,3.48,3.80,4.35,2.21,0.594,0.143,1.742,416,vertes,"mode=frame direction=RIGHT inner=RIGHT split=all portSide=free layerGap=30 nodeGap=48 rootPadding=12 frame=north:USER/south:SUD_ADMIN/anchor:OVH_CLUSTER/band:Z_GHX,OVH_CLUSTER,BUCKETS_OVH,EXT_REGION plan=Z_GHX:[object Object]/GH_PILOTAGE:[object Object]/HORS_GH:[object Object]/OVH_CLUSTER:[object Object]/immo_tenant:[object Object]/geo_tenant:[object Object]/BUCKETS_OVH:[object Object]/S3_IMMO:[object Object]/S3_GEO:[object Object]/EXT_REGION:[object Object]/SUD_ADMIN:[object Object] frameMargin=40 placement=NETWORK_SIMPLEX compaction=NONE ratioHigh=1.775 edgeLayerGap=15 edgeNodeGap=15 edgeGap=10 componentGap=24"
architecture-sauvegardes,elk,2,207,0.249,3.14,3.43,3.93,1.99,0.616,0.116,1.748,418,vertes,"mode=frame direction=RIGHT inner=RIGHT split=all portSide=free layerGap=30 nodeGap=48 rootPadding=12 frame=north:USER/south:SUD_ADMIN/anchor:OVH_CLUSTER/band:Z_GHX,OVH_CLUSTER,BUCKETS_OVH,EXT_REGION plan=Z_GHX:[object Object]/GH_PILOTAGE:[object Object]/HORS_GH:[object Object]/OVH_CLUSTER:[object Object]/immo_tenant:[object Object]/geo_tenant:[object Object]/BUCKETS_OVH:[object Object]/S3_IMMO:[object Object]/S3_GEO:[object Object]/EXT_REGION:[object Object]/SUD_ADMIN:[object Object] frameMargin=16 placement=NETWORK_SIMPLEX compaction=EDGE_LENGTH ratioHigh=1.7478 edgeLayerGap=30 edgeNodeGap=30 edgeGap=20 componentGap=60"
architecture-sauvegardes,elk,2,203,0.249,3.17,3.45,3.95,1.99,0.621,0.117,1.760,418,vertes,"mode=frame direction=RIGHT inner=RIGHT split=all portSide=free layerGap=30 nodeGap=48 rootPadding=12 frame=north:USER/south:SUD_ADMIN/anchor:OVH_CLUSTER/band:Z_GHX,OVH_CLUSTER,BUCKETS_OVH,EXT_REGION plan=Z_GHX:[object Object]/GH_PILOTAGE:[object Object]/HORS_GH:[object Object]/OVH_CLUSTER:[object Object]/immo_tenant:[object Object]/geo_tenant:[object Object]/BUCKETS_OVH:[object Object]/S3_IMMO:[object Object]/S3_GEO:[object Object]/EXT_REGION:[object Object]/SUD_ADMIN:[object Object] frameMargin=16 placement=NETWORK_SIMPLEX compaction=EDGE_LENGTH ratioHigh=1.775 edgeLayerGap=30 edgeNodeGap=30 edgeGap=20 componentGap=60"
architecture-sauvegardes,elk,2,125,0.262,3.14,3.42,3.92,2.11,0.620,0.123,1.642,418,vertes,"mode=frame direction=RIGHT inner=RIGHT split=all portSide=free layerGap=30 nodeGap=48 rootPadding=12 frame=north:USER/south:SUD_ADMIN/anchor:OVH_CLUSTER/band:Z_GHX,OVH_CLUSTER,BUCKETS_OVH,EXT_REGION plan=Z_GHX:[object Object]/GH_PILOTAGE:[object Object]/HORS_GH:[object Object]/OVH_CLUSTER:[object Object]/immo_tenant:[object Object]/geo_tenant:[object Object]/BUCKETS_OVH:[object Object]/S3_IMMO:[object Object]/S3_GEO:[object Object]/EXT_REGION:[object Object]/SUD_ADMIN:[object Object] frameMargin=24 placement=NETWORK_SIMPLEX compaction=EDGE_LENGTH ratioHigh=1.7478 edgeLayerGap=30 edgeNodeGap=30 edgeGap=20 componentGap=60"
architecture-sauvegardes,elk,2,213,0.248,3.17,3.45,3.95,1.98,0.618,0.116,1.767,418,vertes,"mode=frame direction=RIGHT inner=RIGHT split=all portSide=free layerGap=30 nodeGap=48 rootPadding=12 frame=north:USER/south:SUD_ADMIN/anchor:OVH_CLUSTER/band:Z_GHX,OVH_CLUSTER,BUCKETS_OVH,EXT_REGION plan=Z_GHX:[object Object]/GH_PILOTAGE:[object Object]/HORS_GH:[object Object]/OVH_CLUSTER:[object Object]/immo_tenant:[object Object]/geo_tenant:[object Object]/BUCKETS_OVH:[object Object]/S3_IMMO:[object Object]/S3_GEO:[object Object]/EXT_REGION:[object Object]/SUD_ADMIN:[object Object] frameMargin=24 placement=NETWORK_SIMPLEX compaction=EDGE_LENGTH ratioHigh=1.775 edgeLayerGap=30 edgeNodeGap=30 edgeGap=20 componentGap=60"
architecture-sauvegardes,elk,2,128,0.262,3.14,3.42,3.92,2.10,0.615,0.122,1.656,418,vertes,"mode=frame direction=RIGHT inner=RIGHT split=all portSide=free layerGap=30 nodeGap=48 rootPadding=12 frame=north:USER/south:SUD_ADMIN/anchor:OVH_CLUSTER/band:Z_GHX,OVH_CLUSTER,BUCKETS_OVH,EXT_REGION plan=Z_GHX:[object Object]/GH_PILOTAGE:[object Object]/HORS_GH:[object Object]/OVH_CLUSTER:[object Object]/immo_tenant:[object Object]/geo_tenant:[object Object]/BUCKETS_OVH:[object Object]/S3_IMMO:[object Object]/S3_GEO:[object Object]/EXT_REGION:[object Object]/SUD_ADMIN:[object Object] frameMargin=40 placement=NETWORK_SIMPLEX compaction=EDGE_LENGTH ratioHigh=1.7478 edgeLayerGap=30 edgeNodeGap=30 edgeGap=20 componentGap=60"
architecture-sauvegardes,elk,2,217,0.246,3.16,3.44,3.94,1.97,0.611,0.115,1.775,418,vertes,"mode=frame direction=RIGHT inner=RIGHT split=all portSide=free layerGap=30 nodeGap=48 rootPadding=12 frame=north:USER/south:SUD_ADMIN/anchor:OVH_CLUSTER/band:Z_GHX,OVH_CLUSTER,BUCKETS_OVH,EXT_REGION plan=Z_GHX:[object Object]/GH_PILOTAGE:[object Object]/HORS_GH:[object Object]/OVH_CLUSTER:[object Object]/immo_tenant:[object Object]/geo_tenant:[object Object]/BUCKETS_OVH:[object Object]/S3_IMMO:[object Object]/S3_GEO:[object Object]/EXT_REGION:[object Object]/SUD_ADMIN:[object Object] frameMargin=40 placement=NETWORK_SIMPLEX compaction=EDGE_LENGTH ratioHigh=1.775 edgeLayerGap=30 edgeNodeGap=30 edgeGap=20 componentGap=60"
architecture-sauvegardes,elk,2,79,0.280,3.48,3.80,4.35,2.24,0.602,0.145,1.719,416,vertes,"mode=frame direction=RIGHT inner=RIGHT split=all portSide=free layerGap=30 nodeGap=48 rootPadding=12 frame=north:USER/south:SUD_ADMIN/anchor:OVH_CLUSTER/band:Z_GHX,OVH_CLUSTER,BUCKETS_OVH,EXT_REGION plan=Z_GHX:[object Object]/GH_PILOTAGE:[object Object]/HORS_GH:[object Object]/OVH_CLUSTER:[object Object]/immo_tenant:[object Object]/geo_tenant:[object Object]/BUCKETS_OVH:[object Object]/S3_IMMO:[object Object]/S3_GEO:[object Object]/EXT_REGION:[object Object]/SUD_ADMIN:[object Object] frameMargin=16 placement=NETWORK_SIMPLEX compaction=EDGE_LENGTH ratioHigh=1.7478 edgeLayerGap=15 edgeNodeGap=15 edgeGap=10 componentGap=24"
architecture-sauvegardes,elk,2,80,0.280,3.48,3.80,4.35,2.24,0.602,0.145,1.719,416,vertes,"mode=frame direction=RIGHT inner=RIGHT split=all portSide=free layerGap=30 nodeGap=48 rootPadding=12 frame=north:USER/south:SUD_ADMIN/anchor:OVH_CLUSTER/band:Z_GHX,OVH_CLUSTER,BUCKETS_OVH,EXT_REGION plan=Z_GHX:[object Object]/GH_PILOTAGE:[object Object]/HORS_GH:[object Object]/OVH_CLUSTER:[object Object]/immo_tenant:[object Object]/geo_tenant:[object Object]/BUCKETS_OVH:[object Object]/S3_IMMO:[object Object]/S3_GEO:[object Object]/EXT_REGION:[object Object]/SUD_ADMIN:[object Object] frameMargin=16 placement=NETWORK_SIMPLEX compaction=EDGE_LENGTH ratioHigh=1.775 edgeLayerGap=15 edgeNodeGap=15 edgeGap=10 componentGap=24"
architecture-sauvegardes,elk,2,91,0.279,3.48,3.80,4.35,2.23,0.599,0.144,1.726,416,vertes,"mode=frame direction=RIGHT inner=RIGHT split=all portSide=free layerGap=30 nodeGap=48 rootPadding=12 frame=north:USER/south:SUD_ADMIN/anchor:OVH_CLUSTER/band:Z_GHX,OVH_CLUSTER,BUCKETS_OVH,EXT_REGION plan=Z_GHX:[object Object]/GH_PILOTAGE:[object Object]/HORS_GH:[object Object]/OVH_CLUSTER:[object Object]/immo_tenant:[object Object]/geo_tenant:[object Object]/BUCKETS_OVH:[object Object]/S3_IMMO:[object Object]/S3_GEO:[object Object]/EXT_REGION:[object Object]/SUD_ADMIN:[object Object] frameMargin=24 placement=NETWORK_SIMPLEX compaction=EDGE_LENGTH ratioHigh=1.7478 edgeLayerGap=15 edgeNodeGap=15 edgeGap=10 componentGap=24"
architecture-sauvegardes,elk,2,92,0.279,3.48,3.80,4.35,2.23,0.599,0.144,1.726,416,vertes,"mode=frame direction=RIGHT inner=RIGHT split=all portSide=free layerGap=30 nodeGap=48 rootPadding=12 frame=north:USER/south:SUD_ADMIN/anchor:OVH_CLUSTER/band:Z_GHX,OVH_CLUSTER,BUCKETS_OVH,EXT_REGION plan=Z_GHX:[object Object]/GH_PILOTAGE:[object Object]/HORS_GH:[object Object]/OVH_CLUSTER:[object Object]/immo_tenant:[object Object]/geo_tenant:[object Object]/BUCKETS_OVH:[object Object]/S3_IMMO:[object Object]/S3_GEO:[object Object]/EXT_REGION:[object Object]/SUD_ADMIN:[object Object] frameMargin=24 placement=NETWORK_SIMPLEX compaction=EDGE_LENGTH ratioHigh=1.775 edgeLayerGap=15 edgeNodeGap=15 edgeGap=10 componentGap=24"
architecture-sauvegardes,elk,2,103,0.277,3.48,3.80,4.35,2.21,0.594,0.143,1.742,416,vertes,"mode=frame direction=RIGHT inner=RIGHT split=all portSide=free layerGap=30 nodeGap=48 rootPadding=12 frame=north:USER/south:SUD_ADMIN/anchor:OVH_CLUSTER/band:Z_GHX,OVH_CLUSTER,BUCKETS_OVH,EXT_REGION plan=Z_GHX:[object Object]/GH_PILOTAGE:[object Object]/HORS_GH:[object Object]/OVH_CLUSTER:[object Object]/immo_tenant:[object Object]/geo_tenant:[object Object]/BUCKETS_OVH:[object Object]/S3_IMMO:[object Object]/S3_GEO:[object Object]/EXT_REGION:[object Object]/SUD_ADMIN:[object Object] frameMargin=40 placement=NETWORK_SIMPLEX compaction=EDGE_LENGTH ratioHigh=1.7478 edgeLayerGap=15 edgeNodeGap=15 edgeGap=10 componentGap=24"
architecture-sauvegardes,elk,2,104,0.277,3.48,3.80,4.35,2.21,0.594,0.143,1.742,416,vertes,"mode=frame direction=RIGHT inner=RIGHT split=all portSide=free layerGap=30 nodeGap=48 rootPadding=12 frame=north:USER/south:SUD_ADMIN/anchor:OVH_CLUSTER/band:Z_GHX,OVH_CLUSTER,BUCKETS_OVH,EXT_REGION plan=Z_GHX:[object Object]/GH_PILOTAGE:[object Object]/HORS_GH:[object Object]/OVH_CLUSTER:[object Object]/immo_tenant:[object Object]/geo_tenant:[object Object]/BUCKETS_OVH:[object Object]/S3_IMMO:[object Object]/S3_GEO:[object Object]/EXT_REGION:[object Object]/SUD_ADMIN:[object Object] frameMargin=40 placement=NETWORK_SIMPLEX compaction=EDGE_LENGTH ratioHigh=1.775 edgeLayerGap=15 edgeNodeGap=15 edgeGap=10 componentGap=24"
architecture-sauvegardes,elk,2,209,0.249,3.14,3.43,3.93,1.99,0.619,0.116,1.748,424,vertes,"mode=frame direction=RIGHT inner=RIGHT split=all portSide=free layerGap=30 nodeGap=48 rootPadding=12 frame=north:USER/south:SUD_ADMIN/anchor:OVH_CLUSTER/band:Z_GHX,OVH_CLUSTER,BUCKETS_OVH,EXT_REGION plan=Z_GHX:[object Object]/GH_PILOTAGE:[object Object]/HORS_GH:[object Object]/OVH_CLUSTER:[object Object]/immo_tenant:[object Object]/geo_tenant:[object Object]/BUCKETS_OVH:[object Object]/S3_IMMO:[object Object]/S3_GEO:[object Object]/EXT_REGION:[object Object]/SUD_ADMIN:[object Object] frameMargin=16 placement=BRANDES_KOEPF compaction=NONE ratioHigh=1.7478 edgeLayerGap=30 edgeNodeGap=30 edgeGap=20 componentGap=60"
architecture-sauvegardes,elk,2,205,0.249,3.15,3.43,3.93,1.99,0.619,0.116,1.749,424,vertes,"mode=frame direction=RIGHT inner=RIGHT split=all portSide=free layerGap=30 nodeGap=48 rootPadding=12 frame=north:USER/south:SUD_ADMIN/anchor:OVH_CLUSTER/band:Z_GHX,OVH_CLUSTER,BUCKETS_OVH,EXT_REGION plan=Z_GHX:[object Object]/GH_PILOTAGE:[object Object]/HORS_GH:[object Object]/OVH_CLUSTER:[object Object]/immo_tenant:[object Object]/geo_tenant:[object Object]/BUCKETS_OVH:[object Object]/S3_IMMO:[object Object]/S3_GEO:[object Object]/EXT_REGION:[object Object]/SUD_ADMIN:[object Object] frameMargin=16 placement=BRANDES_KOEPF compaction=NONE ratioHigh=1.775 edgeLayerGap=30 edgeNodeGap=30 edgeGap=20 componentGap=60"
architecture-sauvegardes,elk,2,131,0.262,3.14,3.42,3.92,2.11,0.623,0.123,1.642,424,vertes,"mode=frame direction=RIGHT inner=RIGHT split=all portSide=free layerGap=30 nodeGap=48 rootPadding=12 frame=north:USER/south:SUD_ADMIN/anchor:OVH_CLUSTER/band:Z_GHX,OVH_CLUSTER,BUCKETS_OVH,EXT_REGION plan=Z_GHX:[object Object]/GH_PILOTAGE:[object Object]/HORS_GH:[object Object]/OVH_CLUSTER:[object Object]/immo_tenant:[object Object]/geo_tenant:[object Object]/BUCKETS_OVH:[object Object]/S3_IMMO:[object Object]/S3_GEO:[object Object]/EXT_REGION:[object Object]/SUD_ADMIN:[object Object] frameMargin=24 placement=BRANDES_KOEPF compaction=NONE ratioHigh=1.7478 edgeLayerGap=30 edgeNodeGap=30 edgeGap=20 componentGap=60"
architecture-sauvegardes,elk,2,215,0.248,3.15,3.43,3.93,1.98,0.616,0.115,1.756,424,vertes,"mode=frame direction=RIGHT inner=RIGHT split=all portSide=free layerGap=30 nodeGap=48 rootPadding=12 frame=north:USER/south:SUD_ADMIN/anchor:OVH_CLUSTER/band:Z_GHX,OVH_CLUSTER,BUCKETS_OVH,EXT_REGION plan=Z_GHX:[object Object]/GH_PILOTAGE:[object Object]/HORS_GH:[object Object]/OVH_CLUSTER:[object Object]/immo_tenant:[object Object]/geo_tenant:[object Object]/BUCKETS_OVH:[object Object]/S3_IMMO:[object Object]/S3_GEO:[object Object]/EXT_REGION:[object Object]/SUD_ADMIN:[object Object] frameMargin=24 placement=BRANDES_KOEPF compaction=NONE ratioHigh=1.775 edgeLayerGap=30 edgeNodeGap=30 edgeGap=20 componentGap=60"
architecture-sauvegardes,elk,2,132,0.262,3.14,3.42,3.92,2.10,0.617,0.122,1.656,424,vertes,"mode=frame direction=RIGHT inner=RIGHT split=all portSide=free layerGap=30 nodeGap=48 rootPadding=12 frame=north:USER/south:SUD_ADMIN/anchor:OVH_CLUSTER/band:Z_GHX,OVH_CLUSTER,BUCKETS_OVH,EXT_REGION plan=Z_GHX:[object Object]/GH_PILOTAGE:[object Object]/HORS_GH:[object Object]/OVH_CLUSTER:[object Object]/immo_tenant:[object Object]/geo_tenant:[object Object]/BUCKETS_OVH:[object Object]/S3_IMMO:[object Object]/S3_GEO:[object Object]/EXT_REGION:[object Object]/SUD_ADMIN:[object Object] frameMargin=40 placement=BRANDES_KOEPF compaction=NONE ratioHigh=1.7478 edgeLayerGap=30 edgeNodeGap=30 edgeGap=20 componentGap=60"
architecture-sauvegardes,elk,2,220,0.246,3.15,3.43,3.93,1.97,0.612,0.115,1.769,424,vertes,"mode=frame direction=RIGHT inner=RIGHT split=all portSide=free layerGap=30 nodeGap=48 rootPadding=12 frame=north:USER/south:SUD_ADMIN/anchor:OVH_CLUSTER/band:Z_GHX,OVH_CLUSTER,BUCKETS_OVH,EXT_REGION plan=Z_GHX:[object Object]/GH_PILOTAGE:[object Object]/HORS_GH:[object Object]/OVH_CLUSTER:[object Object]/immo_tenant:[object Object]/geo_tenant:[object Object]/BUCKETS_OVH:[object Object]/S3_IMMO:[object Object]/S3_GEO:[object Object]/EXT_REGION:[object Object]/SUD_ADMIN:[object Object] frameMargin=40 placement=BRANDES_KOEPF compaction=NONE ratioHigh=1.775 edgeLayerGap=30 edgeNodeGap=30 edgeGap=20 componentGap=60"
architecture-sauvegardes,elk,2,75,0.280,3.51,3.83,4.39,2.24,0.604,0.146,1.733,421,vertes,"mode=frame direction=RIGHT inner=RIGHT split=all portSide=free layerGap=30 nodeGap=48 rootPadding=12 frame=north:USER/south:SUD_ADMIN/anchor:OVH_CLUSTER/band:Z_GHX,OVH_CLUSTER,BUCKETS_OVH,EXT_REGION plan=Z_GHX:[object Object]/GH_PILOTAGE:[object Object]/HORS_GH:[object Object]/OVH_CLUSTER:[object Object]/immo_tenant:[object Object]/geo_tenant:[object Object]/BUCKETS_OVH:[object Object]/S3_IMMO:[object Object]/S3_GEO:[object Object]/EXT_REGION:[object Object]/SUD_ADMIN:[object Object] frameMargin=16 placement=BRANDES_KOEPF compaction=NONE ratioHigh=1.7478 edgeLayerGap=15 edgeNodeGap=15 edgeGap=10 componentGap=24"
architecture-sauvegardes,elk,2,76,0.280,3.51,3.83,4.39,2.24,0.604,0.146,1.733,421,vertes,"mode=frame direction=RIGHT inner=RIGHT split=all portSide=free layerGap=30 nodeGap=48 rootPadding=12 frame=north:USER/south:SUD_ADMIN/anchor:OVH_CLUSTER/band:Z_GHX,OVH_CLUSTER,BUCKETS_OVH,EXT_REGION plan=Z_GHX:[object Object]/GH_PILOTAGE:[object Object]/HORS_GH:[object Object]/OVH_CLUSTER:[object Object]/immo_tenant:[object Object]/geo_tenant:[object Object]/BUCKETS_OVH:[object Object]/S3_IMMO:[object Object]/S3_GEO:[object Object]/EXT_REGION:[object Object]/SUD_ADMIN:[object Object] frameMargin=16 placement=BRANDES_KOEPF compaction=NONE ratioHigh=1.775 edgeLayerGap=15 edgeNodeGap=15 edgeGap=10 componentGap=24"
architecture-sauvegardes,elk,2,87,0.279,3.51,3.83,4.39,2.23,0.602,0.145,1.741,421,vertes,"mode=frame direction=RIGHT inner=RIGHT split=all portSide=free layerGap=30 nodeGap=48 rootPadding=12 frame=north:USER/south:SUD_ADMIN/anchor:OVH_CLUSTER/band:Z_GHX,OVH_CLUSTER,BUCKETS_OVH,EXT_REGION plan=Z_GHX:[object Object]/GH_PILOTAGE:[object Object]/HORS_GH:[object Object]/OVH_CLUSTER:[object Object]/immo_tenant:[object Object]/geo_tenant:[object Object]/BUCKETS_OVH:[object Object]/S3_IMMO:[object Object]/S3_GEO:[object Object]/EXT_REGION:[object Object]/SUD_ADMIN:[object Object] frameMargin=24 placement=BRANDES_KOEPF compaction=NONE ratioHigh=1.7478 edgeLayerGap=15 edgeNodeGap=15 edgeGap=10 componentGap=24"
architecture-sauvegardes,elk,2,88,0.279,3.51,3.83,4.39,2.23,0.602,0.145,1.741,421,vertes,"mode=frame direction=RIGHT inner=RIGHT split=all portSide=free layerGap=30 nodeGap=48 rootPadding=12 frame=north:USER/south:SUD_ADMIN/anchor:OVH_CLUSTER/band:Z_GHX,OVH_CLUSTER,BUCKETS_OVH,EXT_REGION plan=Z_GHX:[object Object]/GH_PILOTAGE:[object Object]/HORS_GH:[object Object]/OVH_CLUSTER:[object Object]/immo_tenant:[object Object]/geo_tenant:[object Object]/BUCKETS_OVH:[object Object]/S3_IMMO:[object Object]/S3_GEO:[object Object]/EXT_REGION:[object Object]/SUD_ADMIN:[object Object] frameMargin=24 placement=BRANDES_KOEPF compaction=NONE ratioHigh=1.775 edgeLayerGap=15 edgeNodeGap=15 edgeGap=10 componentGap=24"
architecture-sauvegardes,elk,2,100,0.277,3.50,3.81,4.37,2.21,0.594,0.143,1.748,421,vertes,"mode=frame direction=RIGHT inner=RIGHT split=all portSide=free layerGap=30 nodeGap=48 rootPadding=12 frame=north:USER/south:SUD_ADMIN/anchor:OVH_CLUSTER/band:Z_GHX,OVH_CLUSTER,BUCKETS_OVH,EXT_REGION plan=Z_GHX:[object Object]/GH_PILOTAGE:[object Object]/HORS_GH:[object Object]/OVH_CLUSTER:[object Object]/immo_tenant:[object Object]/geo_tenant:[object Object]/BUCKETS_OVH:[object Object]/S3_IMMO:[object Object]/S3_GEO:[object Object]/EXT_REGION:[object Object]/SUD_ADMIN:[object Object] frameMargin=40 placement=BRANDES_KOEPF compaction=NONE ratioHigh=1.7478 edgeLayerGap=15 edgeNodeGap=15 edgeGap=10 componentGap=24"
architecture-sauvegardes,elk,2,98,0.277,3.51,3.83,4.39,2.21,0.596,0.144,1.756,421,vertes,"mode=frame direction=RIGHT inner=RIGHT split=all portSide=free layerGap=30 nodeGap=48 rootPadding=12 frame=north:USER/south:SUD_ADMIN/anchor:OVH_CLUSTER/band:Z_GHX,OVH_CLUSTER,BUCKETS_OVH,EXT_REGION plan=Z_GHX:[object Object]/GH_PILOTAGE:[object Object]/HORS_GH:[object Object]/OVH_CLUSTER:[object Object]/immo_tenant:[object Object]/geo_tenant:[object Object]/BUCKETS_OVH:[object Object]/S3_IMMO:[object Object]/S3_GEO:[object Object]/EXT_REGION:[object Object]/SUD_ADMIN:[object Object] frameMargin=40 placement=BRANDES_KOEPF compaction=NONE ratioHigh=1.775 edgeLayerGap=15 edgeNodeGap=15 edgeGap=10 componentGap=24"
architecture-sauvegardes,elk,2,208,0.249,3.14,3.43,3.93,1.99,0.614,0.116,1.748,424,vertes,"mode=frame direction=RIGHT inner=RIGHT split=all portSide=free layerGap=30 nodeGap=48 rootPadding=12 frame=north:USER/south:SUD_ADMIN/anchor:OVH_CLUSTER/band:Z_GHX,OVH_CLUSTER,BUCKETS_OVH,EXT_REGION plan=Z_GHX:[object Object]/GH_PILOTAGE:[object Object]/HORS_GH:[object Object]/OVH_CLUSTER:[object Object]/immo_tenant:[object Object]/geo_tenant:[object Object]/BUCKETS_OVH:[object Object]/S3_IMMO:[object Object]/S3_GEO:[object Object]/EXT_REGION:[object Object]/SUD_ADMIN:[object Object] frameMargin=16 placement=BRANDES_KOEPF compaction=EDGE_LENGTH ratioHigh=1.7478 edgeLayerGap=30 edgeNodeGap=30 edgeGap=20 componentGap=60"
architecture-sauvegardes,elk,2,201,0.249,3.19,3.48,3.98,1.99,0.622,0.117,1.772,424,vertes,"mode=frame direction=RIGHT inner=RIGHT split=all portSide=free layerGap=30 nodeGap=48 rootPadding=12 frame=north:USER/south:SUD_ADMIN/anchor:OVH_CLUSTER/band:Z_GHX,OVH_CLUSTER,BUCKETS_OVH,EXT_REGION plan=Z_GHX:[object Object]/GH_PILOTAGE:[object Object]/HORS_GH:[object Object]/OVH_CLUSTER:[object Object]/immo_tenant:[object Object]/geo_tenant:[object Object]/BUCKETS_OVH:[object Object]/S3_IMMO:[object Object]/S3_GEO:[object Object]/EXT_REGION:[object Object]/SUD_ADMIN:[object Object] frameMargin=16 placement=BRANDES_KOEPF compaction=EDGE_LENGTH ratioHigh=1.775 edgeLayerGap=30 edgeNodeGap=30 edgeGap=20 componentGap=60"
architecture-sauvegardes,elk,2,129,0.262,3.14,3.42,3.92,2.11,0.618,0.123,1.642,424,vertes,"mode=frame direction=RIGHT inner=RIGHT split=all portSide=free layerGap=30 nodeGap=48 rootPadding=12 frame=north:USER/south:SUD_ADMIN/anchor:OVH_CLUSTER/band:Z_GHX,OVH_CLUSTER,BUCKETS_OVH,EXT_REGION plan=Z_GHX:[object Object]/GH_PILOTAGE:[object Object]/HORS_GH:[object Object]/OVH_CLUSTER:[object Object]/immo_tenant:[object Object]/geo_tenant:[object Object]/BUCKETS_OVH:[object Object]/S3_IMMO:[object Object]/S3_GEO:[object Object]/EXT_REGION:[object Object]/SUD_ADMIN:[object Object] frameMargin=24 placement=BRANDES_KOEPF compaction=EDGE_LENGTH ratioHigh=1.7478 edgeLayerGap=30 edgeNodeGap=30 edgeGap=20 componentGap=60"
architecture-sauvegardes,elk,2,211,0.248,3.18,3.47,3.97,1.98,0.619,0.117,1.775,424,vertes,"mode=frame direction=RIGHT inner=RIGHT split=all portSide=free layerGap=30 nodeGap=48 rootPadding=12 frame=north:USER/south:SUD_ADMIN/anchor:OVH_CLUSTER/band:Z_GHX,OVH_CLUSTER,BUCKETS_OVH,EXT_REGION plan=Z_GHX:[object Object]/GH_PILOTAGE:[object Object]/HORS_GH:[object Object]/OVH_CLUSTER:[object Object]/immo_tenant:[object Object]/geo_tenant:[object Object]/BUCKETS_OVH:[object Object]/S3_IMMO:[object Object]/S3_GEO:[object Object]/EXT_REGION:[object Object]/SUD_ADMIN:[object Object] frameMargin=24 placement=BRANDES_KOEPF compaction=EDGE_LENGTH ratioHigh=1.775 edgeLayerGap=30 edgeNodeGap=30 edgeGap=20 componentGap=60"
architecture-sauvegardes,elk,2,130,0.262,3.14,3.42,3.92,2.10,0.613,0.122,1.656,424,vertes,"mode=frame direction=RIGHT inner=RIGHT split=all portSide=free layerGap=30 nodeGap=48 rootPadding=12 frame=north:USER/south:SUD_ADMIN/anchor:OVH_CLUSTER/band:Z_GHX,OVH_CLUSTER,BUCKETS_OVH,EXT_REGION plan=Z_GHX:[object Object]/GH_PILOTAGE:[object Object]/HORS_GH:[object Object]/OVH_CLUSTER:[object Object]/immo_tenant:[object Object]/geo_tenant:[object Object]/BUCKETS_OVH:[object Object]/S3_IMMO:[object Object]/S3_GEO:[object Object]/EXT_REGION:[object Object]/SUD_ADMIN:[object Object] frameMargin=40 placement=BRANDES_KOEPF compaction=EDGE_LENGTH ratioHigh=1.7478 edgeLayerGap=30 edgeNodeGap=30 edgeGap=20 componentGap=60"
architecture-sauvegardes,elk,2,218,0.246,3.16,3.44,3.94,1.97,0.609,0.115,1.775,424,vertes,"mode=frame direction=RIGHT inner=RIGHT split=all portSide=free layerGap=30 nodeGap=48 rootPadding=12 frame=north:USER/south:SUD_ADMIN/anchor:OVH_CLUSTER/band:Z_GHX,OVH_CLUSTER,BUCKETS_OVH,EXT_REGION plan=Z_GHX:[object Object]/GH_PILOTAGE:[object Object]/HORS_GH:[object Object]/OVH_CLUSTER:[object Object]/immo_tenant:[object Object]/geo_tenant:[object Object]/BUCKETS_OVH:[object Object]/S3_IMMO:[object Object]/S3_GEO:[object Object]/EXT_REGION:[object Object]/SUD_ADMIN:[object Object] frameMargin=40 placement=BRANDES_KOEPF compaction=EDGE_LENGTH ratioHigh=1.775 edgeLayerGap=30 edgeNodeGap=30 edgeGap=20 componentGap=60"
architecture-sauvegardes,elk,2,73,0.280,3.51,3.83,4.39,2.24,0.604,0.146,1.733,421,vertes,"mode=frame direction=RIGHT inner=RIGHT split=all portSide=free layerGap=30 nodeGap=48 rootPadding=12 frame=north:USER/south:SUD_ADMIN/anchor:OVH_CLUSTER/band:Z_GHX,OVH_CLUSTER,BUCKETS_OVH,EXT_REGION plan=Z_GHX:[object Object]/GH_PILOTAGE:[object Object]/HORS_GH:[object Object]/OVH_CLUSTER:[object Object]/immo_tenant:[object Object]/geo_tenant:[object Object]/BUCKETS_OVH:[object Object]/S3_IMMO:[object Object]/S3_GEO:[object Object]/EXT_REGION:[object Object]/SUD_ADMIN:[object Object] frameMargin=16 placement=BRANDES_KOEPF compaction=EDGE_LENGTH ratioHigh=1.7478 edgeLayerGap=15 edgeNodeGap=15 edgeGap=10 componentGap=24"
architecture-sauvegardes,elk,2,74,0.280,3.51,3.83,4.39,2.24,0.604,0.146,1.733,421,vertes,"mode=frame direction=RIGHT inner=RIGHT split=all portSide=free layerGap=30 nodeGap=48 rootPadding=12 frame=north:USER/south:SUD_ADMIN/anchor:OVH_CLUSTER/band:Z_GHX,OVH_CLUSTER,BUCKETS_OVH,EXT_REGION plan=Z_GHX:[object Object]/GH_PILOTAGE:[object Object]/HORS_GH:[object Object]/OVH_CLUSTER:[object Object]/immo_tenant:[object Object]/geo_tenant:[object Object]/BUCKETS_OVH:[object Object]/S3_IMMO:[object Object]/S3_GEO:[object Object]/EXT_REGION:[object Object]/SUD_ADMIN:[object Object] frameMargin=16 placement=BRANDES_KOEPF compaction=EDGE_LENGTH ratioHigh=1.775 edgeLayerGap=15 edgeNodeGap=15 edgeGap=10 componentGap=24"
architecture-sauvegardes,elk,2,85,0.279,3.51,3.83,4.39,2.23,0.602,0.145,1.741,421,vertes,"mode=frame direction=RIGHT inner=RIGHT split=all portSide=free layerGap=30 nodeGap=48 rootPadding=12 frame=north:USER/south:SUD_ADMIN/anchor:OVH_CLUSTER/band:Z_GHX,OVH_CLUSTER,BUCKETS_OVH,EXT_REGION plan=Z_GHX:[object Object]/GH_PILOTAGE:[object Object]/HORS_GH:[object Object]/OVH_CLUSTER:[object Object]/immo_tenant:[object Object]/geo_tenant:[object Object]/BUCKETS_OVH:[object Object]/S3_IMMO:[object Object]/S3_GEO:[object Object]/EXT_REGION:[object Object]/SUD_ADMIN:[object Object] frameMargin=24 placement=BRANDES_KOEPF compaction=EDGE_LENGTH ratioHigh=1.7478 edgeLayerGap=15 edgeNodeGap=15 edgeGap=10 componentGap=24"
architecture-sauvegardes,elk,2,86,0.279,3.51,3.83,4.39,2.23,0.602,0.145,1.741,421,vertes,"mode=frame direction=RIGHT inner=RIGHT split=all portSide=free layerGap=30 nodeGap=48 rootPadding=12 frame=north:USER/south:SUD_ADMIN/anchor:OVH_CLUSTER/band:Z_GHX,OVH_CLUSTER,BUCKETS_OVH,EXT_REGION plan=Z_GHX:[object Object]/GH_PILOTAGE:[object Object]/HORS_GH:[object Object]/OVH_CLUSTER:[object Object]/immo_tenant:[object Object]/geo_tenant:[object Object]/BUCKETS_OVH:[object Object]/S3_IMMO:[object Object]/S3_GEO:[object Object]/EXT_REGION:[object Object]/SUD_ADMIN:[object Object] frameMargin=24 placement=BRANDES_KOEPF compaction=EDGE_LENGTH ratioHigh=1.775 edgeLayerGap=15 edgeNodeGap=15 edgeGap=10 componentGap=24"
architecture-sauvegardes,elk,2,99,0.277,3.50,3.81,4.37,2.21,0.594,0.143,1.748,421,vertes,"mode=frame direction=RIGHT inner=RIGHT split=all portSide=free layerGap=30 nodeGap=48 rootPadding=12 frame=north:USER/south:SUD_ADMIN/anchor:OVH_CLUSTER/band:Z_GHX,OVH_CLUSTER,BUCKETS_OVH,EXT_REGION plan=Z_GHX:[object Object]/GH_PILOTAGE:[object Object]/HORS_GH:[object Object]/OVH_CLUSTER:[object Object]/immo_tenant:[object Object]/geo_tenant:[object Object]/BUCKETS_OVH:[object Object]/S3_IMMO:[object Object]/S3_GEO:[object Object]/EXT_REGION:[object Object]/SUD_ADMIN:[object Object] frameMargin=40 placement=BRANDES_KOEPF compaction=EDGE_LENGTH ratioHigh=1.7478 edgeLayerGap=15 edgeNodeGap=15 edgeGap=10 componentGap=24"
architecture-sauvegardes,elk,2,97,0.277,3.51,3.83,4.39,2.21,0.596,0.144,1.756,421,vertes,"mode=frame direction=RIGHT inner=RIGHT split=all portSide=free layerGap=30 nodeGap=48 rootPadding=12 frame=north:USER/south:SUD_ADMIN/anchor:OVH_CLUSTER/band:Z_GHX,OVH_CLUSTER,BUCKETS_OVH,EXT_REGION plan=Z_GHX:[object Object]/GH_PILOTAGE:[object Object]/HORS_GH:[object Object]/OVH_CLUSTER:[object Object]/immo_tenant:[object Object]/geo_tenant:[object Object]/BUCKETS_OVH:[object Object]/S3_IMMO:[object Object]/S3_GEO:[object Object]/EXT_REGION:[object Object]/SUD_ADMIN:[object Object] frameMargin=40 placement=BRANDES_KOEPF compaction=EDGE_LENGTH ratioHigh=1.775 edgeLayerGap=15 edgeNodeGap=15 edgeGap=10 componentGap=24"
architecture-sauvegardes,elk,2,134,0.262,3.14,3.42,3.92,2.12,0.626,0.123,1.635,426,vertes,"mode=frame direction=RIGHT inner=RIGHT split=all portSide=free layerGap=30 nodeGap=48 rootPadding=12 frame=north:USER/south:SUD_ADMIN/anchor:OVH_CLUSTER/band:Z_GHX,OVH_CLUSTER,BUCKETS_OVH,EXT_REGION plan=Z_GHX:[object Object]/GH_PILOTAGE:[object Object]/HORS_GH:[object Object]/OVH_CLUSTER:[object Object]/immo_tenant:[object Object]/geo_tenant:[object Object]/BUCKETS_OVH:[object Object]/S3_IMMO:[object Object]/S3_GEO:[object Object]/EXT_REGION:[object Object]/SUD_ADMIN:[object Object] frameMargin=16 placement=LINEAR_SEGMENTS compaction=NONE ratioHigh=1.7478 edgeLayerGap=30 edgeNodeGap=30 edgeGap=20 componentGap=60"
architecture-sauvegardes,elk,2,135,0.262,3.14,3.42,3.92,2.12,0.626,0.123,1.635,426,vertes,"mode=frame direction=RIGHT inner=RIGHT split=all portSide=free layerGap=30 nodeGap=48 rootPadding=12 frame=north:USER/south:SUD_ADMIN/anchor:OVH_CLUSTER/band:Z_GHX,OVH_CLUSTER,BUCKETS_OVH,EXT_REGION plan=Z_GHX:[object Object]/GH_PILOTAGE:[object Object]/HORS_GH:[object Object]/OVH_CLUSTER:[object Object]/immo_tenant:[object Object]/geo_tenant:[object Object]/BUCKETS_OVH:[object Object]/S3_IMMO:[object Object]/S3_GEO:[object Object]/EXT_REGION:[object Object]/SUD_ADMIN:[object Object] frameMargin=16 placement=LINEAR_SEGMENTS compaction=NONE ratioHigh=1.775 edgeLayerGap=30 edgeNodeGap=30 edgeGap=20 componentGap=60"
architecture-sauvegardes,elk,2,136,0.262,3.14,3.42,3.92,2.11,0.623,0.123,1.642,426,vertes,"mode=frame direction=RIGHT inner=RIGHT split=all portSide=free layerGap=30 nodeGap=48 rootPadding=12 frame=north:USER/south:SUD_ADMIN/anchor:OVH_CLUSTER/band:Z_GHX,OVH_CLUSTER,BUCKETS_OVH,EXT_REGION plan=Z_GHX:[object Object]/GH_PILOTAGE:[object Object]/HORS_GH:[object Object]/OVH_CLUSTER:[object Object]/immo_tenant:[object Object]/geo_tenant:[object Object]/BUCKETS_OVH:[object Object]/S3_IMMO:[object Object]/S3_GEO:[object Object]/EXT_REGION:[object Object]/SUD_ADMIN:[object Object] frameMargin=24 placement=LINEAR_SEGMENTS compaction=NONE ratioHigh=1.7478 edgeLayerGap=30 edgeNodeGap=30 edgeGap=20 componentGap=60"
architecture-sauvegardes,elk,2,137,0.262,3.14,3.42,3.92,2.11,0.623,0.123,1.642,426,vertes,"mode=frame direction=RIGHT inner=RIGHT split=all portSide=free layerGap=30 nodeGap=48 rootPadding=12 frame=north:USER/south:SUD_ADMIN/anchor:OVH_CLUSTER/band:Z_GHX,OVH_CLUSTER,BUCKETS_OVH,EXT_REGION plan=Z_GHX:[object Object]/GH_PILOTAGE:[object Object]/HORS_GH:[object Object]/OVH_CLUSTER:[object Object]/immo_tenant:[object Object]/geo_tenant:[object Object]/BUCKETS_OVH:[object Object]/S3_IMMO:[object Object]/S3_GEO:[object Object]/EXT_REGION:[object Object]/SUD_ADMIN:[object Object] frameMargin=24 placement=LINEAR_SEGMENTS compaction=NONE ratioHigh=1.775 edgeLayerGap=30 edgeNodeGap=30 edgeGap=20 componentGap=60"
architecture-sauvegardes,elk,2,139,0.262,3.14,3.42,3.92,2.10,0.618,0.122,1.656,426,vertes,"mode=frame direction=RIGHT inner=RIGHT split=all portSide=free layerGap=30 nodeGap=48 rootPadding=12 frame=north:USER/south:SUD_ADMIN/anchor:OVH_CLUSTER/band:Z_GHX,OVH_CLUSTER,BUCKETS_OVH,EXT_REGION plan=Z_GHX:[object Object]/GH_PILOTAGE:[object Object]/HORS_GH:[object Object]/OVH_CLUSTER:[object Object]/immo_tenant:[object Object]/geo_tenant:[object Object]/BUCKETS_OVH:[object Object]/S3_IMMO:[object Object]/S3_GEO:[object Object]/EXT_REGION:[object Object]/SUD_ADMIN:[object Object] frameMargin=40 placement=LINEAR_SEGMENTS compaction=NONE ratioHigh=1.7478 edgeLayerGap=30 edgeNodeGap=30 edgeGap=20 componentGap=60"
architecture-sauvegardes,elk,2,140,0.262,3.14,3.42,3.92,2.10,0.618,0.122,1.656,426,vertes,"mode=frame direction=RIGHT inner=RIGHT split=all portSide=free layerGap=30 nodeGap=48 rootPadding=12 frame=north:USER/south:SUD_ADMIN/anchor:OVH_CLUSTER/band:Z_GHX,OVH_CLUSTER,BUCKETS_OVH,EXT_REGION plan=Z_GHX:[object Object]/GH_PILOTAGE:[object Object]/HORS_GH:[object Object]/OVH_CLUSTER:[object Object]/immo_tenant:[object Object]/geo_tenant:[object Object]/BUCKETS_OVH:[object Object]/S3_IMMO:[object Object]/S3_GEO:[object Object]/EXT_REGION:[object Object]/SUD_ADMIN:[object Object] frameMargin=40 placement=LINEAR_SEGMENTS compaction=NONE ratioHigh=1.775 edgeLayerGap=30 edgeNodeGap=30 edgeGap=20 componentGap=60"
architecture-sauvegardes,elk,2,83,0.280,3.48,3.79,4.34,2.24,0.604,0.144,1.715,426,vertes,"mode=frame direction=RIGHT inner=RIGHT split=all portSide=free layerGap=30 nodeGap=48 rootPadding=12 frame=north:USER/south:SUD_ADMIN/anchor:OVH_CLUSTER/band:Z_GHX,OVH_CLUSTER,BUCKETS_OVH,EXT_REGION plan=Z_GHX:[object Object]/GH_PILOTAGE:[object Object]/HORS_GH:[object Object]/OVH_CLUSTER:[object Object]/immo_tenant:[object Object]/geo_tenant:[object Object]/BUCKETS_OVH:[object Object]/S3_IMMO:[object Object]/S3_GEO:[object Object]/EXT_REGION:[object Object]/SUD_ADMIN:[object Object] frameMargin=16 placement=LINEAR_SEGMENTS compaction=NONE ratioHigh=1.7478 edgeLayerGap=15 edgeNodeGap=15 edgeGap=10 componentGap=24"
architecture-sauvegardes,elk,2,84,0.280,3.48,3.79,4.34,2.24,0.604,0.144,1.715,426,vertes,"mode=frame direction=RIGHT inner=RIGHT split=all portSide=free layerGap=30 nodeGap=48 rootPadding=12 frame=north:USER/south:SUD_ADMIN/anchor:OVH_CLUSTER/band:Z_GHX,OVH_CLUSTER,BUCKETS_OVH,EXT_REGION plan=Z_GHX:[object Object]/GH_PILOTAGE:[object Object]/HORS_GH:[object Object]/OVH_CLUSTER:[object Object]/immo_tenant:[object Object]/geo_tenant:[object Object]/BUCKETS_OVH:[object Object]/S3_IMMO:[object Object]/S3_GEO:[object Object]/EXT_REGION:[object Object]/SUD_ADMIN:[object Object] frameMargin=16 placement=LINEAR_SEGMENTS compaction=NONE ratioHigh=1.775 edgeLayerGap=15 edgeNodeGap=15 edgeGap=10 componentGap=24"
architecture-sauvegardes,elk,2,95,0.279,3.48,3.79,4.34,2.23,0.601,0.144,1.722,426,vertes,"mode=frame direction=RIGHT inner=RIGHT split=all portSide=free layerGap=30 nodeGap=48 rootPadding=12 frame=north:USER/south:SUD_ADMIN/anchor:OVH_CLUSTER/band:Z_GHX,OVH_CLUSTER,BUCKETS_OVH,EXT_REGION plan=Z_GHX:[object Object]/GH_PILOTAGE:[object Object]/HORS_GH:[object Object]/OVH_CLUSTER:[object Object]/immo_tenant:[object Object]/geo_tenant:[object Object]/BUCKETS_OVH:[object Object]/S3_IMMO:[object Object]/S3_GEO:[object Object]/EXT_REGION:[object Object]/SUD_ADMIN:[object Object] frameMargin=24 placement=LINEAR_SEGMENTS compaction=NONE ratioHigh=1.7478 edgeLayerGap=15 edgeNodeGap=15 edgeGap=10 componentGap=24"
architecture-sauvegardes,elk,2,96,0.279,3.48,3.79,4.34,2.23,0.601,0.144,1.722,426,vertes,"mode=frame direction=RIGHT inner=RIGHT split=all portSide=free layerGap=30 nodeGap=48 rootPadding=12 frame=north:USER/south:SUD_ADMIN/anchor:OVH_CLUSTER/band:Z_GHX,OVH_CLUSTER,BUCKETS_OVH,EXT_REGION plan=Z_GHX:[object Object]/GH_PILOTAGE:[object Object]/HORS_GH:[object Object]/OVH_CLUSTER:[object Object]/immo_tenant:[object Object]/geo_tenant:[object Object]/BUCKETS_OVH:[object Object]/S3_IMMO:[object Object]/S3_GEO:[object Object]/EXT_REGION:[object Object]/SUD_ADMIN:[object Object] frameMargin=24 placement=LINEAR_SEGMENTS compaction=NONE ratioHigh=1.775 edgeLayerGap=15 edgeNodeGap=15 edgeGap=10 componentGap=24"
architecture-sauvegardes,elk,2,107,0.277,3.48,3.79,4.34,2.21,0.596,0.143,1.737,426,vertes,"mode=frame direction=RIGHT inner=RIGHT split=all portSide=free layerGap=30 nodeGap=48 rootPadding=12 frame=north:USER/south:SUD_ADMIN/anchor:OVH_CLUSTER/band:Z_GHX,OVH_CLUSTER,BUCKETS_OVH,EXT_REGION plan=Z_GHX:[object Object]/GH_PILOTAGE:[object Object]/HORS_GH:[object Object]/OVH_CLUSTER:[object Object]/immo_tenant:[object Object]/geo_tenant:[object Object]/BUCKETS_OVH:[object Object]/S3_IMMO:[object Object]/S3_GEO:[object Object]/EXT_REGION:[object Object]/SUD_ADMIN:[object Object] frameMargin=40 placement=LINEAR_SEGMENTS compaction=NONE ratioHigh=1.7478 edgeLayerGap=15 edgeNodeGap=15 edgeGap=10 componentGap=24"
architecture-sauvegardes,elk,2,108,0.277,3.48,3.79,4.34,2.21,0.596,0.143,1.737,426,vertes,"mode=frame direction=RIGHT inner=RIGHT split=all portSide=free layerGap=30 nodeGap=48 rootPadding=12 frame=north:USER/south:SUD_ADMIN/anchor:OVH_CLUSTER/band:Z_GHX,OVH_CLUSTER,BUCKETS_OVH,EXT_REGION plan=Z_GHX:[object Object]/GH_PILOTAGE:[object Object]/HORS_GH:[object Object]/OVH_CLUSTER:[object Object]/immo_tenant:[object Object]/geo_tenant:[object Object]/BUCKETS_OVH:[object Object]/S3_IMMO:[object Object]/S3_GEO:[object Object]/EXT_REGION:[object Object]/SUD_ADMIN:[object Object] frameMargin=40 placement=LINEAR_SEGMENTS compaction=NONE ratioHigh=1.775 edgeLayerGap=15 edgeNodeGap=15 edgeGap=10 componentGap=24"
architecture-sauvegardes,elk,2,210,0.249,3.14,3.43,3.93,1.99,0.616,0.116,1.748,426,vertes,"mode=frame direction=RIGHT inner=RIGHT split=all portSide=free layerGap=30 nodeGap=48 rootPadding=12 frame=north:USER/south:SUD_ADMIN/anchor:OVH_CLUSTER/band:Z_GHX,OVH_CLUSTER,BUCKETS_OVH,EXT_REGION plan=Z_GHX:[object Object]/GH_PILOTAGE:[object Object]/HORS_GH:[object Object]/OVH_CLUSTER:[object Object]/immo_tenant:[object Object]/geo_tenant:[object Object]/BUCKETS_OVH:[object Object]/S3_IMMO:[object Object]/S3_GEO:[object Object]/EXT_REGION:[object Object]/SUD_ADMIN:[object Object] frameMargin=16 placement=LINEAR_SEGMENTS compaction=EDGE_LENGTH ratioHigh=1.7478 edgeLayerGap=30 edgeNodeGap=30 edgeGap=20 componentGap=60"
architecture-sauvegardes,elk,2,204,0.249,3.17,3.45,3.95,1.99,0.621,0.117,1.760,426,vertes,"mode=frame direction=RIGHT inner=RIGHT split=all portSide=free layerGap=30 nodeGap=48 rootPadding=12 frame=north:USER/south:SUD_ADMIN/anchor:OVH_CLUSTER/band:Z_GHX,OVH_CLUSTER,BUCKETS_OVH,EXT_REGION plan=Z_GHX:[object Object]/GH_PILOTAGE:[object Object]/HORS_GH:[object Object]/OVH_CLUSTER:[object Object]/immo_tenant:[object Object]/geo_tenant:[object Object]/BUCKETS_OVH:[object Object]/S3_IMMO:[object Object]/S3_GEO:[object Object]/EXT_REGION:[object Object]/SUD_ADMIN:[object Object] frameMargin=16 placement=LINEAR_SEGMENTS compaction=EDGE_LENGTH ratioHigh=1.775 edgeLayerGap=30 edgeNodeGap=30 edgeGap=20 componentGap=60"
architecture-sauvegardes,elk,2,133,0.262,3.14,3.42,3.92,2.11,0.620,0.123,1.642,426,vertes,"mode=frame direction=RIGHT inner=RIGHT split=all portSide=free layerGap=30 nodeGap=48 rootPadding=12 frame=north:USER/south:SUD_ADMIN/anchor:OVH_CLUSTER/band:Z_GHX,OVH_CLUSTER,BUCKETS_OVH,EXT_REGION plan=Z_GHX:[object Object]/GH_PILOTAGE:[object Object]/HORS_GH:[object Object]/OVH_CLUSTER:[object Object]/immo_tenant:[object Object]/geo_tenant:[object Object]/BUCKETS_OVH:[object Object]/S3_IMMO:[object Object]/S3_GEO:[object Object]/EXT_REGION:[object Object]/SUD_ADMIN:[object Object] frameMargin=24 placement=LINEAR_SEGMENTS compaction=EDGE_LENGTH ratioHigh=1.7478 edgeLayerGap=30 edgeNodeGap=30 edgeGap=20 componentGap=60"
architecture-sauvegardes,elk,2,214,0.248,3.17,3.45,3.95,1.98,0.618,0.116,1.767,426,vertes,"mode=frame direction=RIGHT inner=RIGHT split=all portSide=free layerGap=30 nodeGap=48 rootPadding=12 frame=north:USER/south:SUD_ADMIN/anchor:OVH_CLUSTER/band:Z_GHX,OVH_CLUSTER,BUCKETS_OVH,EXT_REGION plan=Z_GHX:[object Object]/GH_PILOTAGE:[object Object]/HORS_GH:[object Object]/OVH_CLUSTER:[object Object]/immo_tenant:[object Object]/geo_tenant:[object Object]/BUCKETS_OVH:[object Object]/S3_IMMO:[object Object]/S3_GEO:[object Object]/EXT_REGION:[object Object]/SUD_ADMIN:[object Object] frameMargin=24 placement=LINEAR_SEGMENTS compaction=EDGE_LENGTH ratioHigh=1.775 edgeLayerGap=30 edgeNodeGap=30 edgeGap=20 componentGap=60"
architecture-sauvegardes,elk,2,138,0.262,3.14,3.42,3.92,2.10,0.615,0.122,1.656,426,vertes,"mode=frame direction=RIGHT inner=RIGHT split=all portSide=free layerGap=30 nodeGap=48 rootPadding=12 frame=north:USER/south:SUD_ADMIN/anchor:OVH_CLUSTER/band:Z_GHX,OVH_CLUSTER,BUCKETS_OVH,EXT_REGION plan=Z_GHX:[object Object]/GH_PILOTAGE:[object Object]/HORS_GH:[object Object]/OVH_CLUSTER:[object Object]/immo_tenant:[object Object]/geo_tenant:[object Object]/BUCKETS_OVH:[object Object]/S3_IMMO:[object Object]/S3_GEO:[object Object]/EXT_REGION:[object Object]/SUD_ADMIN:[object Object] frameMargin=40 placement=LINEAR_SEGMENTS compaction=EDGE_LENGTH ratioHigh=1.7478 edgeLayerGap=30 edgeNodeGap=30 edgeGap=20 componentGap=60"
architecture-sauvegardes,elk,2,219,0.246,3.16,3.44,3.94,1.97,0.611,0.115,1.775,426,vertes,"mode=frame direction=RIGHT inner=RIGHT split=all portSide=free layerGap=30 nodeGap=48 rootPadding=12 frame=north:USER/south:SUD_ADMIN/anchor:OVH_CLUSTER/band:Z_GHX,OVH_CLUSTER,BUCKETS_OVH,EXT_REGION plan=Z_GHX:[object Object]/GH_PILOTAGE:[object Object]/HORS_GH:[object Object]/OVH_CLUSTER:[object Object]/immo_tenant:[object Object]/geo_tenant:[object Object]/BUCKETS_OVH:[object Object]/S3_IMMO:[object Object]/S3_GEO:[object Object]/EXT_REGION:[object Object]/SUD_ADMIN:[object Object] frameMargin=40 placement=LINEAR_SEGMENTS compaction=EDGE_LENGTH ratioHigh=1.775 edgeLayerGap=30 edgeNodeGap=30 edgeGap=20 componentGap=60"
architecture-sauvegardes,elk,2,81,0.280,3.48,3.80,4.35,2.24,0.603,0.145,1.719,426,vertes,"mode=frame direction=RIGHT inner=RIGHT split=all portSide=free layerGap=30 nodeGap=48 rootPadding=12 frame=north:USER/south:SUD_ADMIN/anchor:OVH_CLUSTER/band:Z_GHX,OVH_CLUSTER,BUCKETS_OVH,EXT_REGION plan=Z_GHX:[object Object]/GH_PILOTAGE:[object Object]/HORS_GH:[object Object]/OVH_CLUSTER:[object Object]/immo_tenant:[object Object]/geo_tenant:[object Object]/BUCKETS_OVH:[object Object]/S3_IMMO:[object Object]/S3_GEO:[object Object]/EXT_REGION:[object Object]/SUD_ADMIN:[object Object] frameMargin=16 placement=LINEAR_SEGMENTS compaction=EDGE_LENGTH ratioHigh=1.7478 edgeLayerGap=15 edgeNodeGap=15 edgeGap=10 componentGap=24"
architecture-sauvegardes,elk,2,82,0.280,3.48,3.80,4.35,2.24,0.603,0.145,1.719,426,vertes,"mode=frame direction=RIGHT inner=RIGHT split=all portSide=free layerGap=30 nodeGap=48 rootPadding=12 frame=north:USER/south:SUD_ADMIN/anchor:OVH_CLUSTER/band:Z_GHX,OVH_CLUSTER,BUCKETS_OVH,EXT_REGION plan=Z_GHX:[object Object]/GH_PILOTAGE:[object Object]/HORS_GH:[object Object]/OVH_CLUSTER:[object Object]/immo_tenant:[object Object]/geo_tenant:[object Object]/BUCKETS_OVH:[object Object]/S3_IMMO:[object Object]/S3_GEO:[object Object]/EXT_REGION:[object Object]/SUD_ADMIN:[object Object] frameMargin=16 placement=LINEAR_SEGMENTS compaction=EDGE_LENGTH ratioHigh=1.775 edgeLayerGap=15 edgeNodeGap=15 edgeGap=10 componentGap=24"
architecture-sauvegardes,elk,2,93,0.279,3.48,3.80,4.35,2.23,0.601,0.144,1.726,426,vertes,"mode=frame direction=RIGHT inner=RIGHT split=all portSide=free layerGap=30 nodeGap=48 rootPadding=12 frame=north:USER/south:SUD_ADMIN/anchor:OVH_CLUSTER/band:Z_GHX,OVH_CLUSTER,BUCKETS_OVH,EXT_REGION plan=Z_GHX:[object Object]/GH_PILOTAGE:[object Object]/HORS_GH:[object Object]/OVH_CLUSTER:[object Object]/immo_tenant:[object Object]/geo_tenant:[object Object]/BUCKETS_OVH:[object Object]/S3_IMMO:[object Object]/S3_GEO:[object Object]/EXT_REGION:[object Object]/SUD_ADMIN:[object Object] frameMargin=24 placement=LINEAR_SEGMENTS compaction=EDGE_LENGTH ratioHigh=1.7478 edgeLayerGap=15 edgeNodeGap=15 edgeGap=10 componentGap=24"
architecture-sauvegardes,elk,2,94,0.279,3.48,3.80,4.35,2.23,0.601,0.144,1.726,426,vertes,"mode=frame direction=RIGHT inner=RIGHT split=all portSide=free layerGap=30 nodeGap=48 rootPadding=12 frame=north:USER/south:SUD_ADMIN/anchor:OVH_CLUSTER/band:Z_GHX,OVH_CLUSTER,BUCKETS_OVH,EXT_REGION plan=Z_GHX:[object Object]/GH_PILOTAGE:[object Object]/HORS_GH:[object Object]/OVH_CLUSTER:[object Object]/immo_tenant:[object Object]/geo_tenant:[object Object]/BUCKETS_OVH:[object Object]/S3_IMMO:[object Object]/S3_GEO:[object Object]/EXT_REGION:[object Object]/SUD_ADMIN:[object Object] frameMargin=24 placement=LINEAR_SEGMENTS compaction=EDGE_LENGTH ratioHigh=1.775 edgeLayerGap=15 edgeNodeGap=15 edgeGap=10 componentGap=24"
architecture-sauvegardes,elk,2,105,0.277,3.48,3.80,4.35,2.21,0.595,0.143,1.742,426,vertes,"mode=frame direction=RIGHT inner=RIGHT split=all portSide=free layerGap=30 nodeGap=48 rootPadding=12 frame=north:USER/south:SUD_ADMIN/anchor:OVH_CLUSTER/band:Z_GHX,OVH_CLUSTER,BUCKETS_OVH,EXT_REGION plan=Z_GHX:[object Object]/GH_PILOTAGE:[object Object]/HORS_GH:[object Object]/OVH_CLUSTER:[object Object]/immo_tenant:[object Object]/geo_tenant:[object Object]/BUCKETS_OVH:[object Object]/S3_IMMO:[object Object]/S3_GEO:[object Object]/EXT_REGION:[object Object]/SUD_ADMIN:[object Object] frameMargin=40 placement=LINEAR_SEGMENTS compaction=EDGE_LENGTH ratioHigh=1.7478 edgeLayerGap=15 edgeNodeGap=15 edgeGap=10 componentGap=24"
architecture-sauvegardes,elk,2,106,0.277,3.48,3.80,4.35,2.21,0.595,0.143,1.742,426,vertes,"mode=frame direction=RIGHT inner=RIGHT split=all portSide=free layerGap=30 nodeGap=48 rootPadding=12 frame=north:USER/south:SUD_ADMIN/anchor:OVH_CLUSTER/band:Z_GHX,OVH_CLUSTER,BUCKETS_OVH,EXT_REGION plan=Z_GHX:[object Object]/GH_PILOTAGE:[object Object]/HORS_GH:[object Object]/OVH_CLUSTER:[object Object]/immo_tenant:[object Object]/geo_tenant:[object Object]/BUCKETS_OVH:[object Object]/S3_IMMO:[object Object]/S3_GEO:[object Object]/EXT_REGION:[object Object]/SUD_ADMIN:[object Object] frameMargin=40 placement=LINEAR_SEGMENTS compaction=EDGE_LENGTH ratioHigh=1.775 edgeLayerGap=15 edgeNodeGap=15 edgeGap=10 componentGap=24"
sequence-bout-en-bout,elk,1,,0.446,5.35,5.83,6.68,3.97,0.725,0.387,0.626,6,"rapport 0.626 hors de [4:3 ; 16:9]","mode=include direction=DOWN layering=NETWORK_SIMPLEX layerGap=30 nodeGap=24 placement=NETWORK_SIMPLEX rootPadding=12"
sequence-bout-en-bout,elk,1,,0.444,5.33,5.81,6.65,3.96,0.723,0.386,0.624,6,"rapport 0.624 hors de [4:3 ; 16:9]","mode=include direction=DOWN layering=NETWORK_SIMPLEX layerGap=30 nodeGap=24 placement=BRANDES_KOEPF rootPadding=12"
sequence-bout-en-bout,elk,1,,0.441,5.29,5.77,6.60,3.93,0.717,0.383,0.619,10,"rapport 0.619 hors de [4:3 ; 16:9]","mode=include direction=DOWN layering=NETWORK_SIMPLEX layerGap=30 nodeGap=24 placement=LINEAR_SEGMENTS rootPadding=12"
sequence-bout-en-bout,elk,1,,0.446,5.35,5.83,6.68,3.97,0.706,0.377,0.644,6,"rapport 0.644 hors de [4:3 ; 16:9]","mode=include direction=DOWN layering=NETWORK_SIMPLEX layerGap=30 nodeGap=48 placement=NETWORK_SIMPLEX rootPadding=12"
sequence-bout-en-bout,elk,1,,0.444,5.33,5.81,6.65,3.96,0.703,0.375,0.641,6,"rapport 0.641 hors de [4:3 ; 16:9]","mode=include direction=DOWN layering=NETWORK_SIMPLEX layerGap=30 nodeGap=48 placement=BRANDES_KOEPF rootPadding=12"
sequence-bout-en-bout,elk,1,,0.441,5.29,5.77,6.60,3.93,0.698,0.373,0.637,10,"rapport 0.637 hors de [4:3 ; 16:9]","mode=include direction=DOWN layering=NETWORK_SIMPLEX layerGap=30 nodeGap=48 placement=LINEAR_SEGMENTS rootPadding=12"
sequence-bout-en-bout,elk,1,,0.441,5.29,5.77,6.60,3.93,0.717,0.383,0.619,6,"rapport 0.619 hors de [4:3 ; 16:9]","mode=include direction=DOWN layering=NETWORK_SIMPLEX layerGap=60 nodeGap=24 placement=NETWORK_SIMPLEX rootPadding=12"
sequence-bout-en-bout,elk,1,,0.439,5.27,5.75,6.58,3.91,0.715,0.382,0.617,6,"rapport 0.617 hors de [4:3 ; 16:9]","mode=include direction=DOWN layering=NETWORK_SIMPLEX layerGap=60 nodeGap=24 placement=BRANDES_KOEPF rootPadding=12"
sequence-bout-en-bout,elk,1,,0.441,5.29,5.77,6.60,3.93,0.717,0.383,0.619,10,"rapport 0.619 hors de [4:3 ; 16:9]","mode=include direction=DOWN layering=NETWORK_SIMPLEX layerGap=60 nodeGap=24 placement=LINEAR_SEGMENTS rootPadding=12"
sequence-bout-en-bout,elk,1,,0.441,5.29,5.77,6.60,3.93,0.698,0.373,0.637,6,"rapport 0.637 hors de [4:3 ; 16:9]","mode=include direction=DOWN layering=NETWORK_SIMPLEX layerGap=60 nodeGap=48 placement=NETWORK_SIMPLEX rootPadding=12"
sequence-bout-en-bout,elk,1,,0.439,5.27,5.75,6.58,3.91,0.696,0.371,0.634,6,"rapport 0.634 hors de [4:3 ; 16:9]","mode=include direction=DOWN layering=NETWORK_SIMPLEX layerGap=60 nodeGap=48 placement=BRANDES_KOEPF rootPadding=12"
sequence-bout-en-bout,elk,1,,0.441,5.29,5.77,6.60,3.93,0.698,0.373,0.637,10,"rapport 0.637 hors de [4:3 ; 16:9]","mode=include direction=DOWN layering=NETWORK_SIMPLEX layerGap=60 nodeGap=48 placement=LINEAR_SEGMENTS rootPadding=12"
sequence-bout-en-bout,elk,1,,0.423,5.07,5.53,6.33,3.77,0.688,0.367,0.593,6,"rapport 0.593 hors de [4:3 ; 16:9]","mode=include direction=DOWN layering=NETWORK_SIMPLEX layerGap=120 nodeGap=24 placement=NETWORK_SIMPLEX rootPadding=12"
sequence-bout-en-bout,elk,1,,0.423,5.07,5.53,6.33,3.77,0.688,0.367,0.593,6,"rapport 0.593 hors de [4:3 ; 16:9]","mode=include direction=DOWN layering=NETWORK_SIMPLEX layerGap=120 nodeGap=24 placement=BRANDES_KOEPF rootPadding=12"
sequence-bout-en-bout,elk,1,,0.423,5.07,5.53,6.33,3.77,0.688,0.367,0.593,10,"rapport 0.593 hors de [4:3 ; 16:9]","mode=include direction=DOWN layering=NETWORK_SIMPLEX layerGap=120 nodeGap=24 placement=LINEAR_SEGMENTS rootPadding=12"
sequence-bout-en-bout,elk,1,,0.423,5.07,5.53,6.33,3.77,0.669,0.357,0.610,6,"rapport 0.610 hors de [4:3 ; 16:9]","mode=include direction=DOWN layering=NETWORK_SIMPLEX layerGap=120 nodeGap=48 placement=NETWORK_SIMPLEX rootPadding=12"
sequence-bout-en-bout,elk,1,,0.423,5.07,5.53,6.33,3.77,0.669,0.357,0.610,6,"rapport 0.610 hors de [4:3 ; 16:9]","mode=include direction=DOWN layering=NETWORK_SIMPLEX layerGap=120 nodeGap=48 placement=BRANDES_KOEPF rootPadding=12"
sequence-bout-en-bout,elk,1,,0.423,5.07,5.53,6.33,3.77,0.669,0.357,0.610,10,"rapport 0.610 hors de [4:3 ; 16:9]","mode=include direction=DOWN layering=NETWORK_SIMPLEX layerGap=120 nodeGap=48 placement=LINEAR_SEGMENTS rootPadding=12"
sequence-bout-en-bout,elk,1,,0.395,4.74,5.17,5.92,3.52,0.643,0.344,0.555,6,"rapport 0.555 hors de [4:3 ; 16:9]","mode=include direction=DOWN layering=NETWORK_SIMPLEX layerGap=220 nodeGap=24 placement=NETWORK_SIMPLEX rootPadding=12"
sequence-bout-en-bout,elk,1,,0.395,4.74,5.17,5.92,3.52,0.643,0.344,0.555,6,"rapport 0.555 hors de [4:3 ; 16:9]","mode=include direction=DOWN layering=NETWORK_SIMPLEX layerGap=220 nodeGap=24 placement=BRANDES_KOEPF rootPadding=12"
sequence-bout-en-bout,elk,1,,0.395,4.74,5.17,5.92,3.52,0.643,0.344,0.555,10,"rapport 0.555 hors de [4:3 ; 16:9]","mode=include direction=DOWN layering=NETWORK_SIMPLEX layerGap=220 nodeGap=24 placement=LINEAR_SEGMENTS rootPadding=12"
sequence-bout-en-bout,elk,1,,0.395,4.74,5.17,5.92,3.52,0.626,0.334,0.570,6,"rapport 0.570 hors de [4:3 ; 16:9]","mode=include direction=DOWN layering=NETWORK_SIMPLEX layerGap=220 nodeGap=48 placement=NETWORK_SIMPLEX rootPadding=12"
sequence-bout-en-bout,elk,1,,0.395,4.74,5.17,5.92,3.52,0.626,0.334,0.570,6,"rapport 0.570 hors de [4:3 ; 16:9]","mode=include direction=DOWN layering=NETWORK_SIMPLEX layerGap=220 nodeGap=48 placement=BRANDES_KOEPF rootPadding=12"
sequence-bout-en-bout,elk,1,,0.395,4.74,5.17,5.92,3.52,0.626,0.334,0.570,10,"rapport 0.570 hors de [4:3 ; 16:9]","mode=include direction=DOWN layering=NETWORK_SIMPLEX layerGap=220 nodeGap=48 placement=LINEAR_SEGMENTS rootPadding=12"
sequence-bout-en-bout,elk,1,,0.446,5.35,5.83,6.68,3.97,0.725,0.387,0.626,6,"rapport 0.626 hors de [4:3 ; 16:9]","mode=include direction=DOWN layering=COFFMAN_GRAHAM layerGap=30 nodeGap=24 placement=NETWORK_SIMPLEX rootPadding=12 layerBound=3"
sequence-bout-en-bout,elk,1,,0.444,5.33,5.81,6.65,3.96,0.723,0.386,0.624,6,"rapport 0.624 hors de [4:3 ; 16:9]","mode=include direction=DOWN layering=COFFMAN_GRAHAM layerGap=30 nodeGap=24 placement=BRANDES_KOEPF rootPadding=12 layerBound=3"
sequence-bout-en-bout,elk,1,,0.441,5.29,5.77,6.60,3.93,0.717,0.383,0.619,10,"rapport 0.619 hors de [4:3 ; 16:9]","mode=include direction=DOWN layering=COFFMAN_GRAHAM layerGap=30 nodeGap=24 placement=LINEAR_SEGMENTS rootPadding=12 layerBound=3"
sequence-bout-en-bout,elk,1,,0.446,5.35,5.83,6.68,3.97,0.706,0.377,0.644,6,"rapport 0.644 hors de [4:3 ; 16:9]","mode=include direction=DOWN layering=COFFMAN_GRAHAM layerGap=30 nodeGap=48 placement=NETWORK_SIMPLEX rootPadding=12 layerBound=3"
sequence-bout-en-bout,elk,1,,0.444,5.33,5.81,6.65,3.96,0.703,0.375,0.641,6,"rapport 0.641 hors de [4:3 ; 16:9]","mode=include direction=DOWN layering=COFFMAN_GRAHAM layerGap=30 nodeGap=48 placement=BRANDES_KOEPF rootPadding=12 layerBound=3"
sequence-bout-en-bout,elk,1,,0.441,5.29,5.77,6.60,3.93,0.698,0.373,0.637,10,"rapport 0.637 hors de [4:3 ; 16:9]","mode=include direction=DOWN layering=COFFMAN_GRAHAM layerGap=30 nodeGap=48 placement=LINEAR_SEGMENTS rootPadding=12 layerBound=3"
sequence-bout-en-bout,elk,1,,0.441,5.29,5.77,6.60,3.93,0.717,0.383,0.619,6,"rapport 0.619 hors de [4:3 ; 16:9]","mode=include direction=DOWN layering=COFFMAN_GRAHAM layerGap=60 nodeGap=24 placement=NETWORK_SIMPLEX rootPadding=12 layerBound=3"
sequence-bout-en-bout,elk,1,,0.439,5.27,5.75,6.58,3.91,0.715,0.382,0.617,6,"rapport 0.617 hors de [4:3 ; 16:9]","mode=include direction=DOWN layering=COFFMAN_GRAHAM layerGap=60 nodeGap=24 placement=BRANDES_KOEPF rootPadding=12 layerBound=3"
sequence-bout-en-bout,elk,1,,0.441,5.29,5.77,6.60,3.93,0.717,0.383,0.619,10,"rapport 0.619 hors de [4:3 ; 16:9]","mode=include direction=DOWN layering=COFFMAN_GRAHAM layerGap=60 nodeGap=24 placement=LINEAR_SEGMENTS rootPadding=12 layerBound=3"
sequence-bout-en-bout,elk,1,,0.441,5.29,5.77,6.60,3.93,0.698,0.373,0.637,6,"rapport 0.637 hors de [4:3 ; 16:9]","mode=include direction=DOWN layering=COFFMAN_GRAHAM layerGap=60 nodeGap=48 placement=NETWORK_SIMPLEX rootPadding=12 layerBound=3"
sequence-bout-en-bout,elk,1,,0.439,5.27,5.75,6.58,3.91,0.696,0.371,0.634,6,"rapport 0.634 hors de [4:3 ; 16:9]","mode=include direction=DOWN layering=COFFMAN_GRAHAM layerGap=60 nodeGap=48 placement=BRANDES_KOEPF rootPadding=12 layerBound=3"
sequence-bout-en-bout,elk,1,,0.441,5.29,5.77,6.60,3.93,0.698,0.373,0.637,10,"rapport 0.637 hors de [4:3 ; 16:9]","mode=include direction=DOWN layering=COFFMAN_GRAHAM layerGap=60 nodeGap=48 placement=LINEAR_SEGMENTS rootPadding=12 layerBound=3"
sequence-bout-en-bout,elk,1,,0.423,5.07,5.53,6.33,3.77,0.688,0.367,0.593,6,"rapport 0.593 hors de [4:3 ; 16:9]","mode=include direction=DOWN layering=COFFMAN_GRAHAM layerGap=120 nodeGap=24 placement=NETWORK_SIMPLEX rootPadding=12 layerBound=3"
sequence-bout-en-bout,elk,1,,0.423,5.07,5.53,6.33,3.77,0.688,0.367,0.593,6,"rapport 0.593 hors de [4:3 ; 16:9]","mode=include direction=DOWN layering=COFFMAN_GRAHAM layerGap=120 nodeGap=24 placement=BRANDES_KOEPF rootPadding=12 layerBound=3"
sequence-bout-en-bout,elk,1,,0.423,5.07,5.53,6.33,3.77,0.688,0.367,0.593,10,"rapport 0.593 hors de [4:3 ; 16:9]","mode=include direction=DOWN layering=COFFMAN_GRAHAM layerGap=120 nodeGap=24 placement=LINEAR_SEGMENTS rootPadding=12 layerBound=3"
sequence-bout-en-bout,elk,1,,0.423,5.07,5.53,6.33,3.77,0.669,0.357,0.610,6,"rapport 0.610 hors de [4:3 ; 16:9]","mode=include direction=DOWN layering=COFFMAN_GRAHAM layerGap=120 nodeGap=48 placement=NETWORK_SIMPLEX rootPadding=12 layerBound=3"
sequence-bout-en-bout,elk,1,,0.423,5.07,5.53,6.33,3.77,0.669,0.357,0.610,6,"rapport 0.610 hors de [4:3 ; 16:9]","mode=include direction=DOWN layering=COFFMAN_GRAHAM layerGap=120 nodeGap=48 placement=BRANDES_KOEPF rootPadding=12 layerBound=3"
sequence-bout-en-bout,elk,1,,0.423,5.07,5.53,6.33,3.77,0.669,0.357,0.610,10,"rapport 0.610 hors de [4:3 ; 16:9]","mode=include direction=DOWN layering=COFFMAN_GRAHAM layerGap=120 nodeGap=48 placement=LINEAR_SEGMENTS rootPadding=12 layerBound=3"
sequence-bout-en-bout,elk,1,,0.395,4.74,5.17,5.92,3.52,0.643,0.344,0.555,6,"rapport 0.555 hors de [4:3 ; 16:9]","mode=include direction=DOWN layering=COFFMAN_GRAHAM layerGap=220 nodeGap=24 placement=NETWORK_SIMPLEX rootPadding=12 layerBound=3"
sequence-bout-en-bout,elk,1,,0.395,4.74,5.17,5.92,3.52,0.643,0.344,0.555,6,"rapport 0.555 hors de [4:3 ; 16:9]","mode=include direction=DOWN layering=COFFMAN_GRAHAM layerGap=220 nodeGap=24 placement=BRANDES_KOEPF rootPadding=12 layerBound=3"
sequence-bout-en-bout,elk,1,,0.395,4.74,5.17,5.92,3.52,0.643,0.344,0.555,10,"rapport 0.555 hors de [4:3 ; 16:9]","mode=include direction=DOWN layering=COFFMAN_GRAHAM layerGap=220 nodeGap=24 placement=LINEAR_SEGMENTS rootPadding=12 layerBound=3"
sequence-bout-en-bout,elk,1,,0.395,4.74,5.17,5.92,3.52,0.626,0.334,0.570,6,"rapport 0.570 hors de [4:3 ; 16:9]","mode=include direction=DOWN layering=COFFMAN_GRAHAM layerGap=220 nodeGap=48 placement=NETWORK_SIMPLEX rootPadding=12 layerBound=3"
sequence-bout-en-bout,elk,1,,0.395,4.74,5.17,5.92,3.52,0.626,0.334,0.570,6,"rapport 0.570 hors de [4:3 ; 16:9]","mode=include direction=DOWN layering=COFFMAN_GRAHAM layerGap=220 nodeGap=48 placement=BRANDES_KOEPF rootPadding=12 layerBound=3"
sequence-bout-en-bout,elk,1,,0.395,4.74,5.17,5.92,3.52,0.626,0.334,0.570,10,"rapport 0.570 hors de [4:3 ; 16:9]","mode=include direction=DOWN layering=COFFMAN_GRAHAM layerGap=220 nodeGap=48 placement=LINEAR_SEGMENTS rootPadding=12 layerBound=3"
sequence-bout-en-bout,elk,1,,0.436,5.23,5.71,6.53,3.89,0.710,0.379,0.612,8,"rapport 0.612 hors de [4:3 ; 16:9]","mode=include direction=DOWN layering=MIN_WIDTH layerGap=30 nodeGap=24 placement=NETWORK_SIMPLEX rootPadding=12"
sequence-bout-en-bout,elk,1,,0.439,5.27,5.75,6.58,3.91,0.715,0.382,0.617,6,"rapport 0.617 hors de [4:3 ; 16:9]","mode=include direction=DOWN layering=MIN_WIDTH layerGap=30 nodeGap=24 placement=BRANDES_KOEPF rootPadding=12"
sequence-bout-en-bout,elk,1,,0.432,5.18,5.65,6.47,3.85,0.702,0.375,0.606,12,"rapport 0.606 hors de [4:3 ; 16:9]","mode=include direction=DOWN layering=MIN_WIDTH layerGap=30 nodeGap=24 placement=LINEAR_SEGMENTS rootPadding=12"
sequence-bout-en-bout,elk,1,,0.436,5.23,5.71,6.53,3.89,0.691,0.369,0.630,8,"rapport 0.630 hors de [4:3 ; 16:9]","mode=include direction=DOWN layering=MIN_WIDTH layerGap=30 nodeGap=48 placement=NETWORK_SIMPLEX rootPadding=12"
sequence-bout-en-bout,elk,1,,0.439,5.27,5.75,6.58,3.91,0.696,0.371,0.634,6,"rapport 0.634 hors de [4:3 ; 16:9]","mode=include direction=DOWN layering=MIN_WIDTH layerGap=30 nodeGap=48 placement=BRANDES_KOEPF rootPadding=12"
sequence-bout-en-bout,elk,1,,0.432,5.18,5.65,6.47,3.85,0.683,0.365,0.623,12,"rapport 0.623 hors de [4:3 ; 16:9]","mode=include direction=DOWN layering=MIN_WIDTH layerGap=30 nodeGap=48 placement=LINEAR_SEGMENTS rootPadding=12"
sequence-bout-en-bout,elk,1,,0.432,5.18,5.65,6.47,3.85,0.702,0.375,0.606,8,"rapport 0.606 hors de [4:3 ; 16:9]","mode=include direction=DOWN layering=MIN_WIDTH layerGap=60 nodeGap=24 placement=NETWORK_SIMPLEX rootPadding=12"
sequence-bout-en-bout,elk,1,,0.430,5.16,5.63,6.44,3.83,0.700,0.374,0.604,6,"rapport 0.604 hors de [4:3 ; 16:9]","mode=include direction=DOWN layering=MIN_WIDTH layerGap=60 nodeGap=24 placement=BRANDES_KOEPF rootPadding=12"
sequence-bout-en-bout,elk,1,,0.432,5.18,5.65,6.47,3.85,0.702,0.375,0.606,12,"rapport 0.606 hors de [4:3 ; 16:9]","mode=include direction=DOWN layering=MIN_WIDTH layerGap=60 nodeGap=24 placement=LINEAR_SEGMENTS rootPadding=12"
sequence-bout-en-bout,elk,1,,0.432,5.18,5.65,6.47,3.85,0.683,0.365,0.623,8,"rapport 0.623 hors de [4:3 ; 16:9]","mode=include direction=DOWN layering=MIN_WIDTH layerGap=60 nodeGap=48 placement=NETWORK_SIMPLEX rootPadding=12"
sequence-bout-en-bout,elk,1,,0.430,5.16,5.63,6.44,3.83,0.681,0.364,0.621,6,"rapport 0.621 hors de [4:3 ; 16:9]","mode=include direction=DOWN layering=MIN_WIDTH layerGap=60 nodeGap=48 placement=BRANDES_KOEPF rootPadding=12"
sequence-bout-en-bout,elk,1,,0.432,5.18,5.65,6.47,3.85,0.683,0.365,0.623,12,"rapport 0.623 hors de [4:3 ; 16:9]","mode=include direction=DOWN layering=MIN_WIDTH layerGap=60 nodeGap=48 placement=LINEAR_SEGMENTS rootPadding=12"
sequence-bout-en-bout,elk,1,,0.406,4.87,5.31,6.08,3.62,0.660,0.353,0.569,8,"rapport 0.569 hors de [4:3 ; 16:9]","mode=include direction=DOWN layering=MIN_WIDTH layerGap=120 nodeGap=24 placement=NETWORK_SIMPLEX rootPadding=12"
sequence-bout-en-bout,elk,1,,0.406,4.87,5.31,6.08,3.62,0.660,0.353,0.569,6,"rapport 0.569 hors de [4:3 ; 16:9]","mode=include direction=DOWN layering=MIN_WIDTH layerGap=120 nodeGap=24 placement=BRANDES_KOEPF rootPadding=12"
sequence-bout-en-bout,elk,1,,0.406,4.87,5.31,6.08,3.62,0.660,0.353,0.569,12,"rapport 0.569 hors de [4:3 ; 16:9]","mode=include direction=DOWN layering=MIN_WIDTH layerGap=120 nodeGap=24 placement=LINEAR_SEGMENTS rootPadding=12"
sequence-bout-en-bout,elk,1,,0.406,4.87,5.31,6.08,3.62,0.642,0.343,0.586,8,"rapport 0.586 hors de [4:3 ; 16:9]","mode=include direction=DOWN layering=MIN_WIDTH layerGap=120 nodeGap=48 placement=NETWORK_SIMPLEX rootPadding=12"
sequence-bout-en-bout,elk,1,,0.406,4.87,5.31,6.08,3.62,0.642,0.343,0.586,6,"rapport 0.586 hors de [4:3 ; 16:9]","mode=include direction=DOWN layering=MIN_WIDTH layerGap=120 nodeGap=48 placement=BRANDES_KOEPF rootPadding=12"
sequence-bout-en-bout,elk,1,,0.406,4.87,5.31,6.08,3.62,0.642,0.343,0.586,12,"rapport 0.586 hors de [4:3 ; 16:9]","mode=include direction=DOWN layering=MIN_WIDTH layerGap=120 nodeGap=48 placement=LINEAR_SEGMENTS rootPadding=12"
sequence-bout-en-bout,elk,1,,0.369,4.43,4.83,5.53,3.29,0.601,0.321,0.518,8,"rapport 0.518 hors de [4:3 ; 16:9]","mode=include direction=DOWN layering=MIN_WIDTH layerGap=220 nodeGap=24 placement=NETWORK_SIMPLEX rootPadding=12"
sequence-bout-en-bout,elk,1,,0.369,4.43,4.83,5.53,3.29,0.601,0.321,0.518,6,"rapport 0.518 hors de [4:3 ; 16:9]","mode=include direction=DOWN layering=MIN_WIDTH layerGap=220 nodeGap=24 placement=BRANDES_KOEPF rootPadding=12"
sequence-bout-en-bout,elk,1,,0.369,4.43,4.83,5.53,3.29,0.601,0.321,0.518,12,"rapport 0.518 hors de [4:3 ; 16:9]","mode=include direction=DOWN layering=MIN_WIDTH layerGap=220 nodeGap=24 placement=LINEAR_SEGMENTS rootPadding=12"
sequence-bout-en-bout,elk,1,,0.369,4.43,4.83,5.53,3.29,0.584,0.312,0.532,8,"rapport 0.532 hors de [4:3 ; 16:9]","mode=include direction=DOWN layering=MIN_WIDTH layerGap=220 nodeGap=48 placement=NETWORK_SIMPLEX rootPadding=12"
sequence-bout-en-bout,elk,1,,0.369,4.43,4.83,5.53,3.29,0.584,0.312,0.532,6,"rapport 0.532 hors de [4:3 ; 16:9]","mode=include direction=DOWN layering=MIN_WIDTH layerGap=220 nodeGap=48 placement=BRANDES_KOEPF rootPadding=12"
sequence-bout-en-bout,elk,1,,0.369,4.43,4.83,5.53,3.29,0.584,0.312,0.532,12,"rapport 0.532 hors de [4:3 ; 16:9]","mode=include direction=DOWN layering=MIN_WIDTH layerGap=220 nodeGap=48 placement=LINEAR_SEGMENTS rootPadding=12"
sequence-bout-en-bout,elk,1,,0.306,4.15,4.52,5.55,2.45,0.675,0.257,6.243,6,"rapport 6.243 hors de [4:3 ; 16:9]","mode=include direction=RIGHT layering=NETWORK_SIMPLEX layerGap=30 nodeGap=24 placement=NETWORK_SIMPLEX rootPadding=12"
sequence-bout-en-bout,elk,1,,0.306,4.14,4.52,5.54,2.45,0.674,0.257,6.253,6,"rapport 6.253 hors de [4:3 ; 16:9]","mode=include direction=RIGHT layering=NETWORK_SIMPLEX layerGap=30 nodeGap=24 placement=BRANDES_KOEPF rootPadding=12"
sequence-bout-en-bout,elk,1,,0.305,4.13,4.50,5.52,2.44,0.672,0.256,6.272,10,"rapport 6.272 hors de [4:3 ; 16:9]","mode=include direction=RIGHT layering=NETWORK_SIMPLEX layerGap=30 nodeGap=24 placement=LINEAR_SEGMENTS rootPadding=12"
sequence-bout-en-bout,elk,1,,0.306,4.15,4.52,5.55,2.45,0.646,0.247,5.972,6,"rapport 5.972 hors de [4:3 ; 16:9]","mode=include direction=RIGHT layering=NETWORK_SIMPLEX layerGap=30 nodeGap=48 placement=NETWORK_SIMPLEX rootPadding=12"
sequence-bout-en-bout,elk,1,,0.306,4.14,4.52,5.54,2.45,0.645,0.246,5.981,6,"rapport 5.981 hors de [4:3 ; 16:9]","mode=include direction=RIGHT layering=NETWORK_SIMPLEX layerGap=30 nodeGap=48 placement=BRANDES_KOEPF rootPadding=12"
sequence-bout-en-bout,elk,1,,0.305,4.13,4.50,5.52,2.44,0.643,0.245,5.999,10,"rapport 5.999 hors de [4:3 ; 16:9]","mode=include direction=RIGHT layering=NETWORK_SIMPLEX layerGap=30 nodeGap=48 placement=LINEAR_SEGMENTS rootPadding=12"
sequence-bout-en-bout,elk,1,,0.305,4.13,4.50,5.52,2.44,0.672,0.256,6.272,6,"rapport 6.272 hors de [4:3 ; 16:9]","mode=include direction=RIGHT layering=NETWORK_SIMPLEX layerGap=60 nodeGap=24 placement=NETWORK_SIMPLEX rootPadding=12"
sequence-bout-en-bout,elk,1,,0.304,4.12,4.50,5.51,2.44,0.671,0.256,6.281,6,"rapport 6.281 hors de [4:3 ; 16:9]","mode=include direction=RIGHT layering=NETWORK_SIMPLEX layerGap=60 nodeGap=24 placement=BRANDES_KOEPF rootPadding=12"
sequence-bout-en-bout,elk,1,,0.305,4.13,4.50,5.52,2.44,0.672,0.256,6.272,10,"rapport 6.272 hors de [4:3 ; 16:9]","mode=include direction=RIGHT layering=NETWORK_SIMPLEX layerGap=60 nodeGap=24 placement=LINEAR_SEGMENTS rootPadding=12"
sequence-bout-en-bout,elk,1,,0.305,4.13,4.50,5.52,2.44,0.643,0.245,5.999,6,"rapport 5.999 hors de [4:3 ; 16:9]","mode=include direction=RIGHT layering=NETWORK_SIMPLEX layerGap=60 nodeGap=48 placement=NETWORK_SIMPLEX rootPadding=12"
sequence-bout-en-bout,elk,1,,0.304,4.12,4.50,5.51,2.44,0.642,0.245,6.008,6,"rapport 6.008 hors de [4:3 ; 16:9]","mode=include direction=RIGHT layering=NETWORK_SIMPLEX layerGap=60 nodeGap=48 placement=BRANDES_KOEPF rootPadding=12"
sequence-bout-en-bout,elk,1,,0.305,4.13,4.50,5.52,2.44,0.643,0.245,5.999,10,"rapport 5.999 hors de [4:3 ; 16:9]","mode=include direction=RIGHT layering=NETWORK_SIMPLEX layerGap=60 nodeGap=48 placement=LINEAR_SEGMENTS rootPadding=12"
sequence-bout-en-bout,elk,1,,0.300,4.05,4.42,5.42,2.40,0.660,0.252,6.385,6,"rapport 6.385 hors de [4:3 ; 16:9]","mode=include direction=RIGHT layering=NETWORK_SIMPLEX layerGap=120 nodeGap=24 placement=NETWORK_SIMPLEX rootPadding=12"
sequence-bout-en-bout,elk,1,,0.300,4.05,4.42,5.42,2.40,0.660,0.252,6.385,6,"rapport 6.385 hors de [4:3 ; 16:9]","mode=include direction=RIGHT layering=NETWORK_SIMPLEX layerGap=120 nodeGap=24 placement=BRANDES_KOEPF rootPadding=12"
sequence-bout-en-bout,elk,1,,0.300,4.05,4.42,5.42,2.40,0.660,0.252,6.385,10,"rapport 6.385 hors de [4:3 ; 16:9]","mode=include direction=RIGHT layering=NETWORK_SIMPLEX layerGap=120 nodeGap=24 placement=LINEAR_SEGMENTS rootPadding=12"
sequence-bout-en-bout,elk,1,,0.300,4.05,4.42,5.42,2.40,0.632,0.241,6.108,6,"rapport 6.108 hors de [4:3 ; 16:9]","mode=include direction=RIGHT layering=NETWORK_SIMPLEX layerGap=120 nodeGap=48 placement=NETWORK_SIMPLEX rootPadding=12"
sequence-bout-en-bout,elk,1,,0.300,4.05,4.42,5.42,2.40,0.632,0.241,6.108,6,"rapport 6.108 hors de [4:3 ; 16:9]","mode=include direction=RIGHT layering=NETWORK_SIMPLEX layerGap=120 nodeGap=48 placement=BRANDES_KOEPF rootPadding=12"
sequence-bout-en-bout,elk,1,,0.300,4.05,4.42,5.42,2.40,0.632,0.241,6.108,10,"rapport 6.108 hors de [4:3 ; 16:9]","mode=include direction=RIGHT layering=NETWORK_SIMPLEX layerGap=120 nodeGap=48 placement=LINEAR_SEGMENTS rootPadding=12"
sequence-bout-en-bout,elk,1,,0.291,3.94,4.30,5.27,2.33,0.641,0.245,6.575,6,"rapport 6.575 hors de [4:3 ; 16:9]","mode=include direction=RIGHT layering=NETWORK_SIMPLEX layerGap=220 nodeGap=24 placement=NETWORK_SIMPLEX rootPadding=12"
sequence-bout-en-bout,elk,1,,0.291,3.94,4.30,5.27,2.33,0.641,0.245,6.575,6,"rapport 6.575 hors de [4:3 ; 16:9]","mode=include direction=RIGHT layering=NETWORK_SIMPLEX layerGap=220 nodeGap=24 placement=BRANDES_KOEPF rootPadding=12"
sequence-bout-en-bout,elk,1,,0.291,3.94,4.30,5.27,2.33,0.641,0.245,6.575,10,"rapport 6.575 hors de [4:3 ; 16:9]","mode=include direction=RIGHT layering=NETWORK_SIMPLEX layerGap=220 nodeGap=24 placement=LINEAR_SEGMENTS rootPadding=12"
sequence-bout-en-bout,elk,1,,0.291,3.94,4.30,5.27,2.33,0.613,0.234,6.289,6,"rapport 6.289 hors de [4:3 ; 16:9]","mode=include direction=RIGHT layering=NETWORK_SIMPLEX layerGap=220 nodeGap=48 placement=NETWORK_SIMPLEX rootPadding=12"
sequence-bout-en-bout,elk,1,,0.291,3.94,4.30,5.27,2.33,0.613,0.234,6.289,6,"rapport 6.289 hors de [4:3 ; 16:9]","mode=include direction=RIGHT layering=NETWORK_SIMPLEX layerGap=220 nodeGap=48 placement=BRANDES_KOEPF rootPadding=12"
sequence-bout-en-bout,elk,1,,0.291,3.94,4.30,5.27,2.33,0.613,0.234,6.289,10,"rapport 6.289 hors de [4:3 ; 16:9]","mode=include direction=RIGHT layering=NETWORK_SIMPLEX layerGap=220 nodeGap=48 placement=LINEAR_SEGMENTS rootPadding=12"
sequence-bout-en-bout,elk,1,,0.306,4.15,4.52,5.55,2.45,0.675,0.257,6.243,6,"rapport 6.243 hors de [4:3 ; 16:9]","mode=include direction=RIGHT layering=COFFMAN_GRAHAM layerGap=30 nodeGap=24 placement=NETWORK_SIMPLEX rootPadding=12 layerBound=3"
sequence-bout-en-bout,elk,1,,0.306,4.14,4.52,5.54,2.45,0.674,0.257,6.253,6,"rapport 6.253 hors de [4:3 ; 16:9]","mode=include direction=RIGHT layering=COFFMAN_GRAHAM layerGap=30 nodeGap=24 placement=BRANDES_KOEPF rootPadding=12 layerBound=3"
sequence-bout-en-bout,elk,1,,0.305,4.13,4.50,5.52,2.44,0.672,0.256,6.272,10,"rapport 6.272 hors de [4:3 ; 16:9]","mode=include direction=RIGHT layering=COFFMAN_GRAHAM layerGap=30 nodeGap=24 placement=LINEAR_SEGMENTS rootPadding=12 layerBound=3"
sequence-bout-en-bout,elk,1,,0.306,4.15,4.52,5.55,2.45,0.646,0.247,5.972,6,"rapport 5.972 hors de [4:3 ; 16:9]","mode=include direction=RIGHT layering=COFFMAN_GRAHAM layerGap=30 nodeGap=48 placement=NETWORK_SIMPLEX rootPadding=12 layerBound=3"
sequence-bout-en-bout,elk,1,,0.306,4.14,4.52,5.54,2.45,0.645,0.246,5.981,6,"rapport 5.981 hors de [4:3 ; 16:9]","mode=include direction=RIGHT layering=COFFMAN_GRAHAM layerGap=30 nodeGap=48 placement=BRANDES_KOEPF rootPadding=12 layerBound=3"
sequence-bout-en-bout,elk,1,,0.305,4.13,4.50,5.52,2.44,0.643,0.245,5.999,10,"rapport 5.999 hors de [4:3 ; 16:9]","mode=include direction=RIGHT layering=COFFMAN_GRAHAM layerGap=30 nodeGap=48 placement=LINEAR_SEGMENTS rootPadding=12 layerBound=3"
sequence-bout-en-bout,elk,1,,0.305,4.13,4.50,5.52,2.44,0.672,0.256,6.272,6,"rapport 6.272 hors de [4:3 ; 16:9]","mode=include direction=RIGHT layering=COFFMAN_GRAHAM layerGap=60 nodeGap=24 placement=NETWORK_SIMPLEX rootPadding=12 layerBound=3"
sequence-bout-en-bout,elk,1,,0.304,4.12,4.50,5.51,2.44,0.671,0.256,6.281,6,"rapport 6.281 hors de [4:3 ; 16:9]","mode=include direction=RIGHT layering=COFFMAN_GRAHAM layerGap=60 nodeGap=24 placement=BRANDES_KOEPF rootPadding=12 layerBound=3"
sequence-bout-en-bout,elk,1,,0.305,4.13,4.50,5.52,2.44,0.672,0.256,6.272,10,"rapport 6.272 hors de [4:3 ; 16:9]","mode=include direction=RIGHT layering=COFFMAN_GRAHAM layerGap=60 nodeGap=24 placement=LINEAR_SEGMENTS rootPadding=12 layerBound=3"
sequence-bout-en-bout,elk,1,,0.305,4.13,4.50,5.52,2.44,0.643,0.245,5.999,6,"rapport 5.999 hors de [4:3 ; 16:9]","mode=include direction=RIGHT layering=COFFMAN_GRAHAM layerGap=60 nodeGap=48 placement=NETWORK_SIMPLEX rootPadding=12 layerBound=3"
sequence-bout-en-bout,elk,1,,0.304,4.12,4.50,5.51,2.44,0.642,0.245,6.008,6,"rapport 6.008 hors de [4:3 ; 16:9]","mode=include direction=RIGHT layering=COFFMAN_GRAHAM layerGap=60 nodeGap=48 placement=BRANDES_KOEPF rootPadding=12 layerBound=3"
sequence-bout-en-bout,elk,1,,0.305,4.13,4.50,5.52,2.44,0.643,0.245,5.999,10,"rapport 5.999 hors de [4:3 ; 16:9]","mode=include direction=RIGHT layering=COFFMAN_GRAHAM layerGap=60 nodeGap=48 placement=LINEAR_SEGMENTS rootPadding=12 layerBound=3"
sequence-bout-en-bout,elk,1,,0.300,4.05,4.42,5.42,2.40,0.660,0.252,6.385,6,"rapport 6.385 hors de [4:3 ; 16:9]","mode=include direction=RIGHT layering=COFFMAN_GRAHAM layerGap=120 nodeGap=24 placement=NETWORK_SIMPLEX rootPadding=12 layerBound=3"
sequence-bout-en-bout,elk,1,,0.300,4.05,4.42,5.42,2.40,0.660,0.252,6.385,6,"rapport 6.385 hors de [4:3 ; 16:9]","mode=include direction=RIGHT layering=COFFMAN_GRAHAM layerGap=120 nodeGap=24 placement=BRANDES_KOEPF rootPadding=12 layerBound=3"
sequence-bout-en-bout,elk,1,,0.300,4.05,4.42,5.42,2.40,0.660,0.252,6.385,10,"rapport 6.385 hors de [4:3 ; 16:9]","mode=include direction=RIGHT layering=COFFMAN_GRAHAM layerGap=120 nodeGap=24 placement=LINEAR_SEGMENTS rootPadding=12 layerBound=3"
sequence-bout-en-bout,elk,1,,0.300,4.05,4.42,5.42,2.40,0.632,0.241,6.108,6,"rapport 6.108 hors de [4:3 ; 16:9]","mode=include direction=RIGHT layering=COFFMAN_GRAHAM layerGap=120 nodeGap=48 placement=NETWORK_SIMPLEX rootPadding=12 layerBound=3"
sequence-bout-en-bout,elk,1,,0.300,4.05,4.42,5.42,2.40,0.632,0.241,6.108,6,"rapport 6.108 hors de [4:3 ; 16:9]","mode=include direction=RIGHT layering=COFFMAN_GRAHAM layerGap=120 nodeGap=48 placement=BRANDES_KOEPF rootPadding=12 layerBound=3"
sequence-bout-en-bout,elk,1,,0.300,4.05,4.42,5.42,2.40,0.632,0.241,6.108,10,"rapport 6.108 hors de [4:3 ; 16:9]","mode=include direction=RIGHT layering=COFFMAN_GRAHAM layerGap=120 nodeGap=48 placement=LINEAR_SEGMENTS rootPadding=12 layerBound=3"
sequence-bout-en-bout,elk,1,,0.291,3.94,4.30,5.27,2.33,0.641,0.245,6.575,6,"rapport 6.575 hors de [4:3 ; 16:9]","mode=include direction=RIGHT layering=COFFMAN_GRAHAM layerGap=220 nodeGap=24 placement=NETWORK_SIMPLEX rootPadding=12 layerBound=3"
sequence-bout-en-bout,elk,1,,0.291,3.94,4.30,5.27,2.33,0.641,0.245,6.575,6,"rapport 6.575 hors de [4:3 ; 16:9]","mode=include direction=RIGHT layering=COFFMAN_GRAHAM layerGap=220 nodeGap=24 placement=BRANDES_KOEPF rootPadding=12 layerBound=3"
sequence-bout-en-bout,elk,1,,0.291,3.94,4.30,5.27,2.33,0.641,0.245,6.575,10,"rapport 6.575 hors de [4:3 ; 16:9]","mode=include direction=RIGHT layering=COFFMAN_GRAHAM layerGap=220 nodeGap=24 placement=LINEAR_SEGMENTS rootPadding=12 layerBound=3"
sequence-bout-en-bout,elk,1,,0.291,3.94,4.30,5.27,2.33,0.613,0.234,6.289,6,"rapport 6.289 hors de [4:3 ; 16:9]","mode=include direction=RIGHT layering=COFFMAN_GRAHAM layerGap=220 nodeGap=48 placement=NETWORK_SIMPLEX rootPadding=12 layerBound=3"
sequence-bout-en-bout,elk,1,,0.291,3.94,4.30,5.27,2.33,0.613,0.234,6.289,6,"rapport 6.289 hors de [4:3 ; 16:9]","mode=include direction=RIGHT layering=COFFMAN_GRAHAM layerGap=220 nodeGap=48 placement=BRANDES_KOEPF rootPadding=12 layerBound=3"
sequence-bout-en-bout,elk,1,,0.291,3.94,4.30,5.27,2.33,0.613,0.234,6.289,10,"rapport 6.289 hors de [4:3 ; 16:9]","mode=include direction=RIGHT layering=COFFMAN_GRAHAM layerGap=220 nodeGap=48 placement=LINEAR_SEGMENTS rootPadding=12 layerBound=3"
sequence-bout-en-bout,elk,1,,0.304,4.11,4.48,5.50,2.43,0.669,0.255,6.300,8,"rapport 6.300 hors de [4:3 ; 16:9]","mode=include direction=RIGHT layering=MIN_WIDTH layerGap=30 nodeGap=24 placement=NETWORK_SIMPLEX rootPadding=12"
sequence-bout-en-bout,elk,1,,0.304,4.12,4.50,5.51,2.44,0.671,0.256,6.281,6,"rapport 6.281 hors de [4:3 ; 16:9]","mode=include direction=RIGHT layering=MIN_WIDTH layerGap=30 nodeGap=24 placement=BRANDES_KOEPF rootPadding=12"
sequence-bout-en-bout,elk,1,,0.302,4.09,4.46,5.47,2.42,0.666,0.254,6.329,12,"rapport 6.329 hors de [4:3 ; 16:9]","mode=include direction=RIGHT layering=MIN_WIDTH layerGap=30 nodeGap=24 placement=LINEAR_SEGMENTS rootPadding=12"
sequence-bout-en-bout,elk,1,,0.304,4.11,4.48,5.50,2.43,0.640,0.244,6.026,8,"rapport 6.026 hors de [4:3 ; 16:9]","mode=include direction=RIGHT layering=MIN_WIDTH layerGap=30 nodeGap=48 placement=NETWORK_SIMPLEX rootPadding=12"
sequence-bout-en-bout,elk,1,,0.304,4.12,4.50,5.51,2.44,0.642,0.245,6.008,6,"rapport 6.008 hors de [4:3 ; 16:9]","mode=include direction=RIGHT layering=MIN_WIDTH layerGap=30 nodeGap=48 placement=BRANDES_KOEPF rootPadding=12"
sequence-bout-en-bout,elk,1,,0.302,4.09,4.46,5.47,2.42,0.637,0.243,6.053,12,"rapport 6.053 hors de [4:3 ; 16:9]","mode=include direction=RIGHT layering=MIN_WIDTH layerGap=30 nodeGap=48 placement=LINEAR_SEGMENTS rootPadding=12"
sequence-bout-en-bout,elk,1,,0.302,4.09,4.46,5.47,2.42,0.666,0.254,6.329,8,"rapport 6.329 hors de [4:3 ; 16:9]","mode=include direction=RIGHT layering=MIN_WIDTH layerGap=60 nodeGap=24 placement=NETWORK_SIMPLEX rootPadding=12"
sequence-bout-en-bout,elk,1,,0.302,4.08,4.46,5.46,2.41,0.665,0.254,6.338,6,"rapport 6.338 hors de [4:3 ; 16:9]","mode=include direction=RIGHT layering=MIN_WIDTH layerGap=60 nodeGap=24 placement=BRANDES_KOEPF rootPadding=12"
sequence-bout-en-bout,elk,1,,0.302,4.09,4.46,5.47,2.42,0.666,0.254,6.329,12,"rapport 6.329 hors de [4:3 ; 16:9]","mode=include direction=RIGHT layering=MIN_WIDTH layerGap=60 nodeGap=24 placement=LINEAR_SEGMENTS rootPadding=12"
sequence-bout-en-bout,elk,1,,0.302,4.09,4.46,5.47,2.42,0.637,0.243,6.053,8,"rapport 6.053 hors de [4:3 ; 16:9]","mode=include direction=RIGHT layering=MIN_WIDTH layerGap=60 nodeGap=48 placement=NETWORK_SIMPLEX rootPadding=12"
sequence-bout-en-bout,elk,1,,0.302,4.08,4.46,5.46,2.41,0.636,0.243,6.063,6,"rapport 6.063 hors de [4:3 ; 16:9]","mode=include direction=RIGHT layering=MIN_WIDTH layerGap=60 nodeGap=48 placement=BRANDES_KOEPF rootPadding=12"
sequence-bout-en-bout,elk,1,,0.302,4.09,4.46,5.47,2.42,0.637,0.243,6.053,12,"rapport 6.053 hors de [4:3 ; 16:9]","mode=include direction=RIGHT layering=MIN_WIDTH layerGap=60 nodeGap=48 placement=LINEAR_SEGMENTS rootPadding=12"
sequence-bout-en-bout,elk,1,,0.294,3.98,4.35,5.33,2.35,0.648,0.247,6.499,8,"rapport 6.499 hors de [4:3 ; 16:9]","mode=include direction=RIGHT layering=MIN_WIDTH layerGap=120 nodeGap=24 placement=NETWORK_SIMPLEX rootPadding=12"
sequence-bout-en-bout,elk,1,,0.294,3.98,4.35,5.33,2.35,0.648,0.247,6.499,6,"rapport 6.499 hors de [4:3 ; 16:9]","mode=include direction=RIGHT layering=MIN_WIDTH layerGap=120 nodeGap=24 placement=BRANDES_KOEPF rootPadding=12"
sequence-bout-en-bout,elk,1,,0.294,3.98,4.35,5.33,2.35,0.648,0.247,6.499,12,"rapport 6.499 hors de [4:3 ; 16:9]","mode=include direction=RIGHT layering=MIN_WIDTH layerGap=120 nodeGap=24 placement=LINEAR_SEGMENTS rootPadding=12"
sequence-bout-en-bout,elk,1,,0.294,3.98,4.35,5.33,2.35,0.621,0.237,6.216,8,"rapport 6.216 hors de [4:3 ; 16:9]","mode=include direction=RIGHT layering=MIN_WIDTH layerGap=120 nodeGap=48 placement=NETWORK_SIMPLEX rootPadding=12"
sequence-bout-en-bout,elk,1,,0.294,3.98,4.35,5.33,2.35,0.621,0.237,6.216,6,"rapport 6.216 hors de [4:3 ; 16:9]","mode=include direction=RIGHT layering=MIN_WIDTH layerGap=120 nodeGap=48 placement=BRANDES_KOEPF rootPadding=12"
sequence-bout-en-bout,elk,1,,0.294,3.98,4.35,5.33,2.35,0.621,0.237,6.216,12,"rapport 6.216 hors de [4:3 ; 16:9]","mode=include direction=RIGHT layering=MIN_WIDTH layerGap=120 nodeGap=48 placement=LINEAR_SEGMENTS rootPadding=12"
sequence-bout-en-bout,elk,1,,0.282,3.82,4.16,5.11,2.26,0.621,0.237,6.783,8,"rapport 6.783 hors de [4:3 ; 16:9]","mode=include direction=RIGHT layering=MIN_WIDTH layerGap=220 nodeGap=24 placement=NETWORK_SIMPLEX rootPadding=12"
sequence-bout-en-bout,elk,1,,0.282,3.82,4.16,5.11,2.26,0.621,0.237,6.783,6,"rapport 6.783 hors de [4:3 ; 16:9]","mode=include direction=RIGHT layering=MIN_WIDTH layerGap=220 nodeGap=24 placement=BRANDES_KOEPF rootPadding=12"
sequence-bout-en-bout,elk,1,,0.282,3.82,4.16,5.11,2.26,0.621,0.237,6.783,12,"rapport 6.783 hors de [4:3 ; 16:9]","mode=include direction=RIGHT layering=MIN_WIDTH layerGap=220 nodeGap=24 placement=LINEAR_SEGMENTS rootPadding=12"
sequence-bout-en-bout,elk,1,,0.282,3.82,4.16,5.11,2.26,0.595,0.227,6.488,8,"rapport 6.488 hors de [4:3 ; 16:9]","mode=include direction=RIGHT layering=MIN_WIDTH layerGap=220 nodeGap=48 placement=NETWORK_SIMPLEX rootPadding=12"
sequence-bout-en-bout,elk,1,,0.282,3.82,4.16,5.11,2.26,0.595,0.227,6.488,6,"rapport 6.488 hors de [4:3 ; 16:9]","mode=include direction=RIGHT layering=MIN_WIDTH layerGap=220 nodeGap=48 placement=BRANDES_KOEPF rootPadding=12"
sequence-bout-en-bout,elk,1,,0.282,3.82,4.16,5.11,2.26,0.595,0.227,6.488,12,"rapport 6.488 hors de [4:3 ; 16:9]","mode=include direction=RIGHT layering=MIN_WIDTH layerGap=220 nodeGap=48 placement=LINEAR_SEGMENTS rootPadding=12"
sequence-bout-en-bout,elk,1,,0.400,4.80,5.24,6.00,3.57,0.698,0.311,0.630,18,"rapport 0.630 hors de [4:3 ; 16:9]","mode=ports direction=DOWN inner=DOWN wrap=OFF layerGap=30 rootLayerGap=30 nodeGap=24 rootPadding=12"
sequence-bout-en-bout,elk,1,,0.400,4.80,5.24,6.00,3.57,0.685,0.303,0.646,18,"rapport 0.646 hors de [4:3 ; 16:9]","mode=ports direction=DOWN inner=DOWN wrap=OFF layerGap=30 rootLayerGap=30 nodeGap=48 rootPadding=12"
sequence-bout-en-bout,elk,1,,0.390,4.68,5.11,5.84,3.48,0.680,0.303,0.614,18,"rapport 0.614 hors de [4:3 ; 16:9]","mode=ports direction=DOWN inner=DOWN wrap=OFF layerGap=30 rootLayerGap=90 nodeGap=24 rootPadding=12"
sequence-bout-en-bout,elk,1,,0.390,4.68,5.11,5.84,3.48,0.667,0.295,0.629,18,"rapport 0.629 hors de [4:3 ; 16:9]","mode=ports direction=DOWN inner=DOWN wrap=OFF layerGap=30 rootLayerGap=90 nodeGap=48 rootPadding=12"
sequence-bout-en-bout,elk,1,,0.355,4.26,4.65,5.32,3.16,0.704,0.275,0.558,18,"rapport 0.558 hors de [4:3 ; 16:9]","mode=ports direction=DOWN inner=DOWN wrap=OFF layerGap=60 rootLayerGap=30 nodeGap=24 rootPadding=12"
sequence-bout-en-bout,elk,1,,0.355,4.26,4.65,5.32,3.16,0.691,0.269,0.572,18,"rapport 0.572 hors de [4:3 ; 16:9]","mode=ports direction=DOWN inner=DOWN wrap=OFF layerGap=60 rootLayerGap=30 nodeGap=48 rootPadding=12"
sequence-bout-en-bout,elk,1,,0.347,4.16,4.54,5.20,3.09,0.688,0.269,0.545,18,"rapport 0.545 hors de [4:3 ; 16:9]","mode=ports direction=DOWN inner=DOWN wrap=OFF layerGap=60 rootLayerGap=90 nodeGap=24 rootPadding=12"
sequence-bout-en-bout,elk,1,,0.347,4.16,4.54,5.20,3.09,0.675,0.263,0.559,18,"rapport 0.559 hors de [4:3 ; 16:9]","mode=ports direction=DOWN inner=DOWN wrap=OFF layerGap=60 rootLayerGap=90 nodeGap=48 rootPadding=12"
sequence-bout-en-bout,elk,1,,0.285,3.43,3.74,4.28,2.54,0.711,0.222,0.448,18,"rapport 0.448 hors de [4:3 ; 16:9]","mode=ports direction=DOWN inner=DOWN wrap=OFF layerGap=120 rootLayerGap=30 nodeGap=24 rootPadding=12"
sequence-bout-en-bout,elk,1,,0.285,3.43,3.74,4.28,2.54,0.697,0.216,0.459,18,"rapport 0.459 hors de [4:3 ; 16:9]","mode=ports direction=DOWN inner=DOWN wrap=OFF layerGap=120 rootLayerGap=30 nodeGap=48 rootPadding=12"
sequence-bout-en-bout,elk,1,,0.280,3.36,3.67,4.20,2.50,0.698,0.217,0.440,18,"rapport 0.440 hors de [4:3 ; 16:9]","mode=ports direction=DOWN inner=DOWN wrap=OFF layerGap=120 rootLayerGap=90 nodeGap=24 rootPadding=12"
sequence-bout-en-bout,elk,1,,0.280,3.36,3.67,4.20,2.50,0.685,0.212,0.451,18,"rapport 0.451 hors de [4:3 ; 16:9]","mode=ports direction=DOWN inner=DOWN wrap=OFF layerGap=120 rootLayerGap=90 nodeGap=48 rootPadding=12"
sequence-bout-en-bout,elk,1,,0.428,5.13,5.60,6.41,3.81,0.656,0.202,1.111,22,"rapport 1.111 hors de [4:3 ; 16:9]","mode=ports direction=DOWN inner=DOWN wrap=MULTI_EDGE layerGap=30 rootLayerGap=30 nodeGap=24 rootPadding=12 innerRatio=1"
sequence-bout-en-bout,elk,1,,0.428,5.13,5.60,6.41,3.81,0.649,0.199,1.128,22,"rapport 1.128 hors de [4:3 ; 16:9]","mode=ports direction=DOWN inner=DOWN wrap=MULTI_EDGE layerGap=30 rootLayerGap=30 nodeGap=48 rootPadding=12 innerRatio=1"
sequence-bout-en-bout,elk,1,,0.416,4.99,5.45,6.23,3.71,0.639,0.197,1.081,22,"rapport 1.081 hors de [4:3 ; 16:9]","mode=ports direction=DOWN inner=DOWN wrap=MULTI_EDGE layerGap=30 rootLayerGap=90 nodeGap=24 rootPadding=12 innerRatio=1"
sequence-bout-en-bout,elk,1,,0.416,4.99,5.45,6.23,3.71,0.632,0.194,1.097,22,"rapport 1.097 hors de [4:3 ; 16:9]","mode=ports direction=DOWN inner=DOWN wrap=MULTI_EDGE layerGap=30 rootLayerGap=90 nodeGap=48 rootPadding=12 innerRatio=1"
sequence-bout-en-bout,elk,1,,0.383,4.60,5.02,5.74,3.42,0.667,0.181,0.996,22,"rapport 0.996 hors de [4:3 ; 16:9]","mode=ports direction=DOWN inner=DOWN wrap=MULTI_EDGE layerGap=60 rootLayerGap=30 nodeGap=24 rootPadding=12 innerRatio=1"
sequence-bout-en-bout,elk,1,,0.383,4.60,5.02,5.74,3.42,0.660,0.178,1.011,22,"rapport 1.011 hors de [4:3 ; 16:9]","mode=ports direction=DOWN inner=DOWN wrap=MULTI_EDGE layerGap=60 rootLayerGap=30 nodeGap=48 rootPadding=12 innerRatio=1"
sequence-bout-en-bout,elk,1,,0.374,4.49,4.90,5.60,3.33,0.651,0.177,0.971,22,"rapport 0.971 hors de [4:3 ; 16:9]","mode=ports direction=DOWN inner=DOWN wrap=MULTI_EDGE layerGap=60 rootLayerGap=90 nodeGap=24 rootPadding=12 innerRatio=1"
sequence-bout-en-bout,elk,1,,0.374,4.49,4.90,5.60,3.33,0.644,0.174,0.986,22,"rapport 0.986 hors de [4:3 ; 16:9]","mode=ports direction=DOWN inner=DOWN wrap=MULTI_EDGE layerGap=60 rootLayerGap=90 nodeGap=48 rootPadding=12 innerRatio=1"
sequence-bout-en-bout,elk,1,,0.366,4.40,4.80,5.49,3.27,0.613,0.125,1.321,30,"rapport 1.321 hors de [4:3 ; 16:9]","mode=ports direction=DOWN inner=DOWN wrap=MULTI_EDGE layerGap=120 rootLayerGap=30 nodeGap=24 rootPadding=12 innerRatio=1"
sequence-bout-en-bout,elk,1,155,0.366,4.40,4.80,5.49,3.27,0.608,0.124,1.335,30,vertes,"mode=ports direction=DOWN inner=DOWN wrap=MULTI_EDGE layerGap=120 rootLayerGap=30 nodeGap=48 rootPadding=12 innerRatio=1"
sequence-bout-en-bout,elk,1,,0.358,4.29,4.68,5.36,3.19,0.598,0.122,1.290,30,"rapport 1.290 hors de [4:3 ; 16:9]","mode=ports direction=DOWN inner=DOWN wrap=MULTI_EDGE layerGap=120 rootLayerGap=90 nodeGap=24 rootPadding=12 innerRatio=1"
sequence-bout-en-bout,elk,1,,0.358,4.29,4.68,5.36,3.19,0.594,0.121,1.304,30,"rapport 1.304 hors de [4:3 ; 16:9]","mode=ports direction=DOWN inner=DOWN wrap=MULTI_EDGE layerGap=120 rootLayerGap=90 nodeGap=48 rootPadding=12 innerRatio=1"
sequence-bout-en-bout,elk,1,,0.460,5.94,6.49,7.42,3.68,0.592,0.169,1.790,30,"rapport 1.790 hors de [4:3 ; 16:9]","mode=ports direction=DOWN inner=DOWN wrap=MULTI_EDGE layerGap=30 rootLayerGap=30 nodeGap=24 rootPadding=12 innerRatio=2"
sequence-bout-en-bout,elk,1,,0.455,5.94,6.49,7.42,3.64,0.588,0.167,1.810,30,"rapport 1.810 hors de [4:3 ; 16:9]","mode=ports direction=DOWN inner=DOWN wrap=MULTI_EDGE layerGap=30 rootLayerGap=30 nodeGap=48 rootPadding=12 innerRatio=2"
sequence-bout-en-bout,elk,1,102,0.460,5.76,6.28,7.19,3.68,0.574,0.164,1.733,30,vertes,"mode=ports direction=DOWN inner=DOWN wrap=MULTI_EDGE layerGap=30 rootLayerGap=90 nodeGap=24 rootPadding=12 innerRatio=2"
sequence-bout-en-bout,elk,1,120,0.455,5.76,6.28,7.19,3.64,0.570,0.162,1.752,30,vertes,"mode=ports direction=DOWN inner=DOWN wrap=MULTI_EDGE layerGap=30 rootLayerGap=90 nodeGap=48 rootPadding=12 innerRatio=2"
sequence-bout-en-bout,elk,1,145,0.447,5.36,5.85,6.69,3.69,0.469,0.153,1.607,30,vertes,"mode=ports direction=DOWN inner=DOWN wrap=MULTI_EDGE layerGap=60 rootLayerGap=30 nodeGap=24 rootPadding=12 innerRatio=2"
sequence-bout-en-bout,elk,1,146,0.447,5.36,5.85,6.69,3.65,0.466,0.151,1.625,30,vertes,"mode=ports direction=DOWN inner=DOWN wrap=MULTI_EDGE layerGap=60 rootLayerGap=30 nodeGap=48 rootPadding=12 innerRatio=2"
sequence-bout-en-bout,elk,1,147,0.434,5.21,5.68,6.50,3.69,0.455,0.148,1.561,30,vertes,"mode=ports direction=DOWN inner=DOWN wrap=MULTI_EDGE layerGap=60 rootLayerGap=90 nodeGap=24 rootPadding=12 innerRatio=2"
sequence-bout-en-bout,elk,1,148,0.434,5.21,5.68,6.50,3.65,0.453,0.147,1.578,30,vertes,"mode=ports direction=DOWN inner=DOWN wrap=MULTI_EDGE layerGap=60 rootLayerGap=90 nodeGap=48 rootPadding=12 innerRatio=2"
sequence-bout-en-bout,elk,1,,0.366,4.40,4.80,5.49,3.27,0.492,0.125,1.316,30,"rapport 1.316 hors de [4:3 ; 16:9]","mode=ports direction=DOWN inner=DOWN wrap=MULTI_EDGE layerGap=120 rootLayerGap=30 nodeGap=24 rootPadding=12 innerRatio=2"
sequence-bout-en-bout,elk,1,,0.366,4.40,4.80,5.49,3.27,0.489,0.124,1.331,30,"rapport 1.331 hors de [4:3 ; 16:9]","mode=ports direction=DOWN inner=DOWN wrap=MULTI_EDGE layerGap=120 rootLayerGap=30 nodeGap=48 rootPadding=12 innerRatio=2"
sequence-bout-en-bout,elk,1,,0.358,4.29,4.68,5.36,3.19,0.481,0.122,1.285,30,"rapport 1.285 hors de [4:3 ; 16:9]","mode=ports direction=DOWN inner=DOWN wrap=MULTI_EDGE layerGap=120 rootLayerGap=90 nodeGap=24 rootPadding=12 innerRatio=2"
sequence-bout-en-bout,elk,1,,0.358,4.29,4.68,5.36,3.19,0.478,0.121,1.300,30,"rapport 1.300 hors de [4:3 ; 16:9]","mode=ports direction=DOWN inner=DOWN wrap=MULTI_EDGE layerGap=120 rootLayerGap=90 nodeGap=48 rootPadding=12 innerRatio=2"
sequence-bout-en-bout,elk,1,,0.461,5.94,6.49,7.42,3.69,0.450,0.169,1.784,30,"rapport 1.784 hors de [4:3 ; 16:9]","mode=ports direction=DOWN inner=DOWN wrap=MULTI_EDGE layerGap=30 rootLayerGap=30 nodeGap=24 rootPadding=12 innerRatio=3"
sequence-bout-en-bout,elk,1,,0.456,5.94,6.49,7.42,3.65,0.447,0.168,1.804,30,"rapport 1.804 hors de [4:3 ; 16:9]","mode=ports direction=DOWN inner=DOWN wrap=MULTI_EDGE layerGap=30 rootLayerGap=30 nodeGap=48 rootPadding=12 innerRatio=3"
sequence-bout-en-bout,elk,1,93,0.461,5.76,6.28,7.19,3.69,0.436,0.164,1.728,30,vertes,"mode=ports direction=DOWN inner=DOWN wrap=MULTI_EDGE layerGap=30 rootLayerGap=90 nodeGap=24 rootPadding=12 innerRatio=3"
sequence-bout-en-bout,elk,1,111,0.456,5.76,6.28,7.19,3.65,0.433,0.162,1.747,30,vertes,"mode=ports direction=DOWN inner=DOWN wrap=MULTI_EDGE layerGap=30 rootLayerGap=90 nodeGap=48 rootPadding=12 innerRatio=3"
sequence-bout-en-bout,elk,1,,0.361,4.88,5.32,6.53,2.88,0.548,0.119,2.059,38,"rapport 2.059 hors de [4:3 ; 16:9]","mode=ports direction=DOWN inner=DOWN wrap=MULTI_EDGE layerGap=60 rootLayerGap=30 nodeGap=24 rootPadding=12 innerRatio=3"
sequence-bout-en-bout,elk,1,,0.358,4.84,5.28,6.47,2.86,0.545,0.118,2.077,38,"rapport 2.077 hors de [4:3 ; 16:9]","mode=ports direction=DOWN inner=DOWN wrap=MULTI_EDGE layerGap=60 rootLayerGap=30 nodeGap=48 rootPadding=12 innerRatio=3"
sequence-bout-en-bout,elk,1,,0.361,4.88,5.32,6.50,2.88,0.532,0.116,2.000,38,"rapport 2.000 hors de [4:3 ; 16:9]","mode=ports direction=DOWN inner=DOWN wrap=MULTI_EDGE layerGap=60 rootLayerGap=90 nodeGap=24 rootPadding=12 innerRatio=3"
sequence-bout-en-bout,elk,1,,0.358,4.84,5.28,6.47,2.86,0.530,0.115,2.018,38,"rapport 2.018 hors de [4:3 ; 16:9]","mode=ports direction=DOWN inner=DOWN wrap=MULTI_EDGE layerGap=60 rootLayerGap=90 nodeGap=48 rootPadding=12 innerRatio=3"
sequence-bout-en-bout,elk,1,156,0.361,4.40,4.80,5.49,2.88,0.470,0.098,1.687,38,vertes,"mode=ports direction=DOWN inner=DOWN wrap=MULTI_EDGE layerGap=120 rootLayerGap=30 nodeGap=24 rootPadding=12 innerRatio=3"
sequence-bout-en-bout,elk,1,158,0.358,4.40,4.80,5.49,2.86,0.468,0.097,1.701,38,vertes,"mode=ports direction=DOWN inner=DOWN wrap=MULTI_EDGE layerGap=120 rootLayerGap=30 nodeGap=48 rootPadding=12 innerRatio=3"
sequence-bout-en-bout,elk,1,157,0.358,4.29,4.68,5.36,2.88,0.459,0.096,1.647,38,vertes,"mode=ports direction=DOWN inner=DOWN wrap=MULTI_EDGE layerGap=120 rootLayerGap=90 nodeGap=24 rootPadding=12 innerRatio=3"
sequence-bout-en-bout,elk,1,159,0.358,4.29,4.68,5.36,2.86,0.457,0.095,1.661,38,vertes,"mode=ports direction=DOWN inner=DOWN wrap=MULTI_EDGE layerGap=120 rootLayerGap=90 nodeGap=48 rootPadding=12 innerRatio=3"
sequence-bout-en-bout,elk,1,,0.361,4.88,5.32,6.53,2.88,0.550,0.132,2.286,38,"rapport 2.286 hors de [4:3 ; 16:9]","mode=ports direction=DOWN inner=DOWN wrap=MULTI_EDGE layerGap=30 rootLayerGap=30 nodeGap=24 rootPadding=12 innerRatio=4.5"
sequence-bout-en-bout,elk,1,,0.358,4.84,5.28,6.47,2.86,0.547,0.131,2.306,38,"rapport 2.306 hors de [4:3 ; 16:9]","mode=ports direction=DOWN inner=DOWN wrap=MULTI_EDGE layerGap=30 rootLayerGap=30 nodeGap=48 rootPadding=12 innerRatio=4.5"
sequence-bout-en-bout,elk,1,,0.361,4.88,5.32,6.53,2.88,0.533,0.128,2.214,38,"rapport 2.214 hors de [4:3 ; 16:9]","mode=ports direction=DOWN inner=DOWN wrap=MULTI_EDGE layerGap=30 rootLayerGap=90 nodeGap=24 rootPadding=12 innerRatio=4.5"
sequence-bout-en-bout,elk,1,,0.358,4.84,5.28,6.47,2.86,0.530,0.127,2.233,38,"rapport 2.233 hors de [4:3 ; 16:9]","mode=ports direction=DOWN inner=DOWN wrap=MULTI_EDGE layerGap=30 rootLayerGap=90 nodeGap=48 rootPadding=12 innerRatio=4.5"
sequence-bout-en-bout,elk,1,,0.361,4.88,5.32,6.53,2.88,0.548,0.119,2.059,38,"rapport 2.059 hors de [4:3 ; 16:9]","mode=ports direction=DOWN inner=DOWN wrap=MULTI_EDGE layerGap=60 rootLayerGap=30 nodeGap=24 rootPadding=12 innerRatio=4.5"
sequence-bout-en-bout,elk,1,,0.358,4.84,5.28,6.47,2.86,0.545,0.118,2.077,38,"rapport 2.077 hors de [4:3 ; 16:9]","mode=ports direction=DOWN inner=DOWN wrap=MULTI_EDGE layerGap=60 rootLayerGap=30 nodeGap=48 rootPadding=12 innerRatio=4.5"
sequence-bout-en-bout,elk,1,,0.361,4.88,5.32,6.50,2.88,0.532,0.116,2.000,38,"rapport 2.000 hors de [4:3 ; 16:9]","mode=ports direction=DOWN inner=DOWN wrap=MULTI_EDGE layerGap=60 rootLayerGap=90 nodeGap=24 rootPadding=12 innerRatio=4.5"
sequence-bout-en-bout,elk,1,,0.358,4.84,5.28,6.47,2.86,0.530,0.115,2.018,38,"rapport 2.018 hors de [4:3 ; 16:9]","mode=ports direction=DOWN inner=DOWN wrap=MULTI_EDGE layerGap=60 rootLayerGap=90 nodeGap=48 rootPadding=12 innerRatio=4.5"
sequence-bout-en-bout,elk,1,,0.251,3.40,3.71,4.55,2.01,0.398,0.068,2.423,54,"rapport 2.423 hors de [4:3 ; 16:9]","mode=ports direction=DOWN inner=DOWN wrap=MULTI_EDGE layerGap=120 rootLayerGap=30 nodeGap=24 rootPadding=12 innerRatio=4.5"
sequence-bout-en-bout,elk,1,,0.250,3.38,3.69,4.52,2.00,0.397,0.068,2.437,54,"rapport 2.437 hors de [4:3 ; 16:9]","mode=ports direction=DOWN inner=DOWN wrap=MULTI_EDGE layerGap=120 rootLayerGap=30 nodeGap=48 rootPadding=12 innerRatio=4.5"
sequence-bout-en-bout,elk,1,,0.251,3.40,3.71,4.55,2.01,0.389,0.067,2.366,54,"rapport 2.366 hors de [4:3 ; 16:9]","mode=ports direction=DOWN inner=DOWN wrap=MULTI_EDGE layerGap=120 rootLayerGap=90 nodeGap=24 rootPadding=12 innerRatio=4.5"
sequence-bout-en-bout,elk,1,,0.250,3.38,3.69,4.52,2.00,0.388,0.066,2.380,54,"rapport 2.380 hors de [4:3 ; 16:9]","mode=ports direction=DOWN inner=DOWN wrap=MULTI_EDGE layerGap=120 rootLayerGap=90 nodeGap=48 rootPadding=12 innerRatio=4.5"
sequence-bout-en-bout,elk,1,,0.175,2.37,2.59,3.17,1.40,0.411,0.139,10.308,24,"rapport 10.308 hors de [4:3 ; 16:9]","mode=ports direction=DOWN inner=RIGHT wrap=OFF layerGap=30 rootLayerGap=30 nodeGap=24 rootPadding=12"
sequence-bout-en-bout,elk,1,,0.174,2.36,2.58,3.16,1.40,0.411,0.130,9.726,24,"rapport 9.726 hors de [4:3 ; 16:9]","mode=ports direction=DOWN inner=RIGHT wrap=OFF layerGap=30 rootLayerGap=30 nodeGap=48 rootPadding=12"
sequence-bout-en-bout,elk,1,,0.175,2.37,2.59,3.17,1.40,0.384,0.130,9.621,24,"rapport 9.621 hors de [4:3 ; 16:9]","mode=ports direction=DOWN inner=RIGHT wrap=OFF layerGap=30 rootLayerGap=90 nodeGap=24 rootPadding=12"
sequence-bout-en-bout,elk,1,,0.174,2.36,2.58,3.16,1.40,0.386,0.122,9.114,24,"rapport 9.114 hors de [4:3 ; 16:9]","mode=ports direction=DOWN inner=RIGHT wrap=OFF layerGap=30 rootLayerGap=90 nodeGap=48 rootPadding=12"
sequence-bout-en-bout,elk,1,,0.163,2.21,2.41,2.95,1.30,0.409,0.129,11.085,24,"rapport 11.085 hors de [4:3 ; 16:9]","mode=ports direction=DOWN inner=RIGHT wrap=OFF layerGap=60 rootLayerGap=30 nodeGap=24 rootPadding=12"
sequence-bout-en-bout,elk,1,,0.162,2.20,2.40,2.94,1.30,0.410,0.121,10.456,24,"rapport 10.456 hors de [4:3 ; 16:9]","mode=ports direction=DOWN inner=RIGHT wrap=OFF layerGap=60 rootLayerGap=30 nodeGap=48 rootPadding=12"
sequence-bout-en-bout,elk,1,,0.163,2.21,2.41,2.95,1.30,0.382,0.121,10.346,24,"rapport 10.346 hors de [4:3 ; 16:9]","mode=ports direction=DOWN inner=RIGHT wrap=OFF layerGap=60 rootLayerGap=90 nodeGap=24 rootPadding=12"
sequence-bout-en-bout,elk,1,,0.162,2.20,2.40,2.94,1.30,0.385,0.114,9.798,24,"rapport 9.798 hors de [4:3 ; 16:9]","mode=ports direction=DOWN inner=RIGHT wrap=OFF layerGap=60 rootLayerGap=90 nodeGap=48 rootPadding=12"
sequence-bout-en-bout,elk,1,,0.143,1.93,2.11,2.59,1.14,0.409,0.113,12.638,24,"rapport 12.638 hors de [4:3 ; 16:9]","mode=ports direction=DOWN inner=RIGHT wrap=OFF layerGap=120 rootLayerGap=30 nodeGap=24 rootPadding=12"
sequence-bout-en-bout,elk,1,,0.142,1.93,2.10,2.58,1.14,0.410,0.106,11.915,24,"rapport 11.915 hors de [4:3 ; 16:9]","mode=ports direction=DOWN inner=RIGHT wrap=OFF layerGap=120 rootLayerGap=30 nodeGap=48 rootPadding=12"
sequence-bout-en-bout,elk,1,,0.143,1.93,2.11,2.59,1.14,0.382,0.106,11.796,24,"rapport 11.796 hors de [4:3 ; 16:9]","mode=ports direction=DOWN inner=RIGHT wrap=OFF layerGap=120 rootLayerGap=90 nodeGap=24 rootPadding=12"
sequence-bout-en-bout,elk,1,,0.142,1.93,2.10,2.58,1.14,0.385,0.100,11.166,24,"rapport 11.166 hors de [4:3 ; 16:9]","mode=ports direction=DOWN inner=RIGHT wrap=OFF layerGap=120 rootLayerGap=90 nodeGap=48 rootPadding=12"
sequence-bout-en-bout,elk,1,,0.290,3.92,4.28,5.24,2.32,0.537,0.121,3.254,48,"rapport 3.254 hors de [4:3 ; 16:9]","mode=ports direction=DOWN inner=RIGHT wrap=MULTI_EDGE layerGap=30 rootLayerGap=30 nodeGap=24 rootPadding=12 innerRatio=1"
sequence-bout-en-bout,elk,1,,0.288,3.89,4.25,5.21,2.30,0.533,0.117,3.170,48,"rapport 3.170 hors de [4:3 ; 16:9]","mode=ports direction=DOWN inner=RIGHT wrap=MULTI_EDGE layerGap=30 rootLayerGap=30 nodeGap=48 rootPadding=12 innerRatio=1"
sequence-bout-en-bout,elk,1,,0.290,3.92,4.28,5.24,2.32,0.518,0.117,3.137,48,"rapport 3.137 hors de [4:3 ; 16:9]","mode=ports direction=DOWN inner=RIGHT wrap=MULTI_EDGE layerGap=30 rootLayerGap=90 nodeGap=24 rootPadding=12 innerRatio=1"
sequence-bout-en-bout,elk,1,,0.288,3.89,4.25,5.21,2.30,0.515,0.113,3.060,48,"rapport 3.060 hors de [4:3 ; 16:9]","mode=ports direction=DOWN inner=RIGHT wrap=MULTI_EDGE layerGap=30 rootLayerGap=90 nodeGap=48 rootPadding=12 innerRatio=1"
sequence-bout-en-bout,elk,1,,0.339,4.59,5.00,6.13,2.71,0.508,0.108,2.109,64,"rapport 2.109 hors de [4:3 ; 16:9]","mode=ports direction=DOWN inner=RIGHT wrap=MULTI_EDGE layerGap=60 rootLayerGap=30 nodeGap=24 rootPadding=12 innerRatio=1"
sequence-bout-en-bout,elk,1,,0.270,3.66,3.99,4.90,2.16,0.531,0.110,3.373,48,"rapport 3.373 hors de [4:3 ; 16:9]","mode=ports direction=DOWN inner=RIGHT wrap=MULTI_EDGE layerGap=60 rootLayerGap=30 nodeGap=48 rootPadding=12 innerRatio=1"
sequence-bout-en-bout,elk,1,,0.339,4.59,5.00,6.13,2.71,0.494,0.105,2.051,64,"rapport 2.051 hors de [4:3 ; 16:9]","mode=ports direction=DOWN inner=RIGHT wrap=MULTI_EDGE layerGap=60 rootLayerGap=90 nodeGap=24 rootPadding=12 innerRatio=1"
sequence-bout-en-bout,elk,1,,0.270,3.66,3.99,4.90,2.16,0.512,0.106,3.256,48,"rapport 3.256 hors de [4:3 ; 16:9]","mode=ports direction=DOWN inner=RIGHT wrap=MULTI_EDGE layerGap=60 rootLayerGap=90 nodeGap=48 rootPadding=12 innerRatio=1"
sequence-bout-en-bout,elk,1,,0.295,3.99,4.35,5.33,2.36,0.510,0.094,2.428,64,"rapport 2.428 hors de [4:3 ; 16:9]","mode=ports direction=DOWN inner=RIGHT wrap=MULTI_EDGE layerGap=120 rootLayerGap=30 nodeGap=24 rootPadding=12 innerRatio=1"
sequence-bout-en-bout,elk,1,,0.292,3.96,4.32,5.30,2.34,0.508,0.091,2.384,64,"rapport 2.384 hors de [4:3 ; 16:9]","mode=ports direction=DOWN inner=RIGHT wrap=MULTI_EDGE layerGap=120 rootLayerGap=30 nodeGap=48 rootPadding=12 innerRatio=1"
sequence-bout-en-bout,elk,1,,0.295,3.99,4.35,5.33,2.36,0.496,0.091,2.361,64,"rapport 2.361 hors de [4:3 ; 16:9]","mode=ports direction=DOWN inner=RIGHT wrap=MULTI_EDGE layerGap=120 rootLayerGap=90 nodeGap=24 rootPadding=12 innerRatio=1"
sequence-bout-en-bout,elk,1,,0.292,3.96,4.32,5.30,2.34,0.494,0.088,2.320,64,"rapport 2.320 hors de [4:3 ; 16:9]","mode=ports direction=DOWN inner=RIGHT wrap=MULTI_EDGE layerGap=120 rootLayerGap=90 nodeGap=48 rootPadding=12 innerRatio=1"
sequence-bout-en-bout,elk,1,,0.296,4.00,4.37,5.35,2.37,0.523,0.147,3.790,40,"rapport 3.790 hors de [4:3 ; 16:9]","mode=ports direction=DOWN inner=RIGHT wrap=MULTI_EDGE layerGap=30 rootLayerGap=30 nodeGap=24 rootPadding=12 innerRatio=2"
sequence-bout-en-bout,elk,1,,0.294,3.98,4.34,5.32,2.35,0.519,0.140,3.670,40,"rapport 3.670 hors de [4:3 ; 16:9]","mode=ports direction=DOWN inner=RIGHT wrap=MULTI_EDGE layerGap=30 rootLayerGap=30 nodeGap=48 rootPadding=12 innerRatio=2"
sequence-bout-en-bout,elk,1,,0.296,4.00,4.37,5.35,2.37,0.501,0.141,3.629,40,"rapport 3.629 hors de [4:3 ; 16:9]","mode=ports direction=DOWN inner=RIGHT wrap=MULTI_EDGE layerGap=30 rootLayerGap=90 nodeGap=24 rootPadding=12 innerRatio=2"
sequence-bout-en-bout,elk,1,,0.294,3.98,4.34,5.32,2.35,0.498,0.135,3.519,40,"rapport 3.519 hors de [4:3 ; 16:9]","mode=ports direction=DOWN inner=RIGHT wrap=MULTI_EDGE layerGap=30 rootLayerGap=90 nodeGap=48 rootPadding=12 innerRatio=2"
sequence-bout-en-bout,elk,1,,0.275,3.73,4.06,4.98,2.20,0.521,0.137,4.073,40,"rapport 4.073 hors de [4:3 ; 16:9]","mode=ports direction=DOWN inner=RIGHT wrap=MULTI_EDGE layerGap=60 rootLayerGap=30 nodeGap=24 rootPadding=12 innerRatio=2"
sequence-bout-en-bout,elk,1,,0.273,3.70,4.04,4.95,2.19,0.518,0.131,3.942,40,"rapport 3.942 hors de [4:3 ; 16:9]","mode=ports direction=DOWN inner=RIGHT wrap=MULTI_EDGE layerGap=60 rootLayerGap=30 nodeGap=48 rootPadding=12 innerRatio=2"
sequence-bout-en-bout,elk,1,,0.275,3.73,4.06,4.98,2.20,0.499,0.131,3.900,40,"rapport 3.900 hors de [4:3 ; 16:9]","mode=ports direction=DOWN inner=RIGHT wrap=MULTI_EDGE layerGap=60 rootLayerGap=90 nodeGap=24 rootPadding=12 innerRatio=2"
sequence-bout-en-bout,elk,1,,0.273,3.70,4.04,4.95,2.19,0.497,0.126,3.780,40,"rapport 3.780 hors de [4:3 ; 16:9]","mode=ports direction=DOWN inner=RIGHT wrap=MULTI_EDGE layerGap=60 rootLayerGap=90 nodeGap=48 rootPadding=12 innerRatio=2"
sequence-bout-en-bout,elk,1,,0.251,3.40,3.71,4.55,2.01,0.487,0.105,3.754,44,"rapport 3.754 hors de [4:3 ; 16:9]","mode=ports direction=DOWN inner=RIGHT wrap=MULTI_EDGE layerGap=120 rootLayerGap=30 nodeGap=24 rootPadding=12 innerRatio=2"
sequence-bout-en-bout,elk,1,,0.250,3.38,3.69,4.52,2.00,0.485,0.101,3.654,44,"rapport 3.654 hors de [4:3 ; 16:9]","mode=ports direction=DOWN inner=RIGHT wrap=MULTI_EDGE layerGap=120 rootLayerGap=30 nodeGap=48 rootPadding=12 innerRatio=2"
sequence-bout-en-bout,elk,1,,0.251,3.40,3.71,4.55,2.01,0.469,0.101,3.619,44,"rapport 3.619 hors de [4:3 ; 16:9]","mode=ports direction=DOWN inner=RIGHT wrap=MULTI_EDGE layerGap=120 rootLayerGap=90 nodeGap=24 rootPadding=12 innerRatio=2"
sequence-bout-en-bout,elk,1,,0.250,3.38,3.69,4.52,2.00,0.469,0.098,3.526,44,"rapport 3.526 hors de [4:3 ; 16:9]","mode=ports direction=DOWN inner=RIGHT wrap=MULTI_EDGE layerGap=120 rootLayerGap=90 nodeGap=48 rootPadding=12 innerRatio=2"
sequence-bout-en-bout,elk,1,,0.268,3.63,3.96,4.86,2.15,0.527,0.133,4.178,40,"rapport 4.178 hors de [4:3 ; 16:9]","mode=ports direction=DOWN inner=RIGHT wrap=MULTI_EDGE layerGap=30 rootLayerGap=30 nodeGap=24 rootPadding=12 innerRatio=3"
sequence-bout-en-bout,elk,1,,0.267,3.61,3.94,4.83,2.13,0.523,0.128,4.043,40,"rapport 4.043 hors de [4:3 ; 16:9]","mode=ports direction=DOWN inner=RIGHT wrap=MULTI_EDGE layerGap=30 rootLayerGap=30 nodeGap=48 rootPadding=12 innerRatio=3"
sequence-bout-en-bout,elk,1,,0.268,3.63,3.96,4.86,2.15,0.505,0.128,4.000,40,"rapport 4.000 hors de [4:3 ; 16:9]","mode=ports direction=DOWN inner=RIGHT wrap=MULTI_EDGE layerGap=30 rootLayerGap=90 nodeGap=24 rootPadding=12 innerRatio=3"
sequence-bout-en-bout,elk,1,,0.267,3.61,3.94,4.83,2.13,0.502,0.122,3.877,40,"rapport 3.877 hors de [4:3 ; 16:9]","mode=ports direction=DOWN inner=RIGHT wrap=MULTI_EDGE layerGap=30 rootLayerGap=90 nodeGap=48 rootPadding=12 innerRatio=3"
sequence-bout-en-bout,elk,1,,0.251,3.40,3.71,4.55,2.01,0.525,0.125,4.461,40,"rapport 4.461 hors de [4:3 ; 16:9]","mode=ports direction=DOWN inner=RIGHT wrap=MULTI_EDGE layerGap=60 rootLayerGap=30 nodeGap=24 rootPadding=12 innerRatio=3"
sequence-bout-en-bout,elk,1,,0.250,3.38,3.69,4.52,2.00,0.522,0.120,4.315,40,"rapport 4.315 hors de [4:3 ; 16:9]","mode=ports direction=DOWN inner=RIGHT wrap=MULTI_EDGE layerGap=60 rootLayerGap=30 nodeGap=48 rootPadding=12 innerRatio=3"
sequence-bout-en-bout,elk,1,,0.251,3.40,3.71,4.55,2.01,0.503,0.120,4.271,40,"rapport 4.271 hors de [4:3 ; 16:9]","mode=ports direction=DOWN inner=RIGHT wrap=MULTI_EDGE layerGap=60 rootLayerGap=90 nodeGap=24 rootPadding=12 innerRatio=3"
sequence-bout-en-bout,elk,1,,0.250,3.38,3.69,4.52,2.00,0.500,0.115,4.138,40,"rapport 4.138 hors de [4:3 ; 16:9]","mode=ports direction=DOWN inner=RIGHT wrap=MULTI_EDGE layerGap=60 rootLayerGap=90 nodeGap=48 rootPadding=12 innerRatio=3"
sequence-bout-en-bout,elk,1,,0.240,3.25,3.54,4.35,1.92,0.521,0.119,4.672,40,"rapport 4.672 hors de [4:3 ; 16:9]","mode=ports direction=DOWN inner=RIGHT wrap=MULTI_EDGE layerGap=120 rootLayerGap=30 nodeGap=24 rootPadding=12 innerRatio=3"
sequence-bout-en-bout,elk,1,,0.219,2.97,3.24,3.97,1.75,0.522,0.105,4.923,40,"rapport 4.923 hors de [4:3 ; 16:9]","mode=ports direction=DOWN inner=RIGHT wrap=MULTI_EDGE layerGap=120 rootLayerGap=30 nodeGap=48 rootPadding=12 innerRatio=3"
sequence-bout-en-bout,elk,1,,0.240,3.25,3.54,4.35,1.92,0.499,0.114,4.473,40,"rapport 4.473 hors de [4:3 ; 16:9]","mode=ports direction=DOWN inner=RIGHT wrap=MULTI_EDGE layerGap=120 rootLayerGap=90 nodeGap=24 rootPadding=12 innerRatio=3"
sequence-bout-en-bout,elk,1,,0.219,2.97,3.24,3.97,1.75,0.501,0.101,4.722,40,"rapport 4.722 hors de [4:3 ; 16:9]","mode=ports direction=DOWN inner=RIGHT wrap=MULTI_EDGE layerGap=120 rootLayerGap=90 nodeGap=48 rootPadding=12 innerRatio=3"
sequence-bout-en-bout,elk,1,,0.213,2.89,3.15,3.86,1.71,0.496,0.130,6.490,32,"rapport 6.490 hors de [4:3 ; 16:9]","mode=ports direction=DOWN inner=RIGHT wrap=MULTI_EDGE layerGap=30 rootLayerGap=30 nodeGap=24 rootPadding=12 innerRatio=4.5"
sequence-bout-en-bout,elk,1,,0.212,2.87,3.13,3.84,1.70,0.492,0.124,6.217,32,"rapport 6.217 hors de [4:3 ; 16:9]","mode=ports direction=DOWN inner=RIGHT wrap=MULTI_EDGE layerGap=30 rootLayerGap=30 nodeGap=48 rootPadding=12 innerRatio=4.5"
sequence-bout-en-bout,elk,1,,0.213,2.89,3.15,3.86,1.71,0.470,0.124,6.153,32,"rapport 6.153 hors de [4:3 ; 16:9]","mode=ports direction=DOWN inner=RIGHT wrap=MULTI_EDGE layerGap=30 rootLayerGap=90 nodeGap=24 rootPadding=12 innerRatio=4.5"
sequence-bout-en-bout,elk,1,,0.212,2.87,3.13,3.84,1.70,0.468,0.118,5.908,32,"rapport 5.908 hors de [4:3 ; 16:9]","mode=ports direction=DOWN inner=RIGHT wrap=MULTI_EDGE layerGap=30 rootLayerGap=90 nodeGap=48 rootPadding=12 innerRatio=4.5"
sequence-bout-en-bout,elk,1,,0.199,2.69,2.94,3.60,1.59,0.494,0.122,6.962,32,"rapport 6.962 hors de [4:3 ; 16:9]","mode=ports direction=DOWN inner=RIGHT wrap=MULTI_EDGE layerGap=60 rootLayerGap=30 nodeGap=24 rootPadding=12 innerRatio=4.5"
sequence-bout-en-bout,elk,1,,0.198,2.68,2.92,3.58,1.58,0.491,0.115,6.667,32,"rapport 6.667 hors de [4:3 ; 16:9]","mode=ports direction=DOWN inner=RIGHT wrap=MULTI_EDGE layerGap=60 rootLayerGap=30 nodeGap=48 rootPadding=12 innerRatio=4.5"
sequence-bout-en-bout,elk,1,,0.199,2.69,2.94,3.60,1.59,0.469,0.115,6.601,32,"rapport 6.601 hors de [4:3 ; 16:9]","mode=ports direction=DOWN inner=RIGHT wrap=MULTI_EDGE layerGap=60 rootLayerGap=90 nodeGap=24 rootPadding=12 innerRatio=4.5"
sequence-bout-en-bout,elk,1,,0.198,2.68,2.92,3.58,1.58,0.467,0.110,6.336,32,"rapport 6.336 hors de [4:3 ; 16:9]","mode=ports direction=DOWN inner=RIGHT wrap=MULTI_EDGE layerGap=60 rootLayerGap=90 nodeGap=48 rootPadding=12 innerRatio=4.5"
sequence-bout-en-bout,elk,1,,0.175,2.37,2.59,3.17,1.40,0.494,0.107,7.907,32,"rapport 7.907 hors de [4:3 ; 16:9]","mode=ports direction=DOWN inner=RIGHT wrap=MULTI_EDGE layerGap=120 rootLayerGap=30 nodeGap=24 rootPadding=12 innerRatio=4.5"
sequence-bout-en-bout,elk,1,,0.174,2.36,2.57,3.16,1.39,0.491,0.102,7.567,32,"rapport 7.567 hors de [4:3 ; 16:9]","mode=ports direction=DOWN inner=RIGHT wrap=MULTI_EDGE layerGap=120 rootLayerGap=30 nodeGap=48 rootPadding=12 innerRatio=4.5"
sequence-bout-en-bout,elk,1,,0.175,2.37,2.59,3.17,1.40,0.469,0.102,7.496,32,"rapport 7.496 hors de [4:3 ; 16:9]","mode=ports direction=DOWN inner=RIGHT wrap=MULTI_EDGE layerGap=120 rootLayerGap=90 nodeGap=24 rootPadding=12 innerRatio=4.5"
sequence-bout-en-bout,elk,1,,0.174,2.36,2.57,3.16,1.39,0.467,0.097,7.192,32,"rapport 7.192 hors de [4:3 ; 16:9]","mode=ports direction=DOWN inner=RIGHT wrap=MULTI_EDGE layerGap=120 rootLayerGap=90 nodeGap=48 rootPadding=12 innerRatio=4.5"
sequence-bout-en-bout,elk,1,,0.245,2.94,3.21,3.68,2.19,0.396,0.175,0.420,24,"rapport 0.420 hors de [4:3 ; 16:9]","mode=ports direction=RIGHT inner=DOWN wrap=OFF layerGap=30 rootLayerGap=30 nodeGap=24 rootPadding=12"
sequence-bout-en-bout,elk,1,,0.243,2.92,3.18,3.64,2.17,0.394,0.169,0.426,24,"rapport 0.426 hors de [4:3 ; 16:9]","mode=ports direction=RIGHT inner=DOWN wrap=OFF layerGap=30 rootLayerGap=30 nodeGap=48 rootPadding=12"
sequence-bout-en-bout,elk,1,,0.245,2.94,3.21,3.68,2.19,0.382,0.168,0.436,24,"rapport 0.436 hors de [4:3 ; 16:9]","mode=ports direction=RIGHT inner=DOWN wrap=OFF layerGap=30 rootLayerGap=90 nodeGap=24 rootPadding=12"
sequence-bout-en-bout,elk,1,,0.243,2.92,3.18,3.64,2.17,0.380,0.163,0.442,24,"rapport 0.442 hors de [4:3 ; 16:9]","mode=ports direction=RIGHT inner=DOWN wrap=OFF layerGap=30 rootLayerGap=90 nodeGap=48 rootPadding=12"
sequence-bout-en-bout,elk,1,,0.209,2.51,2.73,3.13,1.86,0.392,0.149,0.358,24,"rapport 0.358 hors de [4:3 ; 16:9]","mode=ports direction=RIGHT inner=DOWN wrap=OFF layerGap=60 rootLayerGap=30 nodeGap=24 rootPadding=12"
sequence-bout-en-bout,elk,1,,0.207,2.49,2.71,3.10,1.85,0.390,0.144,0.363,24,"rapport 0.363 hors de [4:3 ; 16:9]","mode=ports direction=RIGHT inner=DOWN wrap=OFF layerGap=60 rootLayerGap=30 nodeGap=48 rootPadding=12"
sequence-bout-en-bout,elk,1,,0.209,2.51,2.73,3.13,1.86,0.377,0.143,0.371,24,"rapport 0.371 hors de [4:3 ; 16:9]","mode=ports direction=RIGHT inner=DOWN wrap=OFF layerGap=60 rootLayerGap=90 nodeGap=24 rootPadding=12"
sequence-bout-en-bout,elk,1,,0.207,2.49,2.71,3.10,1.85,0.376,0.139,0.376,24,"rapport 0.376 hors de [4:3 ; 16:9]","mode=ports direction=RIGHT inner=DOWN wrap=OFF layerGap=60 rootLayerGap=90 nodeGap=48 rootPadding=12"
sequence-bout-en-bout,elk,1,,0.161,1.93,2.11,2.41,1.44,0.390,0.115,0.276,24,"rapport 0.276 hors de [4:3 ; 16:9]","mode=ports direction=RIGHT inner=DOWN wrap=OFF layerGap=120 rootLayerGap=30 nodeGap=24 rootPadding=12"
sequence-bout-en-bout,elk,1,,0.160,1.92,2.10,2.40,1.43,0.389,0.111,0.280,24,"rapport 0.280 hors de [4:3 ; 16:9]","mode=ports direction=RIGHT inner=DOWN wrap=OFF layerGap=120 rootLayerGap=30 nodeGap=48 rootPadding=12"
sequence-bout-en-bout,elk,1,,0.161,1.93,2.11,2.41,1.44,0.375,0.110,0.286,24,"rapport 0.286 hors de [4:3 ; 16:9]","mode=ports direction=RIGHT inner=DOWN wrap=OFF layerGap=120 rootLayerGap=90 nodeGap=24 rootPadding=12"
sequence-bout-en-bout,elk,1,,0.160,1.92,2.10,2.40,1.43,0.375,0.107,0.291,24,"rapport 0.291 hors de [4:3 ; 16:9]","mode=ports direction=RIGHT inner=DOWN wrap=OFF layerGap=120 rootLayerGap=90 nodeGap=48 rootPadding=12"
sequence-bout-en-bout,elk,1,,0.263,3.15,3.44,3.94,2.34,0.482,0.145,0.580,32,"rapport 0.580 hors de [4:3 ; 16:9]","mode=ports direction=RIGHT inner=DOWN wrap=MULTI_EDGE layerGap=30 rootLayerGap=30 nodeGap=24 rootPadding=12 innerRatio=1"
sequence-bout-en-bout,elk,1,,0.260,3.12,3.41,3.90,2.32,0.474,0.140,0.590,32,"rapport 0.590 hors de [4:3 ; 16:9]","mode=ports direction=RIGHT inner=DOWN wrap=MULTI_EDGE layerGap=30 rootLayerGap=30 nodeGap=48 rootPadding=12 innerRatio=1"
sequence-bout-en-bout,elk,1,,0.263,3.15,3.44,3.94,2.34,0.468,0.141,0.598,32,"rapport 0.598 hors de [4:3 ; 16:9]","mode=ports direction=RIGHT inner=DOWN wrap=MULTI_EDGE layerGap=30 rootLayerGap=90 nodeGap=24 rootPadding=12 innerRatio=1"
sequence-bout-en-bout,elk,1,,0.260,3.12,3.41,3.90,2.32,0.461,0.136,0.607,32,"rapport 0.607 hors de [4:3 ; 16:9]","mode=ports direction=RIGHT inner=DOWN wrap=MULTI_EDGE layerGap=30 rootLayerGap=90 nodeGap=48 rootPadding=12 innerRatio=1"
sequence-bout-en-bout,elk,1,,0.229,2.75,3.00,3.43,2.04,0.479,0.127,0.505,32,"rapport 0.505 hors de [4:3 ; 16:9]","mode=ports direction=RIGHT inner=DOWN wrap=MULTI_EDGE layerGap=60 rootLayerGap=30 nodeGap=24 rootPadding=12 innerRatio=1"
sequence-bout-en-bout,elk,1,,0.227,2.72,2.97,3.40,2.02,0.472,0.122,0.514,32,"rapport 0.514 hors de [4:3 ; 16:9]","mode=ports direction=RIGHT inner=DOWN wrap=MULTI_EDGE layerGap=60 rootLayerGap=30 nodeGap=48 rootPadding=12 innerRatio=1"
sequence-bout-en-bout,elk,1,,0.229,2.75,3.00,3.43,2.04,0.465,0.123,0.520,32,"rapport 0.520 hors de [4:3 ; 16:9]","mode=ports direction=RIGHT inner=DOWN wrap=MULTI_EDGE layerGap=60 rootLayerGap=90 nodeGap=24 rootPadding=12 innerRatio=1"
sequence-bout-en-bout,elk,1,,0.227,2.72,2.97,3.40,2.02,0.459,0.119,0.529,32,"rapport 0.529 hors de [4:3 ; 16:9]","mode=ports direction=RIGHT inner=DOWN wrap=MULTI_EDGE layerGap=60 rootLayerGap=90 nodeGap=48 rootPadding=12 innerRatio=1"
sequence-bout-en-bout,elk,1,,0.225,2.70,2.94,3.37,2.00,0.512,0.101,0.611,40,"rapport 0.611 hors de [4:3 ; 16:9]","mode=ports direction=RIGHT inner=DOWN wrap=MULTI_EDGE layerGap=120 rootLayerGap=30 nodeGap=24 rootPadding=12 innerRatio=1"
sequence-bout-en-bout,elk,1,,0.223,2.67,2.92,3.34,1.98,0.505,0.098,0.619,40,"rapport 0.619 hors de [4:3 ; 16:9]","mode=ports direction=RIGHT inner=DOWN wrap=MULTI_EDGE layerGap=120 rootLayerGap=30 nodeGap=48 rootPadding=12 innerRatio=1"
sequence-bout-en-bout,elk,1,,0.225,2.70,2.94,3.37,2.00,0.500,0.099,0.626,40,"rapport 0.626 hors de [4:3 ; 16:9]","mode=ports direction=RIGHT inner=DOWN wrap=MULTI_EDGE layerGap=120 rootLayerGap=90 nodeGap=24 rootPadding=12 innerRatio=1"
sequence-bout-en-bout,elk,1,,0.223,2.67,2.92,3.34,1.98,0.493,0.096,0.634,40,"rapport 0.634 hors de [4:3 ; 16:9]","mode=ports direction=RIGHT inner=DOWN wrap=MULTI_EDGE layerGap=120 rootLayerGap=90 nodeGap=48 rootPadding=12 innerRatio=1"
sequence-bout-en-bout,elk,1,,0.322,3.87,4.22,4.83,2.87,0.516,0.145,0.878,40,"rapport 0.878 hors de [4:3 ; 16:9]","mode=ports direction=RIGHT inner=DOWN wrap=MULTI_EDGE layerGap=30 rootLayerGap=30 nodeGap=24 rootPadding=12 innerRatio=2"
sequence-bout-en-bout,elk,1,,0.318,3.82,4.17,4.77,2.84,0.507,0.140,0.886,40,"rapport 0.886 hors de [4:3 ; 16:9]","mode=ports direction=RIGHT inner=DOWN wrap=MULTI_EDGE layerGap=30 rootLayerGap=30 nodeGap=48 rootPadding=12 innerRatio=2"
sequence-bout-en-bout,elk,1,,0.322,3.87,4.22,4.83,2.87,0.504,0.142,0.900,40,"rapport 0.900 hors de [4:3 ; 16:9]","mode=ports direction=RIGHT inner=DOWN wrap=MULTI_EDGE layerGap=30 rootLayerGap=90 nodeGap=24 rootPadding=12 innerRatio=2"
sequence-bout-en-bout,elk,1,,0.318,3.82,4.17,4.77,2.84,0.495,0.137,0.907,40,"rapport 0.907 hors de [4:3 ; 16:9]","mode=ports direction=RIGHT inner=DOWN wrap=MULTI_EDGE layerGap=30 rootLayerGap=90 nodeGap=48 rootPadding=12 innerRatio=2"
sequence-bout-en-bout,elk,1,,0.354,4.25,4.64,5.31,3.16,0.504,0.161,0.958,40,"rapport 0.958 hors de [4:3 ; 16:9]","mode=ports direction=RIGHT inner=DOWN wrap=MULTI_EDGE layerGap=60 rootLayerGap=30 nodeGap=24 rootPadding=12 innerRatio=2"
sequence-bout-en-bout,elk,1,,0.349,4.19,4.57,5.23,3.11,0.496,0.155,0.966,40,"rapport 0.966 hors de [4:3 ; 16:9]","mode=ports direction=RIGHT inner=DOWN wrap=MULTI_EDGE layerGap=60 rootLayerGap=30 nodeGap=48 rootPadding=12 innerRatio=2"
sequence-bout-en-bout,elk,1,,0.354,4.25,4.64,5.31,3.16,0.493,0.157,0.982,40,"rapport 0.982 hors de [4:3 ; 16:9]","mode=ports direction=RIGHT inner=DOWN wrap=MULTI_EDGE layerGap=60 rootLayerGap=90 nodeGap=24 rootPadding=12 innerRatio=2"
sequence-bout-en-bout,elk,1,,0.349,4.19,4.57,5.23,3.11,0.484,0.151,0.989,40,"rapport 0.989 hors de [4:3 ; 16:9]","mode=ports direction=RIGHT inner=DOWN wrap=MULTI_EDGE layerGap=60 rootLayerGap=90 nodeGap=48 rootPadding=12 innerRatio=2"
sequence-bout-en-bout,elk,1,,0.273,3.28,3.58,4.10,2.44,0.505,0.124,0.739,40,"rapport 0.739 hors de [4:3 ; 16:9]","mode=ports direction=RIGHT inner=DOWN wrap=MULTI_EDGE layerGap=120 rootLayerGap=30 nodeGap=24 rootPadding=12 innerRatio=2"
sequence-bout-en-bout,elk,1,,0.271,3.25,3.54,4.05,2.41,0.498,0.120,0.747,40,"rapport 0.747 hors de [4:3 ; 16:9]","mode=ports direction=RIGHT inner=DOWN wrap=MULTI_EDGE layerGap=120 rootLayerGap=30 nodeGap=48 rootPadding=12 innerRatio=2"
sequence-bout-en-bout,elk,1,,0.273,3.28,3.58,4.10,2.44,0.493,0.121,0.757,40,"rapport 0.757 hors de [4:3 ; 16:9]","mode=ports direction=RIGHT inner=DOWN wrap=MULTI_EDGE layerGap=120 rootLayerGap=90 nodeGap=24 rootPadding=12 innerRatio=2"
sequence-bout-en-bout,elk,1,,0.271,3.25,3.54,4.05,2.41,0.486,0.117,0.765,40,"rapport 0.765 hors de [4:3 ; 16:9]","mode=ports direction=RIGHT inner=DOWN wrap=MULTI_EDGE layerGap=120 rootLayerGap=90 nodeGap=48 rootPadding=12 innerRatio=2"
sequence-bout-en-bout,elk,1,,0.415,4.99,5.44,6.22,3.70,0.507,0.188,1.126,40,"rapport 1.126 hors de [4:3 ; 16:9]","mode=ports direction=RIGHT inner=DOWN wrap=MULTI_EDGE layerGap=30 rootLayerGap=30 nodeGap=24 rootPadding=12 innerRatio=3"
sequence-bout-en-bout,elk,1,,0.409,4.91,5.35,6.12,3.64,0.497,0.181,1.132,40,"rapport 1.132 hors de [4:3 ; 16:9]","mode=ports direction=RIGHT inner=DOWN wrap=MULTI_EDGE layerGap=30 rootLayerGap=30 nodeGap=48 rootPadding=12 innerRatio=3"
sequence-bout-en-bout,elk,1,,0.415,4.99,5.44,6.22,3.70,0.495,0.184,1.153,40,"rapport 1.153 hors de [4:3 ; 16:9]","mode=ports direction=RIGHT inner=DOWN wrap=MULTI_EDGE layerGap=30 rootLayerGap=90 nodeGap=24 rootPadding=12 innerRatio=3"
sequence-bout-en-bout,elk,1,,0.409,4.91,5.35,6.12,3.64,0.486,0.177,1.158,40,"rapport 1.158 hors de [4:3 ; 16:9]","mode=ports direction=RIGHT inner=DOWN wrap=MULTI_EDGE layerGap=30 rootLayerGap=90 nodeGap=48 rootPadding=12 innerRatio=3"
sequence-bout-en-bout,elk,1,,0.297,3.57,3.89,4.45,2.65,0.529,0.113,0.956,48,"rapport 0.956 hors de [4:3 ; 16:9]","mode=ports direction=RIGHT inner=DOWN wrap=MULTI_EDGE layerGap=60 rootLayerGap=30 nodeGap=24 rootPadding=12 innerRatio=3"
sequence-bout-en-bout,elk,1,,0.294,3.52,3.84,4.40,2.62,0.521,0.110,0.963,48,"rapport 0.963 hors de [4:3 ; 16:9]","mode=ports direction=RIGHT inner=DOWN wrap=MULTI_EDGE layerGap=60 rootLayerGap=30 nodeGap=48 rootPadding=12 innerRatio=3"
sequence-bout-en-bout,elk,1,,0.297,3.57,3.89,4.45,2.65,0.519,0.111,0.976,48,"rapport 0.976 hors de [4:3 ; 16:9]","mode=ports direction=RIGHT inner=DOWN wrap=MULTI_EDGE layerGap=60 rootLayerGap=90 nodeGap=24 rootPadding=12 innerRatio=3"
sequence-bout-en-bout,elk,1,,0.294,3.52,3.84,4.40,2.62,0.511,0.108,0.982,48,"rapport 0.982 hors de [4:3 ; 16:9]","mode=ports direction=RIGHT inner=DOWN wrap=MULTI_EDGE layerGap=60 rootLayerGap=90 nodeGap=48 rootPadding=12 innerRatio=3"
sequence-bout-en-bout,elk,1,,0.272,3.26,3.56,4.08,2.42,0.513,0.104,0.875,48,"rapport 0.875 hors de [4:3 ; 16:9]","mode=ports direction=RIGHT inner=DOWN wrap=MULTI_EDGE layerGap=120 rootLayerGap=30 nodeGap=24 rootPadding=12 innerRatio=3"
sequence-bout-en-bout,elk,1,,0.269,3.23,3.52,4.03,2.40,0.506,0.101,0.882,48,"rapport 0.882 hors de [4:3 ; 16:9]","mode=ports direction=RIGHT inner=DOWN wrap=MULTI_EDGE layerGap=120 rootLayerGap=30 nodeGap=48 rootPadding=12 innerRatio=3"
sequence-bout-en-bout,elk,1,,0.272,3.26,3.56,4.08,2.42,0.503,0.102,0.893,48,"rapport 0.893 hors de [4:3 ; 16:9]","mode=ports direction=RIGHT inner=DOWN wrap=MULTI_EDGE layerGap=120 rootLayerGap=90 nodeGap=24 rootPadding=12 innerRatio=3"
sequence-bout-en-bout,elk,1,,0.269,3.23,3.52,4.03,2.40,0.496,0.099,0.899,48,"rapport 0.899 hors de [4:3 ; 16:9]","mode=ports direction=RIGHT inner=DOWN wrap=MULTI_EDGE layerGap=120 rootLayerGap=90 nodeGap=48 rootPadding=12 innerRatio=3"
sequence-bout-en-bout,elk,1,,0.334,4.00,4.37,5.00,2.97,0.534,0.127,1.074,48,"rapport 1.074 hors de [4:3 ; 16:9]","mode=ports direction=RIGHT inner=DOWN wrap=MULTI_EDGE layerGap=30 rootLayerGap=30 nodeGap=24 rootPadding=12 innerRatio=4.5"
sequence-bout-en-bout,elk,1,,0.329,3.95,4.31,4.93,2.93,0.525,0.123,1.080,48,"rapport 1.080 hors de [4:3 ; 16:9]","mode=ports direction=RIGHT inner=DOWN wrap=MULTI_EDGE layerGap=30 rootLayerGap=30 nodeGap=48 rootPadding=12 innerRatio=4.5"
sequence-bout-en-bout,elk,1,,0.334,4.00,4.37,5.00,2.97,0.524,0.125,1.096,48,"rapport 1.096 hors de [4:3 ; 16:9]","mode=ports direction=RIGHT inner=DOWN wrap=MULTI_EDGE layerGap=30 rootLayerGap=90 nodeGap=24 rootPadding=12 innerRatio=4.5"
sequence-bout-en-bout,elk,1,,0.329,3.95,4.31,4.93,2.93,0.515,0.121,1.101,48,"rapport 1.101 hors de [4:3 ; 16:9]","mode=ports direction=RIGHT inner=DOWN wrap=MULTI_EDGE layerGap=30 rootLayerGap=90 nodeGap=48 rootPadding=12 innerRatio=4.5"
sequence-bout-en-bout,elk,1,,0.297,3.57,3.89,4.45,2.65,0.529,0.113,0.956,48,"rapport 0.956 hors de [4:3 ; 16:9]","mode=ports direction=RIGHT inner=DOWN wrap=MULTI_EDGE layerGap=60 rootLayerGap=30 nodeGap=24 rootPadding=12 innerRatio=4.5"
sequence-bout-en-bout,elk,1,,0.294,3.52,3.84,4.40,2.62,0.521,0.110,0.963,48,"rapport 0.963 hors de [4:3 ; 16:9]","mode=ports direction=RIGHT inner=DOWN wrap=MULTI_EDGE layerGap=60 rootLayerGap=30 nodeGap=48 rootPadding=12 innerRatio=4.5"
sequence-bout-en-bout,elk,1,,0.297,3.57,3.89,4.45,2.65,0.519,0.111,0.976,48,"rapport 0.976 hors de [4:3 ; 16:9]","mode=ports direction=RIGHT inner=DOWN wrap=MULTI_EDGE layerGap=60 rootLayerGap=90 nodeGap=24 rootPadding=12 innerRatio=4.5"
sequence-bout-en-bout,elk,1,,0.294,3.52,3.84,4.40,2.62,0.511,0.108,0.982,48,"rapport 0.982 hors de [4:3 ; 16:9]","mode=ports direction=RIGHT inner=DOWN wrap=MULTI_EDGE layerGap=60 rootLayerGap=90 nodeGap=48 rootPadding=12 innerRatio=4.5"
sequence-bout-en-bout,elk,1,,0.294,3.52,3.84,4.40,2.62,0.510,0.085,1.241,64,"rapport 1.241 hors de [4:3 ; 16:9]","mode=ports direction=RIGHT inner=DOWN wrap=MULTI_EDGE layerGap=120 rootLayerGap=30 nodeGap=24 rootPadding=12 innerRatio=4.5"
sequence-bout-en-bout,elk,1,,0.290,3.48,3.80,4.35,2.59,0.503,0.083,1.244,64,"rapport 1.244 hors de [4:3 ; 16:9]","mode=ports direction=RIGHT inner=DOWN wrap=MULTI_EDGE layerGap=120 rootLayerGap=30 nodeGap=48 rootPadding=12 innerRatio=4.5"
sequence-bout-en-bout,elk,1,,0.294,3.52,3.84,4.40,2.62,0.503,0.084,1.260,64,"rapport 1.260 hors de [4:3 ; 16:9]","mode=ports direction=RIGHT inner=DOWN wrap=MULTI_EDGE layerGap=120 rootLayerGap=90 nodeGap=24 rootPadding=12 innerRatio=4.5"
sequence-bout-en-bout,elk,1,,0.290,3.48,3.80,4.35,2.59,0.496,0.082,1.263,64,"rapport 1.263 hors de [4:3 ; 16:9]","mode=ports direction=RIGHT inner=DOWN wrap=MULTI_EDGE layerGap=120 rootLayerGap=90 nodeGap=48 rootPadding=12 innerRatio=4.5"
sequence-bout-en-bout,elk,1,,0.293,3.96,4.32,5.30,2.34,0.676,0.246,6.539,18,"rapport 6.539 hors de [4:3 ; 16:9]","mode=ports direction=RIGHT inner=RIGHT wrap=OFF layerGap=30 rootLayerGap=30 nodeGap=24 rootPadding=12"
sequence-bout-en-bout,elk,1,,0.293,3.96,4.32,5.30,2.34,0.654,0.235,6.255,16,"rapport 6.255 hors de [4:3 ; 16:9]","mode=ports direction=RIGHT inner=RIGHT wrap=OFF layerGap=30 rootLayerGap=30 nodeGap=48 rootPadding=12"
sequence-bout-en-bout,elk,1,,0.289,3.91,4.27,5.24,2.31,0.669,0.243,6.615,18,"rapport 6.615 hors de [4:3 ; 16:9]","mode=ports direction=RIGHT inner=RIGHT wrap=OFF layerGap=30 rootLayerGap=90 nodeGap=24 rootPadding=12"
sequence-bout-en-bout,elk,1,,0.289,3.91,4.27,5.24,2.31,0.646,0.233,6.327,16,"rapport 6.327 hors de [4:3 ; 16:9]","mode=ports direction=RIGHT inner=RIGHT wrap=OFF layerGap=30 rootLayerGap=90 nodeGap=48 rootPadding=12"
sequence-bout-en-bout,elk,1,,0.277,3.75,4.09,5.01,2.22,0.680,0.233,6.908,18,"rapport 6.908 hors de [4:3 ; 16:9]","mode=ports direction=RIGHT inner=RIGHT wrap=OFF layerGap=60 rootLayerGap=30 nodeGap=24 rootPadding=12"
sequence-bout-en-bout,elk,1,,0.277,3.75,4.09,5.01,2.22,0.657,0.223,6.608,16,"rapport 6.608 hors de [4:3 ; 16:9]","mode=ports direction=RIGHT inner=RIGHT wrap=OFF layerGap=60 rootLayerGap=30 nodeGap=48 rootPadding=12"
sequence-bout-en-bout,elk,1,,0.274,3.71,4.04,4.96,2.19,0.672,0.230,6.984,18,"rapport 6.984 hors de [4:3 ; 16:9]","mode=ports direction=RIGHT inner=RIGHT wrap=OFF layerGap=60 rootLayerGap=90 nodeGap=24 rootPadding=12"
sequence-bout-en-bout,elk,1,,0.274,3.71,4.04,4.96,2.19,0.650,0.220,6.680,16,"rapport 6.680 hors de [4:3 ; 16:9]","mode=ports direction=RIGHT inner=RIGHT wrap=OFF layerGap=60 rootLayerGap=90 nodeGap=48 rootPadding=12"
sequence-bout-en-bout,elk,1,,0.248,3.36,3.67,4.50,1.99,0.685,0.209,7.704,18,"rapport 7.704 hors de [4:3 ; 16:9]","mode=ports direction=RIGHT inner=RIGHT wrap=OFF layerGap=120 rootLayerGap=30 nodeGap=24 rootPadding=12"
sequence-bout-en-bout,elk,1,,0.248,3.36,3.67,4.50,1.99,0.662,0.200,7.369,16,"rapport 7.369 hors de [4:3 ; 16:9]","mode=ports direction=RIGHT inner=RIGHT wrap=OFF layerGap=120 rootLayerGap=30 nodeGap=48 rootPadding=12"
sequence-bout-en-bout,elk,1,,0.246,3.33,3.63,4.45,1.97,0.678,0.207,7.779,18,"rapport 7.779 hors de [4:3 ; 16:9]","mode=ports direction=RIGHT inner=RIGHT wrap=OFF layerGap=120 rootLayerGap=90 nodeGap=24 rootPadding=12"
sequence-bout-en-bout,elk,1,,0.246,3.33,3.63,4.45,1.97,0.655,0.198,7.441,16,"rapport 7.441 hors de [4:3 ; 16:9]","mode=ports direction=RIGHT inner=RIGHT wrap=OFF layerGap=120 rootLayerGap=90 nodeGap=48 rootPadding=12"
sequence-bout-en-bout,elk,1,149,0.392,4.70,5.13,5.87,3.16,0.489,0.115,1.649,38,vertes,"mode=ports direction=RIGHT inner=RIGHT wrap=MULTI_EDGE layerGap=30 rootLayerGap=30 nodeGap=24 rootPadding=12 innerRatio=1"
sequence-bout-en-bout,elk,1,151,0.386,4.63,5.05,5.78,3.16,0.485,0.113,1.623,36,vertes,"mode=ports direction=RIGHT inner=RIGHT wrap=MULTI_EDGE layerGap=30 rootLayerGap=30 nodeGap=48 rootPadding=12 innerRatio=1"
sequence-bout-en-bout,elk,1,150,0.388,4.70,5.13,5.87,3.11,0.482,0.113,1.674,38,vertes,"mode=ports direction=RIGHT inner=RIGHT wrap=MULTI_EDGE layerGap=30 rootLayerGap=90 nodeGap=24 rootPadding=12 innerRatio=1"
sequence-bout-en-bout,elk,1,152,0.386,4.63,5.05,5.78,3.11,0.478,0.111,1.649,36,vertes,"mode=ports direction=RIGHT inner=RIGHT wrap=MULTI_EDGE layerGap=30 rootLayerGap=90 nodeGap=48 rootPadding=12 innerRatio=1"
sequence-bout-en-bout,elk,1,,0.273,3.27,3.57,4.09,2.43,0.345,0.076,1.206,54,"rapport 1.206 hors de [4:3 ; 16:9]","mode=ports direction=RIGHT inner=RIGHT wrap=MULTI_EDGE layerGap=60 rootLayerGap=30 nodeGap=24 rootPadding=12 innerRatio=1"
sequence-bout-en-bout,elk,1,153,0.375,4.63,5.05,5.78,3.00,0.486,0.107,1.709,36,vertes,"mode=ports direction=RIGHT inner=RIGHT wrap=MULTI_EDGE layerGap=60 rootLayerGap=30 nodeGap=48 rootPadding=12 innerRatio=1"
sequence-bout-en-bout,elk,1,,0.273,3.27,3.57,4.09,2.43,0.340,0.075,1.223,54,"rapport 1.223 hors de [4:3 ; 16:9]","mode=ports direction=RIGHT inner=RIGHT wrap=MULTI_EDGE layerGap=60 rootLayerGap=90 nodeGap=24 rootPadding=12 innerRatio=1"
sequence-bout-en-bout,elk,1,154,0.369,4.63,5.05,5.78,2.95,0.479,0.106,1.735,36,vertes,"mode=ports direction=RIGHT inner=RIGHT wrap=MULTI_EDGE layerGap=60 rootLayerGap=90 nodeGap=48 rootPadding=12 innerRatio=1"
sequence-bout-en-bout,elk,1,160,0.273,3.27,3.57,4.09,2.43,0.356,0.068,1.340,54,vertes,"mode=ports direction=RIGHT inner=RIGHT wrap=MULTI_EDGE layerGap=120 rootLayerGap=30 nodeGap=24 rootPadding=12 innerRatio=1"
sequence-bout-en-bout,elk,1,,0.270,3.24,3.53,4.04,2.40,0.354,0.067,1.326,52,"rapport 1.326 hors de [4:3 ; 16:9]","mode=ports direction=RIGHT inner=RIGHT wrap=MULTI_EDGE layerGap=120 rootLayerGap=30 nodeGap=48 rootPadding=12 innerRatio=1"
sequence-bout-en-bout,elk,1,161,0.273,3.27,3.57,4.09,2.43,0.351,0.067,1.358,54,vertes,"mode=ports direction=RIGHT inner=RIGHT wrap=MULTI_EDGE layerGap=120 rootLayerGap=90 nodeGap=24 rootPadding=12 innerRatio=1"
sequence-bout-en-bout,elk,1,162,0.270,3.24,3.53,4.04,2.40,0.350,0.067,1.343,52,vertes,"mode=ports direction=RIGHT inner=RIGHT wrap=MULTI_EDGE layerGap=120 rootLayerGap=90 nodeGap=48 rootPadding=12 innerRatio=1"
sequence-bout-en-bout,elk,1,,0.394,5.34,5.82,7.14,3.16,0.498,0.147,2.113,30,"rapport 2.113 hors de [4:3 ; 16:9]","mode=ports direction=RIGHT inner=RIGHT wrap=MULTI_EDGE layerGap=30 rootLayerGap=30 nodeGap=24 rootPadding=12 innerRatio=2"
sequence-bout-en-bout,elk,1,,0.394,5.34,5.82,7.14,3.16,0.493,0.144,2.072,28,"rapport 2.072 hors de [4:3 ; 16:9]","mode=ports direction=RIGHT inner=RIGHT wrap=MULTI_EDGE layerGap=30 rootLayerGap=30 nodeGap=48 rootPadding=12 innerRatio=2"
sequence-bout-en-bout,elk,1,,0.388,5.26,5.74,7.03,3.11,0.491,0.144,2.146,30,"rapport 2.146 hors de [4:3 ; 16:9]","mode=ports direction=RIGHT inner=RIGHT wrap=MULTI_EDGE layerGap=30 rootLayerGap=90 nodeGap=24 rootPadding=12 innerRatio=2"
sequence-bout-en-bout,elk,1,,0.388,5.26,5.74,7.03,3.11,0.485,0.142,2.105,28,"rapport 2.105 hors de [4:3 ; 16:9]","mode=ports direction=RIGHT inner=RIGHT wrap=MULTI_EDGE layerGap=30 rootLayerGap=90 nodeGap=48 rootPadding=12 innerRatio=2"
sequence-bout-en-bout,elk,1,,0.375,5.07,5.53,6.79,3.00,0.505,0.139,2.225,30,"rapport 2.225 hors de [4:3 ; 16:9]","mode=ports direction=RIGHT inner=RIGHT wrap=MULTI_EDGE layerGap=60 rootLayerGap=30 nodeGap=24 rootPadding=12 innerRatio=2"
sequence-bout-en-bout,elk,1,,0.375,5.07,5.53,6.79,3.00,0.499,0.137,2.182,28,"rapport 2.182 hors de [4:3 ; 16:9]","mode=ports direction=RIGHT inner=RIGHT wrap=MULTI_EDGE layerGap=60 rootLayerGap=30 nodeGap=48 rootPadding=12 innerRatio=2"
sequence-bout-en-bout,elk,1,,0.369,5.00,5.45,6.69,2.95,0.498,0.137,2.258,30,"rapport 2.258 hors de [4:3 ; 16:9]","mode=ports direction=RIGHT inner=RIGHT wrap=MULTI_EDGE layerGap=60 rootLayerGap=90 nodeGap=24 rootPadding=12 innerRatio=2"
sequence-bout-en-bout,elk,1,,0.369,5.00,5.45,6.69,2.95,0.492,0.135,2.214,28,"rapport 2.214 hors de [4:3 ; 16:9]","mode=ports direction=RIGHT inner=RIGHT wrap=MULTI_EDGE layerGap=60 rootLayerGap=90 nodeGap=48 rootPadding=12 innerRatio=2"
sequence-bout-en-bout,elk,1,,0.337,4.57,4.98,6.11,2.70,0.484,0.110,2.167,34,"rapport 2.167 hors de [4:3 ; 16:9]","mode=ports direction=RIGHT inner=RIGHT wrap=MULTI_EDGE layerGap=120 rootLayerGap=30 nodeGap=24 rootPadding=12 innerRatio=2"
sequence-bout-en-bout,elk,1,,0.337,4.57,4.98,6.11,2.70,0.479,0.108,2.130,32,"rapport 2.130 hors de [4:3 ; 16:9]","mode=ports direction=RIGHT inner=RIGHT wrap=MULTI_EDGE layerGap=120 rootLayerGap=30 nodeGap=48 rootPadding=12 innerRatio=2"
sequence-bout-en-bout,elk,1,,0.333,4.51,4.92,6.03,2.66,0.477,0.109,2.196,34,"rapport 2.196 hors de [4:3 ; 16:9]","mode=ports direction=RIGHT inner=RIGHT wrap=MULTI_EDGE layerGap=120 rootLayerGap=90 nodeGap=24 rootPadding=12 innerRatio=2"
sequence-bout-en-bout,elk,1,,0.333,4.51,4.92,6.03,2.66,0.473,0.107,2.159,32,"rapport 2.159 hors de [4:3 ; 16:9]","mode=ports direction=RIGHT inner=RIGHT wrap=MULTI_EDGE layerGap=120 rootLayerGap=90 nodeGap=48 rootPadding=12 innerRatio=2"
sequence-bout-en-bout,elk,1,,0.394,5.34,5.82,7.14,3.16,0.555,0.147,2.113,30,"rapport 2.113 hors de [4:3 ; 16:9]","mode=ports direction=RIGHT inner=RIGHT wrap=MULTI_EDGE layerGap=30 rootLayerGap=30 nodeGap=24 rootPadding=12 innerRatio=3"
sequence-bout-en-bout,elk,1,,0.394,5.34,5.82,7.14,3.16,0.548,0.144,2.072,28,"rapport 2.072 hors de [4:3 ; 16:9]","mode=ports direction=RIGHT inner=RIGHT wrap=MULTI_EDGE layerGap=30 rootLayerGap=30 nodeGap=48 rootPadding=12 innerRatio=3"
sequence-bout-en-bout,elk,1,,0.388,5.26,5.74,7.03,3.11,0.547,0.144,2.146,30,"rapport 2.146 hors de [4:3 ; 16:9]","mode=ports direction=RIGHT inner=RIGHT wrap=MULTI_EDGE layerGap=30 rootLayerGap=90 nodeGap=24 rootPadding=12 innerRatio=3"
sequence-bout-en-bout,elk,1,,0.388,5.26,5.74,7.03,3.11,0.540,0.142,2.105,28,"rapport 2.105 hors de [4:3 ; 16:9]","mode=ports direction=RIGHT inner=RIGHT wrap=MULTI_EDGE layerGap=30 rootLayerGap=90 nodeGap=48 rootPadding=12 innerRatio=3"
sequence-bout-en-bout,elk,1,,0.375,5.07,5.53,6.79,3.00,0.559,0.139,2.225,30,"rapport 2.225 hors de [4:3 ; 16:9]","mode=ports direction=RIGHT inner=RIGHT wrap=MULTI_EDGE layerGap=60 rootLayerGap=30 nodeGap=24 rootPadding=12 innerRatio=3"
sequence-bout-en-bout,elk,1,,0.375,5.07,5.53,6.79,3.00,0.552,0.137,2.182,28,"rapport 2.182 hors de [4:3 ; 16:9]","mode=ports direction=RIGHT inner=RIGHT wrap=MULTI_EDGE layerGap=60 rootLayerGap=30 nodeGap=48 rootPadding=12 innerRatio=3"
sequence-bout-en-bout,elk,1,,0.369,5.00,5.45,6.69,2.95,0.551,0.137,2.258,30,"rapport 2.258 hors de [4:3 ; 16:9]","mode=ports direction=RIGHT inner=RIGHT wrap=MULTI_EDGE layerGap=60 rootLayerGap=90 nodeGap=24 rootPadding=12 innerRatio=3"
sequence-bout-en-bout,elk,1,,0.369,5.00,5.45,6.69,2.95,0.544,0.135,2.214,28,"rapport 2.214 hors de [4:3 ; 16:9]","mode=ports direction=RIGHT inner=RIGHT wrap=MULTI_EDGE layerGap=60 rootLayerGap=90 nodeGap=48 rootPadding=12 innerRatio=3"
sequence-bout-en-bout,elk,1,,0.337,4.57,4.98,6.11,2.70,0.518,0.125,2.473,30,"rapport 2.473 hors de [4:3 ; 16:9]","mode=ports direction=RIGHT inner=RIGHT wrap=MULTI_EDGE layerGap=120 rootLayerGap=30 nodeGap=24 rootPadding=12 innerRatio=3"
sequence-bout-en-bout,elk,1,,0.337,4.57,4.98,6.11,2.70,0.563,0.123,2.425,28,"rapport 2.425 hors de [4:3 ; 16:9]","mode=ports direction=RIGHT inner=RIGHT wrap=MULTI_EDGE layerGap=120 rootLayerGap=30 nodeGap=48 rootPadding=12 innerRatio=3"
sequence-bout-en-bout,elk,1,,0.333,4.51,4.92,6.03,2.66,0.511,0.124,2.506,30,"rapport 2.506 hors de [4:3 ; 16:9]","mode=ports direction=RIGHT inner=RIGHT wrap=MULTI_EDGE layerGap=120 rootLayerGap=90 nodeGap=24 rootPadding=12 innerRatio=3"
sequence-bout-en-bout,elk,1,,0.333,4.51,4.92,6.03,2.66,0.556,0.121,2.457,28,"rapport 2.457 hors de [4:3 ; 16:9]","mode=ports direction=RIGHT inner=RIGHT wrap=MULTI_EDGE layerGap=120 rootLayerGap=90 nodeGap=48 rootPadding=12 innerRatio=3"
sequence-bout-en-bout,elk,1,,0.346,4.69,5.11,6.27,2.77,0.645,0.178,3.354,22,"rapport 3.354 hors de [4:3 ; 16:9]","mode=ports direction=RIGHT inner=RIGHT wrap=MULTI_EDGE layerGap=30 rootLayerGap=30 nodeGap=24 rootPadding=12 innerRatio=4.5"
sequence-bout-en-bout,elk,1,,0.346,4.69,5.11,6.27,2.77,0.633,0.174,3.264,20,"rapport 3.264 hors de [4:3 ; 16:9]","mode=ports direction=RIGHT inner=RIGHT wrap=MULTI_EDGE layerGap=30 rootLayerGap=30 nodeGap=48 rootPadding=12 innerRatio=4.5"
sequence-bout-en-bout,elk,1,,0.342,4.62,5.04,6.18,2.73,0.636,0.176,3.400,22,"rapport 3.400 hors de [4:3 ; 16:9]","mode=ports direction=RIGHT inner=RIGHT wrap=MULTI_EDGE layerGap=30 rootLayerGap=90 nodeGap=24 rootPadding=12 innerRatio=4.5"
sequence-bout-en-bout,elk,1,,0.342,4.62,5.04,6.18,2.73,0.624,0.171,3.309,20,"rapport 3.309 hors de [4:3 ; 16:9]","mode=ports direction=RIGHT inner=RIGHT wrap=MULTI_EDGE layerGap=30 rootLayerGap=90 nodeGap=48 rootPadding=12 innerRatio=4.5"
sequence-bout-en-bout,elk,1,,0.328,4.44,4.84,5.93,2.62,0.651,0.169,3.544,22,"rapport 3.544 hors de [4:3 ; 16:9]","mode=ports direction=RIGHT inner=RIGHT wrap=MULTI_EDGE layerGap=60 rootLayerGap=30 nodeGap=24 rootPadding=12 innerRatio=4.5"
sequence-bout-en-bout,elk,1,,0.328,4.44,4.84,5.93,2.62,0.638,0.164,3.449,20,"rapport 3.449 hors de [4:3 ; 16:9]","mode=ports direction=RIGHT inner=RIGHT wrap=MULTI_EDGE layerGap=60 rootLayerGap=30 nodeGap=48 rootPadding=12 innerRatio=4.5"
sequence-bout-en-bout,elk,1,,0.324,4.38,4.78,5.86,2.59,0.642,0.167,3.590,22,"rapport 3.590 hors de [4:3 ; 16:9]","mode=ports direction=RIGHT inner=RIGHT wrap=MULTI_EDGE layerGap=60 rootLayerGap=90 nodeGap=24 rootPadding=12 innerRatio=4.5"
sequence-bout-en-bout,elk,1,,0.324,4.38,4.78,5.86,2.59,0.630,0.162,3.494,20,"rapport 3.494 hors de [4:3 ; 16:9]","mode=ports direction=RIGHT inner=RIGHT wrap=MULTI_EDGE layerGap=60 rootLayerGap=90 nodeGap=48 rootPadding=12 innerRatio=4.5"
sequence-bout-en-bout,elk,1,,0.294,3.97,4.33,5.32,2.35,0.657,0.151,3.959,22,"rapport 3.959 hors de [4:3 ; 16:9]","mode=ports direction=RIGHT inner=RIGHT wrap=MULTI_EDGE layerGap=120 rootLayerGap=30 nodeGap=24 rootPadding=12 innerRatio=4.5"
sequence-bout-en-bout,elk,1,,0.294,3.97,4.33,5.32,2.35,0.644,0.147,3.852,20,"rapport 3.852 hors de [4:3 ; 16:9]","mode=ports direction=RIGHT inner=RIGHT wrap=MULTI_EDGE layerGap=120 rootLayerGap=30 nodeGap=48 rootPadding=12 innerRatio=4.5"
sequence-bout-en-bout,elk,1,,0.290,3.93,4.29,5.25,2.32,0.650,0.150,4.005,22,"rapport 4.005 hors de [4:3 ; 16:9]","mode=ports direction=RIGHT inner=RIGHT wrap=MULTI_EDGE layerGap=120 rootLayerGap=90 nodeGap=24 rootPadding=12 innerRatio=4.5"
sequence-bout-en-bout,elk,1,,0.290,3.93,4.29,5.25,2.32,0.637,0.146,3.897,20,"rapport 3.897 hors de [4:3 ; 16:9]","mode=ports direction=RIGHT inner=RIGHT wrap=MULTI_EDGE layerGap=120 rootLayerGap=90 nodeGap=48 rootPadding=12 innerRatio=4.5"
sequence-bout-en-bout,elk,2,94,0.461,5.76,6.28,7.19,3.69,0.436,0.164,1.728,30,vertes,"mode=ports direction=DOWN inner=DOWN wrap=MULTI_EDGE layerGap=30 rootLayerGap=90 nodeGap=24 rootPadding=12 innerRatio=3 placement=NETWORK_SIMPLEX inline=false labelLayer=MEDIAN_LAYER compaction=NONE edgeLayerGap=30 edgeNodeGap=30 edgeGap=20 componentGap=60"
sequence-bout-en-bout,elk,2,95,0.461,5.76,6.28,7.19,3.69,0.436,0.164,1.728,30,vertes,"mode=ports direction=DOWN inner=DOWN wrap=MULTI_EDGE layerGap=30 rootLayerGap=90 nodeGap=24 rootPadding=12 innerRatio=3 placement=NETWORK_SIMPLEX inline=false labelLayer=MEDIAN_LAYER compaction=NONE aspectRatio=1.78 edgeLayerGap=30 edgeNodeGap=30 edgeGap=20 componentGap=60"
sequence-bout-en-bout,elk,2,61,0.474,5.97,6.51,7.45,3.80,0.437,0.175,1.742,30,vertes,"mode=ports direction=DOWN inner=DOWN wrap=MULTI_EDGE layerGap=30 rootLayerGap=90 nodeGap=24 rootPadding=12 innerRatio=3 placement=NETWORK_SIMPLEX inline=false labelLayer=MEDIAN_LAYER compaction=NONE edgeLayerGap=15 edgeNodeGap=15 edgeGap=10 componentGap=24"
sequence-bout-en-bout,elk,2,62,0.474,5.97,6.51,7.45,3.80,0.437,0.175,1.742,30,vertes,"mode=ports direction=DOWN inner=DOWN wrap=MULTI_EDGE layerGap=30 rootLayerGap=90 nodeGap=24 rootPadding=12 innerRatio=3 placement=NETWORK_SIMPLEX inline=false labelLayer=MEDIAN_LAYER compaction=NONE aspectRatio=1.78 edgeLayerGap=15 edgeNodeGap=15 edgeGap=10 componentGap=24"
sequence-bout-en-bout,elk,2,,0.000,0.00,0.00,0.00,0.00,0.000,0.000,0.000,0,"moteur : java.lang.IllegalStateException: Invalid hitboxes for scanline constraint calculation.","mode=ports direction=DOWN inner=DOWN wrap=MULTI_EDGE layerGap=30 rootLayerGap=90 nodeGap=24 rootPadding=12 innerRatio=3 placement=NETWORK_SIMPLEX inline=false labelLayer=MEDIAN_LAYER compaction=EDGE_LENGTH edgeLayerGap=30 edgeNodeGap=30 edgeGap=20 componentGap=60"
sequence-bout-en-bout,elk,2,,0.000,0.00,0.00,0.00,0.00,0.000,0.000,0.000,0,"moteur : java.lang.IllegalStateException: Invalid hitboxes for scanline constraint calculation.","mode=ports direction=DOWN inner=DOWN wrap=MULTI_EDGE layerGap=30 rootLayerGap=90 nodeGap=24 rootPadding=12 innerRatio=3 placement=NETWORK_SIMPLEX inline=false labelLayer=MEDIAN_LAYER compaction=EDGE_LENGTH aspectRatio=1.78 edgeLayerGap=30 edgeNodeGap=30 edgeGap=20 componentGap=60"
sequence-bout-en-bout,elk,2,,0.000,0.00,0.00,0.00,0.00,0.000,0.000,0.000,0,"moteur : java.lang.IllegalStateException: Invalid hitboxes for scanline constraint calculation.","mode=ports direction=DOWN inner=DOWN wrap=MULTI_EDGE layerGap=30 rootLayerGap=90 nodeGap=24 rootPadding=12 innerRatio=3 placement=NETWORK_SIMPLEX inline=false labelLayer=MEDIAN_LAYER compaction=EDGE_LENGTH edgeLayerGap=15 edgeNodeGap=15 edgeGap=10 componentGap=24"
sequence-bout-en-bout,elk,2,,0.000,0.00,0.00,0.00,0.00,0.000,0.000,0.000,0,"moteur : java.lang.IllegalStateException: Invalid hitboxes for scanline constraint calculation.","mode=ports direction=DOWN inner=DOWN wrap=MULTI_EDGE layerGap=30 rootLayerGap=90 nodeGap=24 rootPadding=12 innerRatio=3 placement=NETWORK_SIMPLEX inline=false labelLayer=MEDIAN_LAYER compaction=EDGE_LENGTH aspectRatio=1.78 edgeLayerGap=15 edgeNodeGap=15 edgeGap=10 componentGap=24"
sequence-bout-en-bout,elk,2,96,0.461,5.76,6.28,7.19,3.69,0.436,0.164,1.728,30,vertes,"mode=ports direction=DOWN inner=DOWN wrap=MULTI_EDGE layerGap=30 rootLayerGap=90 nodeGap=24 rootPadding=12 innerRatio=3 placement=NETWORK_SIMPLEX inline=false labelLayer=SPACE_EFFICIENT_LAYER compaction=NONE edgeLayerGap=30 edgeNodeGap=30 edgeGap=20 componentGap=60"
sequence-bout-en-bout,elk,2,97,0.461,5.76,6.28,7.19,3.69,0.436,0.164,1.728,30,vertes,"mode=ports direction=DOWN inner=DOWN wrap=MULTI_EDGE layerGap=30 rootLayerGap=90 nodeGap=24 rootPadding=12 innerRatio=3 placement=NETWORK_SIMPLEX inline=false labelLayer=SPACE_EFFICIENT_LAYER compaction=NONE aspectRatio=1.78 edgeLayerGap=30 edgeNodeGap=30 edgeGap=20 componentGap=60"
sequence-bout-en-bout,elk,2,63,0.474,5.97,6.51,7.45,3.80,0.437,0.175,1.742,30,vertes,"mode=ports direction=DOWN inner=DOWN wrap=MULTI_EDGE layerGap=30 rootLayerGap=90 nodeGap=24 rootPadding=12 innerRatio=3 placement=NETWORK_SIMPLEX inline=false labelLayer=SPACE_EFFICIENT_LAYER compaction=NONE edgeLayerGap=15 edgeNodeGap=15 edgeGap=10 componentGap=24"
sequence-bout-en-bout,elk,2,64,0.474,5.97,6.51,7.45,3.80,0.437,0.175,1.742,30,vertes,"mode=ports direction=DOWN inner=DOWN wrap=MULTI_EDGE layerGap=30 rootLayerGap=90 nodeGap=24 rootPadding=12 innerRatio=3 placement=NETWORK_SIMPLEX inline=false labelLayer=SPACE_EFFICIENT_LAYER compaction=NONE aspectRatio=1.78 edgeLayerGap=15 edgeNodeGap=15 edgeGap=10 componentGap=24"
sequence-bout-en-bout,elk,2,,0.000,0.00,0.00,0.00,0.00,0.000,0.000,0.000,0,"moteur : java.lang.IllegalStateException: Invalid hitboxes for scanline constraint calculation.","mode=ports direction=DOWN inner=DOWN wrap=MULTI_EDGE layerGap=30 rootLayerGap=90 nodeGap=24 rootPadding=12 innerRatio=3 placement=NETWORK_SIMPLEX inline=false labelLayer=SPACE_EFFICIENT_LAYER compaction=EDGE_LENGTH edgeLayerGap=30 edgeNodeGap=30 edgeGap=20 componentGap=60"
sequence-bout-en-bout,elk,2,,0.000,0.00,0.00,0.00,0.00,0.000,0.000,0.000,0,"moteur : java.lang.IllegalStateException: Invalid hitboxes for scanline constraint calculation.","mode=ports direction=DOWN inner=DOWN wrap=MULTI_EDGE layerGap=30 rootLayerGap=90 nodeGap=24 rootPadding=12 innerRatio=3 placement=NETWORK_SIMPLEX inline=false labelLayer=SPACE_EFFICIENT_LAYER compaction=EDGE_LENGTH aspectRatio=1.78 edgeLayerGap=30 edgeNodeGap=30 edgeGap=20 componentGap=60"
sequence-bout-en-bout,elk,2,,0.000,0.00,0.00,0.00,0.00,0.000,0.000,0.000,0,"moteur : java.lang.IllegalStateException: Invalid hitboxes for scanline constraint calculation.","mode=ports direction=DOWN inner=DOWN wrap=MULTI_EDGE layerGap=30 rootLayerGap=90 nodeGap=24 rootPadding=12 innerRatio=3 placement=NETWORK_SIMPLEX inline=false labelLayer=SPACE_EFFICIENT_LAYER compaction=EDGE_LENGTH edgeLayerGap=15 edgeNodeGap=15 edgeGap=10 componentGap=24"
sequence-bout-en-bout,elk,2,,0.000,0.00,0.00,0.00,0.00,0.000,0.000,0.000,0,"moteur : java.lang.IllegalStateException: Invalid hitboxes for scanline constraint calculation.","mode=ports direction=DOWN inner=DOWN wrap=MULTI_EDGE layerGap=30 rootLayerGap=90 nodeGap=24 rootPadding=12 innerRatio=3 placement=NETWORK_SIMPLEX inline=false labelLayer=SPACE_EFFICIENT_LAYER compaction=EDGE_LENGTH aspectRatio=1.78 edgeLayerGap=15 edgeNodeGap=15 edgeGap=10 componentGap=24"
sequence-bout-en-bout,elk,2,33,0.480,5.76,6.28,7.19,3.89,0.439,0.173,1.640,30,vertes,"mode=ports direction=DOWN inner=DOWN wrap=MULTI_EDGE layerGap=30 rootLayerGap=90 nodeGap=24 rootPadding=12 innerRatio=3 placement=NETWORK_SIMPLEX inline=true labelLayer=MEDIAN_LAYER compaction=NONE edgeLayerGap=30 edgeNodeGap=30 edgeGap=20 componentGap=60"
sequence-bout-en-bout,elk,2,34,0.480,5.76,6.28,7.19,3.89,0.439,0.173,1.640,30,vertes,"mode=ports direction=DOWN inner=DOWN wrap=MULTI_EDGE layerGap=30 rootLayerGap=90 nodeGap=24 rootPadding=12 innerRatio=3 placement=NETWORK_SIMPLEX inline=true labelLayer=MEDIAN_LAYER compaction=NONE aspectRatio=1.78 edgeLayerGap=30 edgeNodeGap=30 edgeGap=20 componentGap=60"
sequence-bout-en-bout,elk,2,1,0.497,5.97,6.51,7.45,4.00,0.441,0.185,1.651,30,vertes,"mode=ports direction=DOWN inner=DOWN wrap=MULTI_EDGE layerGap=30 rootLayerGap=90 nodeGap=24 rootPadding=12 innerRatio=3 placement=NETWORK_SIMPLEX inline=true labelLayer=MEDIAN_LAYER compaction=NONE edgeLayerGap=15 edgeNodeGap=15 edgeGap=10 componentGap=24"
sequence-bout-en-bout,elk,2,2,0.497,5.97,6.51,7.45,4.00,0.441,0.185,1.651,30,vertes,"mode=ports direction=DOWN inner=DOWN wrap=MULTI_EDGE layerGap=30 rootLayerGap=90 nodeGap=24 rootPadding=12 innerRatio=3 placement=NETWORK_SIMPLEX inline=true labelLayer=MEDIAN_LAYER compaction=NONE aspectRatio=1.78 edgeLayerGap=15 edgeNodeGap=15 edgeGap=10 componentGap=24"
sequence-bout-en-bout,elk,2,,0.000,0.00,0.00,0.00,0.00,0.000,0.000,0.000,0,"moteur : java.lang.IllegalStateException: Invalid hitboxes for scanline constraint calculation.","mode=ports direction=DOWN inner=DOWN wrap=MULTI_EDGE layerGap=30 rootLayerGap=90 nodeGap=24 rootPadding=12 innerRatio=3 placement=NETWORK_SIMPLEX inline=true labelLayer=MEDIAN_LAYER compaction=EDGE_LENGTH edgeLayerGap=30 edgeNodeGap=30 edgeGap=20 componentGap=60"
sequence-bout-en-bout,elk,2,,0.000,0.00,0.00,0.00,0.00,0.000,0.000,0.000,0,"moteur : java.lang.IllegalStateException: Invalid hitboxes for scanline constraint calculation.","mode=ports direction=DOWN inner=DOWN wrap=MULTI_EDGE layerGap=30 rootLayerGap=90 nodeGap=24 rootPadding=12 innerRatio=3 placement=NETWORK_SIMPLEX inline=true labelLayer=MEDIAN_LAYER compaction=EDGE_LENGTH aspectRatio=1.78 edgeLayerGap=30 edgeNodeGap=30 edgeGap=20 componentGap=60"
sequence-bout-en-bout,elk,2,,0.000,0.00,0.00,0.00,0.00,0.000,0.000,0.000,0,"moteur : java.lang.IllegalStateException: Invalid hitboxes for scanline constraint calculation.","mode=ports direction=DOWN inner=DOWN wrap=MULTI_EDGE layerGap=30 rootLayerGap=90 nodeGap=24 rootPadding=12 innerRatio=3 placement=NETWORK_SIMPLEX inline=true labelLayer=MEDIAN_LAYER compaction=EDGE_LENGTH edgeLayerGap=15 edgeNodeGap=15 edgeGap=10 componentGap=24"
sequence-bout-en-bout,elk,2,,0.000,0.00,0.00,0.00,0.00,0.000,0.000,0.000,0,"moteur : java.lang.IllegalStateException: Invalid hitboxes for scanline constraint calculation.","mode=ports direction=DOWN inner=DOWN wrap=MULTI_EDGE layerGap=30 rootLayerGap=90 nodeGap=24 rootPadding=12 innerRatio=3 placement=NETWORK_SIMPLEX inline=true labelLayer=MEDIAN_LAYER compaction=EDGE_LENGTH aspectRatio=1.78 edgeLayerGap=15 edgeNodeGap=15 edgeGap=10 componentGap=24"
sequence-bout-en-bout,elk,2,35,0.480,5.76,6.28,7.19,3.89,0.439,0.173,1.640,30,vertes,"mode=ports direction=DOWN inner=DOWN wrap=MULTI_EDGE layerGap=30 rootLayerGap=90 nodeGap=24 rootPadding=12 innerRatio=3 placement=NETWORK_SIMPLEX inline=true labelLayer=SPACE_EFFICIENT_LAYER compaction=NONE edgeLayerGap=30 edgeNodeGap=30 edgeGap=20 componentGap=60"
sequence-bout-en-bout,elk,2,36,0.480,5.76,6.28,7.19,3.89,0.439,0.173,1.640,30,vertes,"mode=ports direction=DOWN inner=DOWN wrap=MULTI_EDGE layerGap=30 rootLayerGap=90 nodeGap=24 rootPadding=12 innerRatio=3 placement=NETWORK_SIMPLEX inline=true labelLayer=SPACE_EFFICIENT_LAYER compaction=NONE aspectRatio=1.78 edgeLayerGap=30 edgeNodeGap=30 edgeGap=20 componentGap=60"
sequence-bout-en-bout,elk,2,3,0.497,5.97,6.51,7.45,4.00,0.441,0.185,1.651,30,vertes,"mode=ports direction=DOWN inner=DOWN wrap=MULTI_EDGE layerGap=30 rootLayerGap=90 nodeGap=24 rootPadding=12 innerRatio=3 placement=NETWORK_SIMPLEX inline=true labelLayer=SPACE_EFFICIENT_LAYER compaction=NONE edgeLayerGap=15 edgeNodeGap=15 edgeGap=10 componentGap=24"
sequence-bout-en-bout,elk,2,4,0.497,5.97,6.51,7.45,4.00,0.441,0.185,1.651,30,vertes,"mode=ports direction=DOWN inner=DOWN wrap=MULTI_EDGE layerGap=30 rootLayerGap=90 nodeGap=24 rootPadding=12 innerRatio=3 placement=NETWORK_SIMPLEX inline=true labelLayer=SPACE_EFFICIENT_LAYER compaction=NONE aspectRatio=1.78 edgeLayerGap=15 edgeNodeGap=15 edgeGap=10 componentGap=24"
sequence-bout-en-bout,elk,2,,0.000,0.00,0.00,0.00,0.00,0.000,0.000,0.000,0,"moteur : java.lang.IllegalStateException: Invalid hitboxes for scanline constraint calculation.","mode=ports direction=DOWN inner=DOWN wrap=MULTI_EDGE layerGap=30 rootLayerGap=90 nodeGap=24 rootPadding=12 innerRatio=3 placement=NETWORK_SIMPLEX inline=true labelLayer=SPACE_EFFICIENT_LAYER compaction=EDGE_LENGTH edgeLayerGap=30 edgeNodeGap=30 edgeGap=20 componentGap=60"
sequence-bout-en-bout,elk,2,,0.000,0.00,0.00,0.00,0.00,0.000,0.000,0.000,0,"moteur : java.lang.IllegalStateException: Invalid hitboxes for scanline constraint calculation.","mode=ports direction=DOWN inner=DOWN wrap=MULTI_EDGE layerGap=30 rootLayerGap=90 nodeGap=24 rootPadding=12 innerRatio=3 placement=NETWORK_SIMPLEX inline=true labelLayer=SPACE_EFFICIENT_LAYER compaction=EDGE_LENGTH aspectRatio=1.78 edgeLayerGap=30 edgeNodeGap=30 edgeGap=20 componentGap=60"
sequence-bout-en-bout,elk,2,,0.000,0.00,0.00,0.00,0.00,0.000,0.000,0.000,0,"moteur : java.lang.IllegalStateException: Invalid hitboxes for scanline constraint calculation.","mode=ports direction=DOWN inner=DOWN wrap=MULTI_EDGE layerGap=30 rootLayerGap=90 nodeGap=24 rootPadding=12 innerRatio=3 placement=NETWORK_SIMPLEX inline=true labelLayer=SPACE_EFFICIENT_LAYER compaction=EDGE_LENGTH edgeLayerGap=15 edgeNodeGap=15 edgeGap=10 componentGap=24"
sequence-bout-en-bout,elk,2,,0.000,0.00,0.00,0.00,0.00,0.000,0.000,0.000,0,"moteur : java.lang.IllegalStateException: Invalid hitboxes for scanline constraint calculation.","mode=ports direction=DOWN inner=DOWN wrap=MULTI_EDGE layerGap=30 rootLayerGap=90 nodeGap=24 rootPadding=12 innerRatio=3 placement=NETWORK_SIMPLEX inline=true labelLayer=SPACE_EFFICIENT_LAYER compaction=EDGE_LENGTH aspectRatio=1.78 edgeLayerGap=15 edgeNodeGap=15 edgeGap=10 componentGap=24"
sequence-bout-en-bout,elk,2,98,0.461,5.76,6.28,7.19,3.69,0.436,0.164,1.728,30,vertes,"mode=ports direction=DOWN inner=DOWN wrap=MULTI_EDGE layerGap=30 rootLayerGap=90 nodeGap=24 rootPadding=12 innerRatio=3 placement=BRANDES_KOEPF inline=false labelLayer=MEDIAN_LAYER compaction=NONE edgeLayerGap=30 edgeNodeGap=30 edgeGap=20 componentGap=60"
sequence-bout-en-bout,elk,2,99,0.461,5.76,6.28,7.19,3.69,0.436,0.164,1.728,30,vertes,"mode=ports direction=DOWN inner=DOWN wrap=MULTI_EDGE layerGap=30 rootLayerGap=90 nodeGap=24 rootPadding=12 innerRatio=3 placement=BRANDES_KOEPF inline=false labelLayer=MEDIAN_LAYER compaction=NONE aspectRatio=1.78 edgeLayerGap=30 edgeNodeGap=30 edgeGap=20 componentGap=60"
sequence-bout-en-bout,elk,2,65,0.474,5.97,6.51,7.45,3.80,0.437,0.175,1.742,30,vertes,"mode=ports direction=DOWN inner=DOWN wrap=MULTI_EDGE layerGap=30 rootLayerGap=90 nodeGap=24 rootPadding=12 innerRatio=3 placement=BRANDES_KOEPF inline=false labelLayer=MEDIAN_LAYER compaction=NONE edgeLayerGap=15 edgeNodeGap=15 edgeGap=10 componentGap=24"
sequence-bout-en-bout,elk,2,66,0.474,5.97,6.51,7.45,3.80,0.437,0.175,1.742,30,vertes,"mode=ports direction=DOWN inner=DOWN wrap=MULTI_EDGE layerGap=30 rootLayerGap=90 nodeGap=24 rootPadding=12 innerRatio=3 placement=BRANDES_KOEPF inline=false labelLayer=MEDIAN_LAYER compaction=NONE aspectRatio=1.78 edgeLayerGap=15 edgeNodeGap=15 edgeGap=10 componentGap=24"
sequence-bout-en-bout,elk,2,,0.000,0.00,0.00,0.00,0.00,0.000,0.000,0.000,0,"moteur : java.lang.IllegalStateException: Invalid hitboxes for scanline constraint calculation.","mode=ports direction=DOWN inner=DOWN wrap=MULTI_EDGE layerGap=30 rootLayerGap=90 nodeGap=24 rootPadding=12 innerRatio=3 placement=BRANDES_KOEPF inline=false labelLayer=MEDIAN_LAYER compaction=EDGE_LENGTH edgeLayerGap=30 edgeNodeGap=30 edgeGap=20 componentGap=60"
sequence-bout-en-bout,elk,2,,0.000,0.00,0.00,0.00,0.00,0.000,0.000,0.000,0,"moteur : java.lang.IllegalStateException: Invalid hitboxes for scanline constraint calculation.","mode=ports direction=DOWN inner=DOWN wrap=MULTI_EDGE layerGap=30 rootLayerGap=90 nodeGap=24 rootPadding=12 innerRatio=3 placement=BRANDES_KOEPF inline=false labelLayer=MEDIAN_LAYER compaction=EDGE_LENGTH aspectRatio=1.78 edgeLayerGap=30 edgeNodeGap=30 edgeGap=20 componentGap=60"
sequence-bout-en-bout,elk,2,,0.000,0.00,0.00,0.00,0.00,0.000,0.000,0.000,0,"moteur : java.lang.IllegalStateException: Invalid hitboxes for scanline constraint calculation.","mode=ports direction=DOWN inner=DOWN wrap=MULTI_EDGE layerGap=30 rootLayerGap=90 nodeGap=24 rootPadding=12 innerRatio=3 placement=BRANDES_KOEPF inline=false labelLayer=MEDIAN_LAYER compaction=EDGE_LENGTH edgeLayerGap=15 edgeNodeGap=15 edgeGap=10 componentGap=24"
sequence-bout-en-bout,elk,2,,0.000,0.00,0.00,0.00,0.00,0.000,0.000,0.000,0,"moteur : java.lang.IllegalStateException: Invalid hitboxes for scanline constraint calculation.","mode=ports direction=DOWN inner=DOWN wrap=MULTI_EDGE layerGap=30 rootLayerGap=90 nodeGap=24 rootPadding=12 innerRatio=3 placement=BRANDES_KOEPF inline=false labelLayer=MEDIAN_LAYER compaction=EDGE_LENGTH aspectRatio=1.78 edgeLayerGap=15 edgeNodeGap=15 edgeGap=10 componentGap=24"
sequence-bout-en-bout,elk,2,100,0.461,5.76,6.28,7.19,3.69,0.436,0.164,1.728,30,vertes,"mode=ports direction=DOWN inner=DOWN wrap=MULTI_EDGE layerGap=30 rootLayerGap=90 nodeGap=24 rootPadding=12 innerRatio=3 placement=BRANDES_KOEPF inline=false labelLayer=SPACE_EFFICIENT_LAYER compaction=NONE edgeLayerGap=30 edgeNodeGap=30 edgeGap=20 componentGap=60"
sequence-bout-en-bout,elk,2,101,0.461,5.76,6.28,7.19,3.69,0.436,0.164,1.728,30,vertes,"mode=ports direction=DOWN inner=DOWN wrap=MULTI_EDGE layerGap=30 rootLayerGap=90 nodeGap=24 rootPadding=12 innerRatio=3 placement=BRANDES_KOEPF inline=false labelLayer=SPACE_EFFICIENT_LAYER compaction=NONE aspectRatio=1.78 edgeLayerGap=30 edgeNodeGap=30 edgeGap=20 componentGap=60"
sequence-bout-en-bout,elk,2,67,0.474,5.97,6.51,7.45,3.80,0.437,0.175,1.742,30,vertes,"mode=ports direction=DOWN inner=DOWN wrap=MULTI_EDGE layerGap=30 rootLayerGap=90 nodeGap=24 rootPadding=12 innerRatio=3 placement=BRANDES_KOEPF inline=false labelLayer=SPACE_EFFICIENT_LAYER compaction=NONE edgeLayerGap=15 edgeNodeGap=15 edgeGap=10 componentGap=24"
sequence-bout-en-bout,elk,2,68,0.474,5.97,6.51,7.45,3.80,0.437,0.175,1.742,30,vertes,"mode=ports direction=DOWN inner=DOWN wrap=MULTI_EDGE layerGap=30 rootLayerGap=90 nodeGap=24 rootPadding=12 innerRatio=3 placement=BRANDES_KOEPF inline=false labelLayer=SPACE_EFFICIENT_LAYER compaction=NONE aspectRatio=1.78 edgeLayerGap=15 edgeNodeGap=15 edgeGap=10 componentGap=24"
sequence-bout-en-bout,elk,2,,0.000,0.00,0.00,0.00,0.00,0.000,0.000,0.000,0,"moteur : java.lang.IllegalStateException: Invalid hitboxes for scanline constraint calculation.","mode=ports direction=DOWN inner=DOWN wrap=MULTI_EDGE layerGap=30 rootLayerGap=90 nodeGap=24 rootPadding=12 innerRatio=3 placement=BRANDES_KOEPF inline=false labelLayer=SPACE_EFFICIENT_LAYER compaction=EDGE_LENGTH edgeLayerGap=30 edgeNodeGap=30 edgeGap=20 componentGap=60"
sequence-bout-en-bout,elk,2,,0.000,0.00,0.00,0.00,0.00,0.000,0.000,0.000,0,"moteur : java.lang.IllegalStateException: Invalid hitboxes for scanline constraint calculation.","mode=ports direction=DOWN inner=DOWN wrap=MULTI_EDGE layerGap=30 rootLayerGap=90 nodeGap=24 rootPadding=12 innerRatio=3 placement=BRANDES_KOEPF inline=false labelLayer=SPACE_EFFICIENT_LAYER compaction=EDGE_LENGTH aspectRatio=1.78 edgeLayerGap=30 edgeNodeGap=30 edgeGap=20 componentGap=60"
sequence-bout-en-bout,elk,2,,0.000,0.00,0.00,0.00,0.00,0.000,0.000,0.000,0,"moteur : java.lang.IllegalStateException: Invalid hitboxes for scanline constraint calculation.","mode=ports direction=DOWN inner=DOWN wrap=MULTI_EDGE layerGap=30 rootLayerGap=90 nodeGap=24 rootPadding=12 innerRatio=3 placement=BRANDES_KOEPF inline=false labelLayer=SPACE_EFFICIENT_LAYER compaction=EDGE_LENGTH edgeLayerGap=15 edgeNodeGap=15 edgeGap=10 componentGap=24"
sequence-bout-en-bout,elk,2,,0.000,0.00,0.00,0.00,0.00,0.000,0.000,0.000,0,"moteur : java.lang.IllegalStateException: Invalid hitboxes for scanline constraint calculation.","mode=ports direction=DOWN inner=DOWN wrap=MULTI_EDGE layerGap=30 rootLayerGap=90 nodeGap=24 rootPadding=12 innerRatio=3 placement=BRANDES_KOEPF inline=false labelLayer=SPACE_EFFICIENT_LAYER compaction=EDGE_LENGTH aspectRatio=1.78 edgeLayerGap=15 edgeNodeGap=15 edgeGap=10 componentGap=24"
sequence-bout-en-bout,elk,2,37,0.480,5.76,6.28,7.19,3.89,0.439,0.173,1.640,30,vertes,"mode=ports direction=DOWN inner=DOWN wrap=MULTI_EDGE layerGap=30 rootLayerGap=90 nodeGap=24 rootPadding=12 innerRatio=3 placement=BRANDES_KOEPF inline=true labelLayer=MEDIAN_LAYER compaction=NONE edgeLayerGap=30 edgeNodeGap=30 edgeGap=20 componentGap=60"
sequence-bout-en-bout,elk,2,38,0.480,5.76,6.28,7.19,3.89,0.439,0.173,1.640,30,vertes,"mode=ports direction=DOWN inner=DOWN wrap=MULTI_EDGE layerGap=30 rootLayerGap=90 nodeGap=24 rootPadding=12 innerRatio=3 placement=BRANDES_KOEPF inline=true labelLayer=MEDIAN_LAYER compaction=NONE aspectRatio=1.78 edgeLayerGap=30 edgeNodeGap=30 edgeGap=20 componentGap=60"
sequence-bout-en-bout,elk,2,5,0.497,5.97,6.51,7.45,4.00,0.441,0.185,1.651,30,vertes,"mode=ports direction=DOWN inner=DOWN wrap=MULTI_EDGE layerGap=30 rootLayerGap=90 nodeGap=24 rootPadding=12 innerRatio=3 placement=BRANDES_KOEPF inline=true labelLayer=MEDIAN_LAYER compaction=NONE edgeLayerGap=15 edgeNodeGap=15 edgeGap=10 componentGap=24"
sequence-bout-en-bout,elk,2,6,0.497,5.97,6.51,7.45,4.00,0.441,0.185,1.651,30,vertes,"mode=ports direction=DOWN inner=DOWN wrap=MULTI_EDGE layerGap=30 rootLayerGap=90 nodeGap=24 rootPadding=12 innerRatio=3 placement=BRANDES_KOEPF inline=true labelLayer=MEDIAN_LAYER compaction=NONE aspectRatio=1.78 edgeLayerGap=15 edgeNodeGap=15 edgeGap=10 componentGap=24"
sequence-bout-en-bout,elk,2,,0.000,0.00,0.00,0.00,0.00,0.000,0.000,0.000,0,"moteur : java.lang.IllegalStateException: Invalid hitboxes for scanline constraint calculation.","mode=ports direction=DOWN inner=DOWN wrap=MULTI_EDGE layerGap=30 rootLayerGap=90 nodeGap=24 rootPadding=12 innerRatio=3 placement=BRANDES_KOEPF inline=true labelLayer=MEDIAN_LAYER compaction=EDGE_LENGTH edgeLayerGap=30 edgeNodeGap=30 edgeGap=20 componentGap=60"
sequence-bout-en-bout,elk,2,,0.000,0.00,0.00,0.00,0.00,0.000,0.000,0.000,0,"moteur : java.lang.IllegalStateException: Invalid hitboxes for scanline constraint calculation.","mode=ports direction=DOWN inner=DOWN wrap=MULTI_EDGE layerGap=30 rootLayerGap=90 nodeGap=24 rootPadding=12 innerRatio=3 placement=BRANDES_KOEPF inline=true labelLayer=MEDIAN_LAYER compaction=EDGE_LENGTH aspectRatio=1.78 edgeLayerGap=30 edgeNodeGap=30 edgeGap=20 componentGap=60"
sequence-bout-en-bout,elk,2,,0.000,0.00,0.00,0.00,0.00,0.000,0.000,0.000,0,"moteur : java.lang.IllegalStateException: Invalid hitboxes for scanline constraint calculation.","mode=ports direction=DOWN inner=DOWN wrap=MULTI_EDGE layerGap=30 rootLayerGap=90 nodeGap=24 rootPadding=12 innerRatio=3 placement=BRANDES_KOEPF inline=true labelLayer=MEDIAN_LAYER compaction=EDGE_LENGTH edgeLayerGap=15 edgeNodeGap=15 edgeGap=10 componentGap=24"
sequence-bout-en-bout,elk,2,,0.000,0.00,0.00,0.00,0.00,0.000,0.000,0.000,0,"moteur : java.lang.IllegalStateException: Invalid hitboxes for scanline constraint calculation.","mode=ports direction=DOWN inner=DOWN wrap=MULTI_EDGE layerGap=30 rootLayerGap=90 nodeGap=24 rootPadding=12 innerRatio=3 placement=BRANDES_KOEPF inline=true labelLayer=MEDIAN_LAYER compaction=EDGE_LENGTH aspectRatio=1.78 edgeLayerGap=15 edgeNodeGap=15 edgeGap=10 componentGap=24"
sequence-bout-en-bout,elk,2,39,0.480,5.76,6.28,7.19,3.89,0.439,0.173,1.640,30,vertes,"mode=ports direction=DOWN inner=DOWN wrap=MULTI_EDGE layerGap=30 rootLayerGap=90 nodeGap=24 rootPadding=12 innerRatio=3 placement=BRANDES_KOEPF inline=true labelLayer=SPACE_EFFICIENT_LAYER compaction=NONE edgeLayerGap=30 edgeNodeGap=30 edgeGap=20 componentGap=60"
sequence-bout-en-bout,elk,2,40,0.480,5.76,6.28,7.19,3.89,0.439,0.173,1.640,30,vertes,"mode=ports direction=DOWN inner=DOWN wrap=MULTI_EDGE layerGap=30 rootLayerGap=90 nodeGap=24 rootPadding=12 innerRatio=3 placement=BRANDES_KOEPF inline=true labelLayer=SPACE_EFFICIENT_LAYER compaction=NONE aspectRatio=1.78 edgeLayerGap=30 edgeNodeGap=30 edgeGap=20 componentGap=60"
sequence-bout-en-bout,elk,2,7,0.497,5.97,6.51,7.45,4.00,0.441,0.185,1.651,30,vertes,"mode=ports direction=DOWN inner=DOWN wrap=MULTI_EDGE layerGap=30 rootLayerGap=90 nodeGap=24 rootPadding=12 innerRatio=3 placement=BRANDES_KOEPF inline=true labelLayer=SPACE_EFFICIENT_LAYER compaction=NONE edgeLayerGap=15 edgeNodeGap=15 edgeGap=10 componentGap=24"
sequence-bout-en-bout,elk,2,8,0.497,5.97,6.51,7.45,4.00,0.441,0.185,1.651,30,vertes,"mode=ports direction=DOWN inner=DOWN wrap=MULTI_EDGE layerGap=30 rootLayerGap=90 nodeGap=24 rootPadding=12 innerRatio=3 placement=BRANDES_KOEPF inline=true labelLayer=SPACE_EFFICIENT_LAYER compaction=NONE aspectRatio=1.78 edgeLayerGap=15 edgeNodeGap=15 edgeGap=10 componentGap=24"
sequence-bout-en-bout,elk,2,,0.000,0.00,0.00,0.00,0.00,0.000,0.000,0.000,0,"moteur : java.lang.IllegalStateException: Invalid hitboxes for scanline constraint calculation.","mode=ports direction=DOWN inner=DOWN wrap=MULTI_EDGE layerGap=30 rootLayerGap=90 nodeGap=24 rootPadding=12 innerRatio=3 placement=BRANDES_KOEPF inline=true labelLayer=SPACE_EFFICIENT_LAYER compaction=EDGE_LENGTH edgeLayerGap=30 edgeNodeGap=30 edgeGap=20 componentGap=60"
sequence-bout-en-bout,elk,2,,0.000,0.00,0.00,0.00,0.00,0.000,0.000,0.000,0,"moteur : java.lang.IllegalStateException: Invalid hitboxes for scanline constraint calculation.","mode=ports direction=DOWN inner=DOWN wrap=MULTI_EDGE layerGap=30 rootLayerGap=90 nodeGap=24 rootPadding=12 innerRatio=3 placement=BRANDES_KOEPF inline=true labelLayer=SPACE_EFFICIENT_LAYER compaction=EDGE_LENGTH aspectRatio=1.78 edgeLayerGap=30 edgeNodeGap=30 edgeGap=20 componentGap=60"
sequence-bout-en-bout,elk,2,,0.000,0.00,0.00,0.00,0.00,0.000,0.000,0.000,0,"moteur : java.lang.IllegalStateException: Invalid hitboxes for scanline constraint calculation.","mode=ports direction=DOWN inner=DOWN wrap=MULTI_EDGE layerGap=30 rootLayerGap=90 nodeGap=24 rootPadding=12 innerRatio=3 placement=BRANDES_KOEPF inline=true labelLayer=SPACE_EFFICIENT_LAYER compaction=EDGE_LENGTH edgeLayerGap=15 edgeNodeGap=15 edgeGap=10 componentGap=24"
sequence-bout-en-bout,elk,2,,0.000,0.00,0.00,0.00,0.00,0.000,0.000,0.000,0,"moteur : java.lang.IllegalStateException: Invalid hitboxes for scanline constraint calculation.","mode=ports direction=DOWN inner=DOWN wrap=MULTI_EDGE layerGap=30 rootLayerGap=90 nodeGap=24 rootPadding=12 innerRatio=3 placement=BRANDES_KOEPF inline=true labelLayer=SPACE_EFFICIENT_LAYER compaction=EDGE_LENGTH aspectRatio=1.78 edgeLayerGap=15 edgeNodeGap=15 edgeGap=10 componentGap=24"
sequence-bout-en-bout,elk,2,129,0.448,5.38,5.87,6.72,3.65,0.440,0.152,1.630,60,vertes,"mode=ports direction=DOWN inner=DOWN wrap=MULTI_EDGE layerGap=30 rootLayerGap=90 nodeGap=24 rootPadding=12 innerRatio=3 placement=LINEAR_SEGMENTS inline=false labelLayer=MEDIAN_LAYER compaction=NONE edgeLayerGap=30 edgeNodeGap=30 edgeGap=20 componentGap=60"
sequence-bout-en-bout,elk,2,130,0.448,5.38,5.87,6.72,3.65,0.440,0.152,1.630,60,vertes,"mode=ports direction=DOWN inner=DOWN wrap=MULTI_EDGE layerGap=30 rootLayerGap=90 nodeGap=24 rootPadding=12 innerRatio=3 placement=LINEAR_SEGMENTS inline=false labelLayer=MEDIAN_LAYER compaction=NONE aspectRatio=1.78 edgeLayerGap=30 edgeNodeGap=30 edgeGap=20 componentGap=60"
sequence-bout-en-bout,elk,2,81,0.469,5.97,6.51,7.45,3.76,0.434,0.173,1.761,60,vertes,"mode=ports direction=DOWN inner=DOWN wrap=MULTI_EDGE layerGap=30 rootLayerGap=90 nodeGap=24 rootPadding=12 innerRatio=3 placement=LINEAR_SEGMENTS inline=false labelLayer=MEDIAN_LAYER compaction=NONE edgeLayerGap=15 edgeNodeGap=15 edgeGap=10 componentGap=24"
sequence-bout-en-bout,elk,2,82,0.469,5.97,6.51,7.45,3.76,0.434,0.173,1.761,60,vertes,"mode=ports direction=DOWN inner=DOWN wrap=MULTI_EDGE layerGap=30 rootLayerGap=90 nodeGap=24 rootPadding=12 innerRatio=3 placement=LINEAR_SEGMENTS inline=false labelLayer=MEDIAN_LAYER compaction=NONE aspectRatio=1.78 edgeLayerGap=15 edgeNodeGap=15 edgeGap=10 componentGap=24"
sequence-bout-en-bout,elk,2,,0.000,0.00,0.00,0.00,0.00,0.000,0.000,0.000,0,"moteur : java.lang.IllegalStateException: Invalid hitboxes for scanline constraint calculation.","mode=ports direction=DOWN inner=DOWN wrap=MULTI_EDGE layerGap=30 rootLayerGap=90 nodeGap=24 rootPadding=12 innerRatio=3 placement=LINEAR_SEGMENTS inline=false labelLayer=MEDIAN_LAYER compaction=EDGE_LENGTH edgeLayerGap=30 edgeNodeGap=30 edgeGap=20 componentGap=60"
sequence-bout-en-bout,elk,2,,0.000,0.00,0.00,0.00,0.00,0.000,0.000,0.000,0,"moteur : java.lang.IllegalStateException: Invalid hitboxes for scanline constraint calculation.","mode=ports direction=DOWN inner=DOWN wrap=MULTI_EDGE layerGap=30 rootLayerGap=90 nodeGap=24 rootPadding=12 innerRatio=3 placement=LINEAR_SEGMENTS inline=false labelLayer=MEDIAN_LAYER compaction=EDGE_LENGTH aspectRatio=1.78 edgeLayerGap=30 edgeNodeGap=30 edgeGap=20 componentGap=60"
sequence-bout-en-bout,elk,2,,0.000,0.00,0.00,0.00,0.00,0.000,0.000,0.000,0,"moteur : java.lang.IllegalStateException: Invalid hitboxes for scanline constraint calculation.","mode=ports direction=DOWN inner=DOWN wrap=MULTI_EDGE layerGap=30 rootLayerGap=90 nodeGap=24 rootPadding=12 innerRatio=3 placement=LINEAR_SEGMENTS inline=false labelLayer=MEDIAN_LAYER compaction=EDGE_LENGTH edgeLayerGap=15 edgeNodeGap=15 edgeGap=10 componentGap=24"
sequence-bout-en-bout,elk,2,,0.000,0.00,0.00,0.00,0.00,0.000,0.000,0.000,0,"moteur : java.lang.IllegalStateException: Invalid hitboxes for scanline constraint calculation.","mode=ports direction=DOWN inner=DOWN wrap=MULTI_EDGE layerGap=30 rootLayerGap=90 nodeGap=24 rootPadding=12 innerRatio=3 placement=LINEAR_SEGMENTS inline=false labelLayer=MEDIAN_LAYER compaction=EDGE_LENGTH aspectRatio=1.78 edgeLayerGap=15 edgeNodeGap=15 edgeGap=10 componentGap=24"
sequence-bout-en-bout,elk,2,131,0.448,5.38,5.87,6.72,3.65,0.440,0.152,1.630,60,vertes,"mode=ports direction=DOWN inner=DOWN wrap=MULTI_EDGE layerGap=30 rootLayerGap=90 nodeGap=24 rootPadding=12 innerRatio=3 placement=LINEAR_SEGMENTS inline=false labelLayer=SPACE_EFFICIENT_LAYER compaction=NONE edgeLayerGap=30 edgeNodeGap=30 edgeGap=20 componentGap=60"
sequence-bout-en-bout,elk,2,132,0.448,5.38,5.87,6.72,3.65,0.440,0.152,1.630,60,vertes,"mode=ports direction=DOWN inner=DOWN wrap=MULTI_EDGE layerGap=30 rootLayerGap=90 nodeGap=24 rootPadding=12 innerRatio=3 placement=LINEAR_SEGMENTS inline=false labelLayer=SPACE_EFFICIENT_LAYER compaction=NONE aspectRatio=1.78 edgeLayerGap=30 edgeNodeGap=30 edgeGap=20 componentGap=60"
sequence-bout-en-bout,elk,2,83,0.469,5.97,6.51,7.45,3.76,0.434,0.173,1.761,60,vertes,"mode=ports direction=DOWN inner=DOWN wrap=MULTI_EDGE layerGap=30 rootLayerGap=90 nodeGap=24 rootPadding=12 innerRatio=3 placement=LINEAR_SEGMENTS inline=false labelLayer=SPACE_EFFICIENT_LAYER compaction=NONE edgeLayerGap=15 edgeNodeGap=15 edgeGap=10 componentGap=24"
sequence-bout-en-bout,elk,2,84,0.469,5.97,6.51,7.45,3.76,0.434,0.173,1.761,60,vertes,"mode=ports direction=DOWN inner=DOWN wrap=MULTI_EDGE layerGap=30 rootLayerGap=90 nodeGap=24 rootPadding=12 innerRatio=3 placement=LINEAR_SEGMENTS inline=false labelLayer=SPACE_EFFICIENT_LAYER compaction=NONE aspectRatio=1.78 edgeLayerGap=15 edgeNodeGap=15 edgeGap=10 componentGap=24"
sequence-bout-en-bout,elk,2,,0.000,0.00,0.00,0.00,0.00,0.000,0.000,0.000,0,"moteur : java.lang.IllegalStateException: Invalid hitboxes for scanline constraint calculation.","mode=ports direction=DOWN inner=DOWN wrap=MULTI_EDGE layerGap=30 rootLayerGap=90 nodeGap=24 rootPadding=12 innerRatio=3 placement=LINEAR_SEGMENTS inline=false labelLayer=SPACE_EFFICIENT_LAYER compaction=EDGE_LENGTH edgeLayerGap=30 edgeNodeGap=30 edgeGap=20 componentGap=60"
sequence-bout-en-bout,elk,2,,0.000,0.00,0.00,0.00,0.00,0.000,0.000,0.000,0,"moteur : java.lang.IllegalStateException: Invalid hitboxes for scanline constraint calculation.","mode=ports direction=DOWN inner=DOWN wrap=MULTI_EDGE layerGap=30 rootLayerGap=90 nodeGap=24 rootPadding=12 innerRatio=3 placement=LINEAR_SEGMENTS inline=false labelLayer=SPACE_EFFICIENT_LAYER compaction=EDGE_LENGTH aspectRatio=1.78 edgeLayerGap=30 edgeNodeGap=30 edgeGap=20 componentGap=60"
sequence-bout-en-bout,elk,2,,0.000,0.00,0.00,0.00,0.00,0.000,0.000,0.000,0,"moteur : java.lang.IllegalStateException: Invalid hitboxes for scanline constraint calculation.","mode=ports direction=DOWN inner=DOWN wrap=MULTI_EDGE layerGap=30 rootLayerGap=90 nodeGap=24 rootPadding=12 innerRatio=3 placement=LINEAR_SEGMENTS inline=false labelLayer=SPACE_EFFICIENT_LAYER compaction=EDGE_LENGTH edgeLayerGap=15 edgeNodeGap=15 edgeGap=10 componentGap=24"
sequence-bout-en-bout,elk,2,,0.000,0.00,0.00,0.00,0.00,0.000,0.000,0.000,0,"moteur : java.lang.IllegalStateException: Invalid hitboxes for scanline constraint calculation.","mode=ports direction=DOWN inner=DOWN wrap=MULTI_EDGE layerGap=30 rootLayerGap=90 nodeGap=24 rootPadding=12 innerRatio=3 placement=LINEAR_SEGMENTS inline=false labelLayer=SPACE_EFFICIENT_LAYER compaction=EDGE_LENGTH aspectRatio=1.78 edgeLayerGap=15 edgeNodeGap=15 edgeGap=10 componentGap=24"
sequence-bout-en-bout,elk,2,121,0.448,5.38,5.87,6.72,3.77,0.442,0.157,1.580,58,vertes,"mode=ports direction=DOWN inner=DOWN wrap=MULTI_EDGE layerGap=30 rootLayerGap=90 nodeGap=24 rootPadding=12 innerRatio=3 placement=LINEAR_SEGMENTS inline=true labelLayer=MEDIAN_LAYER compaction=NONE edgeLayerGap=30 edgeNodeGap=30 edgeGap=20 componentGap=60"
sequence-bout-en-bout,elk,2,122,0.448,5.38,5.87,6.72,3.77,0.442,0.157,1.580,58,vertes,"mode=ports direction=DOWN inner=DOWN wrap=MULTI_EDGE layerGap=30 rootLayerGap=90 nodeGap=24 rootPadding=12 innerRatio=3 placement=LINEAR_SEGMENTS inline=true labelLayer=MEDIAN_LAYER compaction=NONE aspectRatio=1.78 edgeLayerGap=30 edgeNodeGap=30 edgeGap=20 componentGap=60"
sequence-bout-en-bout,elk,2,29,0.484,5.97,6.51,7.45,3.87,0.441,0.179,1.707,58,vertes,"mode=ports direction=DOWN inner=DOWN wrap=MULTI_EDGE layerGap=30 rootLayerGap=90 nodeGap=24 rootPadding=12 innerRatio=3 placement=LINEAR_SEGMENTS inline=true labelLayer=MEDIAN_LAYER compaction=NONE edgeLayerGap=15 edgeNodeGap=15 edgeGap=10 componentGap=24"
sequence-bout-en-bout,elk,2,30,0.484,5.97,6.51,7.45,3.87,0.441,0.179,1.707,58,vertes,"mode=ports direction=DOWN inner=DOWN wrap=MULTI_EDGE layerGap=30 rootLayerGap=90 nodeGap=24 rootPadding=12 innerRatio=3 placement=LINEAR_SEGMENTS inline=true labelLayer=MEDIAN_LAYER compaction=NONE aspectRatio=1.78 edgeLayerGap=15 edgeNodeGap=15 edgeGap=10 componentGap=24"
sequence-bout-en-bout,elk,2,,0.000,0.00,0.00,0.00,0.00,0.000,0.000,0.000,0,"moteur : java.lang.IllegalStateException: Invalid hitboxes for scanline constraint calculation.","mode=ports direction=DOWN inner=DOWN wrap=MULTI_EDGE layerGap=30 rootLayerGap=90 nodeGap=24 rootPadding=12 innerRatio=3 placement=LINEAR_SEGMENTS inline=true labelLayer=MEDIAN_LAYER compaction=EDGE_LENGTH edgeLayerGap=30 edgeNodeGap=30 edgeGap=20 componentGap=60"
sequence-bout-en-bout,elk,2,,0.000,0.00,0.00,0.00,0.00,0.000,0.000,0.000,0,"moteur : java.lang.IllegalStateException: Invalid hitboxes for scanline constraint calculation.","mode=ports direction=DOWN inner=DOWN wrap=MULTI_EDGE layerGap=30 rootLayerGap=90 nodeGap=24 rootPadding=12 innerRatio=3 placement=LINEAR_SEGMENTS inline=true labelLayer=MEDIAN_LAYER compaction=EDGE_LENGTH aspectRatio=1.78 edgeLayerGap=30 edgeNodeGap=30 edgeGap=20 componentGap=60"
sequence-bout-en-bout,elk,2,,0.000,0.00,0.00,0.00,0.00,0.000,0.000,0.000,0,"moteur : java.lang.IllegalStateException: Invalid hitboxes for scanline constraint calculation.","mode=ports direction=DOWN inner=DOWN wrap=MULTI_EDGE layerGap=30 rootLayerGap=90 nodeGap=24 rootPadding=12 innerRatio=3 placement=LINEAR_SEGMENTS inline=true labelLayer=MEDIAN_LAYER compaction=EDGE_LENGTH edgeLayerGap=15 edgeNodeGap=15 edgeGap=10 componentGap=24"
sequence-bout-en-bout,elk,2,,0.000,0.00,0.00,0.00,0.00,0.000,0.000,0.000,0,"moteur : java.lang.IllegalStateException: Invalid hitboxes for scanline constraint calculation.","mode=ports direction=DOWN inner=DOWN wrap=MULTI_EDGE layerGap=30 rootLayerGap=90 nodeGap=24 rootPadding=12 innerRatio=3 placement=LINEAR_SEGMENTS inline=true labelLayer=MEDIAN_LAYER compaction=EDGE_LENGTH aspectRatio=1.78 edgeLayerGap=15 edgeNodeGap=15 edgeGap=10 componentGap=24"
sequence-bout-en-bout,elk,2,123,0.448,5.38,5.87,6.72,3.77,0.442,0.157,1.580,58,vertes,"mode=ports direction=DOWN inner=DOWN wrap=MULTI_EDGE layerGap=30 rootLayerGap=90 nodeGap=24 rootPadding=12 innerRatio=3 placement=LINEAR_SEGMENTS inline=true labelLayer=SPACE_EFFICIENT_LAYER compaction=NONE edgeLayerGap=30 edgeNodeGap=30 edgeGap=20 componentGap=60"
sequence-bout-en-bout,elk,2,124,0.448,5.38,5.87,6.72,3.77,0.442,0.157,1.580,58,vertes,"mode=ports direction=DOWN inner=DOWN wrap=MULTI_EDGE layerGap=30 rootLayerGap=90 nodeGap=24 rootPadding=12 innerRatio=3 placement=LINEAR_SEGMENTS inline=true labelLayer=SPACE_EFFICIENT_LAYER compaction=NONE aspectRatio=1.78 edgeLayerGap=30 edgeNodeGap=30 edgeGap=20 componentGap=60"
sequence-bout-en-bout,elk,2,31,0.484,5.97,6.51,7.45,3.87,0.441,0.179,1.707,58,vertes,"mode=ports direction=DOWN inner=DOWN wrap=MULTI_EDGE layerGap=30 rootLayerGap=90 nodeGap=24 rootPadding=12 innerRatio=3 placement=LINEAR_SEGMENTS inline=true labelLayer=SPACE_EFFICIENT_LAYER compaction=NONE edgeLayerGap=15 edgeNodeGap=15 edgeGap=10 componentGap=24"
sequence-bout-en-bout,elk,2,32,0.484,5.97,6.51,7.45,3.87,0.441,0.179,1.707,58,vertes,"mode=ports direction=DOWN inner=DOWN wrap=MULTI_EDGE layerGap=30 rootLayerGap=90 nodeGap=24 rootPadding=12 innerRatio=3 placement=LINEAR_SEGMENTS inline=true labelLayer=SPACE_EFFICIENT_LAYER compaction=NONE aspectRatio=1.78 edgeLayerGap=15 edgeNodeGap=15 edgeGap=10 componentGap=24"
sequence-bout-en-bout,elk,2,,0.000,0.00,0.00,0.00,0.00,0.000,0.000,0.000,0,"moteur : java.lang.IllegalStateException: Invalid hitboxes for scanline constraint calculation.","mode=ports direction=DOWN inner=DOWN wrap=MULTI_EDGE layerGap=30 rootLayerGap=90 nodeGap=24 rootPadding=12 innerRatio=3 placement=LINEAR_SEGMENTS inline=true labelLayer=SPACE_EFFICIENT_LAYER compaction=EDGE_LENGTH edgeLayerGap=30 edgeNodeGap=30 edgeGap=20 componentGap=60"
sequence-bout-en-bout,elk,2,,0.000,0.00,0.00,0.00,0.00,0.000,0.000,0.000,0,"moteur : java.lang.IllegalStateException: Invalid hitboxes for scanline constraint calculation.","mode=ports direction=DOWN inner=DOWN wrap=MULTI_EDGE layerGap=30 rootLayerGap=90 nodeGap=24 rootPadding=12 innerRatio=3 placement=LINEAR_SEGMENTS inline=true labelLayer=SPACE_EFFICIENT_LAYER compaction=EDGE_LENGTH aspectRatio=1.78 edgeLayerGap=30 edgeNodeGap=30 edgeGap=20 componentGap=60"
sequence-bout-en-bout,elk,2,,0.000,0.00,0.00,0.00,0.00,0.000,0.000,0.000,0,"moteur : java.lang.IllegalStateException: Invalid hitboxes for scanline constraint calculation.","mode=ports direction=DOWN inner=DOWN wrap=MULTI_EDGE layerGap=30 rootLayerGap=90 nodeGap=24 rootPadding=12 innerRatio=3 placement=LINEAR_SEGMENTS inline=true labelLayer=SPACE_EFFICIENT_LAYER compaction=EDGE_LENGTH edgeLayerGap=15 edgeNodeGap=15 edgeGap=10 componentGap=24"
sequence-bout-en-bout,elk,2,,0.000,0.00,0.00,0.00,0.00,0.000,0.000,0.000,0,"moteur : java.lang.IllegalStateException: Invalid hitboxes for scanline constraint calculation.","mode=ports direction=DOWN inner=DOWN wrap=MULTI_EDGE layerGap=30 rootLayerGap=90 nodeGap=24 rootPadding=12 innerRatio=3 placement=LINEAR_SEGMENTS inline=true labelLayer=SPACE_EFFICIENT_LAYER compaction=EDGE_LENGTH aspectRatio=1.78 edgeLayerGap=15 edgeNodeGap=15 edgeGap=10 componentGap=24"
sequence-bout-en-bout,elk,2,103,0.460,5.76,6.28,7.19,3.68,0.574,0.164,1.733,30,vertes,"mode=ports direction=DOWN inner=DOWN wrap=MULTI_EDGE layerGap=30 rootLayerGap=90 nodeGap=24 rootPadding=12 innerRatio=2 placement=NETWORK_SIMPLEX inline=false labelLayer=MEDIAN_LAYER compaction=NONE edgeLayerGap=30 edgeNodeGap=30 edgeGap=20 componentGap=60"
sequence-bout-en-bout,elk,2,104,0.460,5.76,6.28,7.19,3.68,0.574,0.164,1.733,30,vertes,"mode=ports direction=DOWN inner=DOWN wrap=MULTI_EDGE layerGap=30 rootLayerGap=90 nodeGap=24 rootPadding=12 innerRatio=2 placement=NETWORK_SIMPLEX inline=false labelLayer=MEDIAN_LAYER compaction=NONE aspectRatio=1.78 edgeLayerGap=30 edgeNodeGap=30 edgeGap=20 componentGap=60"
sequence-bout-en-bout,elk,2,73,0.473,5.97,6.51,7.45,3.78,0.570,0.174,1.748,30,vertes,"mode=ports direction=DOWN inner=DOWN wrap=MULTI_EDGE layerGap=30 rootLayerGap=90 nodeGap=24 rootPadding=12 innerRatio=2 placement=NETWORK_SIMPLEX inline=false labelLayer=MEDIAN_LAYER compaction=NONE edgeLayerGap=15 edgeNodeGap=15 edgeGap=10 componentGap=24"
sequence-bout-en-bout,elk,2,74,0.473,5.97,6.51,7.45,3.78,0.570,0.174,1.748,30,vertes,"mode=ports direction=DOWN inner=DOWN wrap=MULTI_EDGE layerGap=30 rootLayerGap=90 nodeGap=24 rootPadding=12 innerRatio=2 placement=NETWORK_SIMPLEX inline=false labelLayer=MEDIAN_LAYER compaction=NONE aspectRatio=1.78 edgeLayerGap=15 edgeNodeGap=15 edgeGap=10 componentGap=24"
sequence-bout-en-bout,elk,2,,0.000,0.00,0.00,0.00,0.00,0.000,0.000,0.000,0,"moteur : java.lang.IllegalStateException: Invalid hitboxes for scanline constraint calculation.","mode=ports direction=DOWN inner=DOWN wrap=MULTI_EDGE layerGap=30 rootLayerGap=90 nodeGap=24 rootPadding=12 innerRatio=2 placement=NETWORK_SIMPLEX inline=false labelLayer=MEDIAN_LAYER compaction=EDGE_LENGTH edgeLayerGap=30 edgeNodeGap=30 edgeGap=20 componentGap=60"
sequence-bout-en-bout,elk,2,,0.000,0.00,0.00,0.00,0.00,0.000,0.000,0.000,0,"moteur : java.lang.IllegalStateException: Invalid hitboxes for scanline constraint calculation.","mode=ports direction=DOWN inner=DOWN wrap=MULTI_EDGE layerGap=30 rootLayerGap=90 nodeGap=24 rootPadding=12 innerRatio=2 placement=NETWORK_SIMPLEX inline=false labelLayer=MEDIAN_LAYER compaction=EDGE_LENGTH aspectRatio=1.78 edgeLayerGap=30 edgeNodeGap=30 edgeGap=20 componentGap=60"
sequence-bout-en-bout,elk,2,,0.000,0.00,0.00,0.00,0.00,0.000,0.000,0.000,0,"moteur : java.lang.IllegalStateException: Invalid hitboxes for scanline constraint calculation.","mode=ports direction=DOWN inner=DOWN wrap=MULTI_EDGE layerGap=30 rootLayerGap=90 nodeGap=24 rootPadding=12 innerRatio=2 placement=NETWORK_SIMPLEX inline=false labelLayer=MEDIAN_LAYER compaction=EDGE_LENGTH edgeLayerGap=15 edgeNodeGap=15 edgeGap=10 componentGap=24"
sequence-bout-en-bout,elk,2,,0.000,0.00,0.00,0.00,0.00,0.000,0.000,0.000,0,"moteur : java.lang.IllegalStateException: Invalid hitboxes for scanline constraint calculation.","mode=ports direction=DOWN inner=DOWN wrap=MULTI_EDGE layerGap=30 rootLayerGap=90 nodeGap=24 rootPadding=12 innerRatio=2 placement=NETWORK_SIMPLEX inline=false labelLayer=MEDIAN_LAYER compaction=EDGE_LENGTH aspectRatio=1.78 edgeLayerGap=15 edgeNodeGap=15 edgeGap=10 componentGap=24"
sequence-bout-en-bout,elk,2,105,0.460,5.76,6.28,7.19,3.68,0.574,0.164,1.733,30,vertes,"mode=ports direction=DOWN inner=DOWN wrap=MULTI_EDGE layerGap=30 rootLayerGap=90 nodeGap=24 rootPadding=12 innerRatio=2 placement=NETWORK_SIMPLEX inline=false labelLayer=SPACE_EFFICIENT_LAYER compaction=NONE edgeLayerGap=30 edgeNodeGap=30 edgeGap=20 componentGap=60"
sequence-bout-en-bout,elk,2,106,0.460,5.76,6.28,7.19,3.68,0.574,0.164,1.733,30,vertes,"mode=ports direction=DOWN inner=DOWN wrap=MULTI_EDGE layerGap=30 rootLayerGap=90 nodeGap=24 rootPadding=12 innerRatio=2 placement=NETWORK_SIMPLEX inline=false labelLayer=SPACE_EFFICIENT_LAYER compaction=NONE aspectRatio=1.78 edgeLayerGap=30 edgeNodeGap=30 edgeGap=20 componentGap=60"
sequence-bout-en-bout,elk,2,75,0.473,5.97,6.51,7.45,3.78,0.570,0.174,1.748,30,vertes,"mode=ports direction=DOWN inner=DOWN wrap=MULTI_EDGE layerGap=30 rootLayerGap=90 nodeGap=24 rootPadding=12 innerRatio=2 placement=NETWORK_SIMPLEX inline=false labelLayer=SPACE_EFFICIENT_LAYER compaction=NONE edgeLayerGap=15 edgeNodeGap=15 edgeGap=10 componentGap=24"
sequence-bout-en-bout,elk,2,76,0.473,5.97,6.51,7.45,3.78,0.570,0.174,1.748,30,vertes,"mode=ports direction=DOWN inner=DOWN wrap=MULTI_EDGE layerGap=30 rootLayerGap=90 nodeGap=24 rootPadding=12 innerRatio=2 placement=NETWORK_SIMPLEX inline=false labelLayer=SPACE_EFFICIENT_LAYER compaction=NONE aspectRatio=1.78 edgeLayerGap=15 edgeNodeGap=15 edgeGap=10 componentGap=24"
sequence-bout-en-bout,elk,2,,0.000,0.00,0.00,0.00,0.00,0.000,0.000,0.000,0,"moteur : java.lang.IllegalStateException: Invalid hitboxes for scanline constraint calculation.","mode=ports direction=DOWN inner=DOWN wrap=MULTI_EDGE layerGap=30 rootLayerGap=90 nodeGap=24 rootPadding=12 innerRatio=2 placement=NETWORK_SIMPLEX inline=false labelLayer=SPACE_EFFICIENT_LAYER compaction=EDGE_LENGTH edgeLayerGap=30 edgeNodeGap=30 edgeGap=20 componentGap=60"
sequence-bout-en-bout,elk,2,,0.000,0.00,0.00,0.00,0.00,0.000,0.000,0.000,0,"moteur : java.lang.IllegalStateException: Invalid hitboxes for scanline constraint calculation.","mode=ports direction=DOWN inner=DOWN wrap=MULTI_EDGE layerGap=30 rootLayerGap=90 nodeGap=24 rootPadding=12 innerRatio=2 placement=NETWORK_SIMPLEX inline=false labelLayer=SPACE_EFFICIENT_LAYER compaction=EDGE_LENGTH aspectRatio=1.78 edgeLayerGap=30 edgeNodeGap=30 edgeGap=20 componentGap=60"
sequence-bout-en-bout,elk,2,,0.000,0.00,0.00,0.00,0.00,0.000,0.000,0.000,0,"moteur : java.lang.IllegalStateException: Invalid hitboxes for scanline constraint calculation.","mode=ports direction=DOWN inner=DOWN wrap=MULTI_EDGE layerGap=30 rootLayerGap=90 nodeGap=24 rootPadding=12 innerRatio=2 placement=NETWORK_SIMPLEX inline=false labelLayer=SPACE_EFFICIENT_LAYER compaction=EDGE_LENGTH edgeLayerGap=15 edgeNodeGap=15 edgeGap=10 componentGap=24"
sequence-bout-en-bout,elk,2,,0.000,0.00,0.00,0.00,0.00,0.000,0.000,0.000,0,"moteur : java.lang.IllegalStateException: Invalid hitboxes for scanline constraint calculation.","mode=ports direction=DOWN inner=DOWN wrap=MULTI_EDGE layerGap=30 rootLayerGap=90 nodeGap=24 rootPadding=12 innerRatio=2 placement=NETWORK_SIMPLEX inline=false labelLayer=SPACE_EFFICIENT_LAYER compaction=EDGE_LENGTH aspectRatio=1.78 edgeLayerGap=15 edgeNodeGap=15 edgeGap=10 componentGap=24"
sequence-bout-en-bout,elk,2,49,0.480,5.76,6.28,7.19,3.89,0.576,0.173,1.640,30,vertes,"mode=ports direction=DOWN inner=DOWN wrap=MULTI_EDGE layerGap=30 rootLayerGap=90 nodeGap=24 rootPadding=12 innerRatio=2 placement=NETWORK_SIMPLEX inline=true labelLayer=MEDIAN_LAYER compaction=NONE edgeLayerGap=30 edgeNodeGap=30 edgeGap=20 componentGap=60"
sequence-bout-en-bout,elk,2,50,0.480,5.76,6.28,7.19,3.89,0.576,0.173,1.640,30,vertes,"mode=ports direction=DOWN inner=DOWN wrap=MULTI_EDGE layerGap=30 rootLayerGap=90 nodeGap=24 rootPadding=12 innerRatio=2 placement=NETWORK_SIMPLEX inline=true labelLayer=MEDIAN_LAYER compaction=NONE aspectRatio=1.78 edgeLayerGap=30 edgeNodeGap=30 edgeGap=20 componentGap=60"
sequence-bout-en-bout,elk,2,9,0.497,5.97,6.51,7.45,4.00,0.572,0.185,1.651,30,vertes,"mode=ports direction=DOWN inner=DOWN wrap=MULTI_EDGE layerGap=30 rootLayerGap=90 nodeGap=24 rootPadding=12 innerRatio=2 placement=NETWORK_SIMPLEX inline=true labelLayer=MEDIAN_LAYER compaction=NONE edgeLayerGap=15 edgeNodeGap=15 edgeGap=10 componentGap=24"
sequence-bout-en-bout,elk,2,10,0.497,5.97,6.51,7.45,4.00,0.572,0.185,1.651,30,vertes,"mode=ports direction=DOWN inner=DOWN wrap=MULTI_EDGE layerGap=30 rootLayerGap=90 nodeGap=24 rootPadding=12 innerRatio=2 placement=NETWORK_SIMPLEX inline=true labelLayer=MEDIAN_LAYER compaction=NONE aspectRatio=1.78 edgeLayerGap=15 edgeNodeGap=15 edgeGap=10 componentGap=24"
sequence-bout-en-bout,elk,2,,0.000,0.00,0.00,0.00,0.00,0.000,0.000,0.000,0,"moteur : java.lang.IllegalStateException: Invalid hitboxes for scanline constraint calculation.","mode=ports direction=DOWN inner=DOWN wrap=MULTI_EDGE layerGap=30 rootLayerGap=90 nodeGap=24 rootPadding=12 innerRatio=2 placement=NETWORK_SIMPLEX inline=true labelLayer=MEDIAN_LAYER compaction=EDGE_LENGTH edgeLayerGap=30 edgeNodeGap=30 edgeGap=20 componentGap=60"
sequence-bout-en-bout,elk,2,,0.000,0.00,0.00,0.00,0.00,0.000,0.000,0.000,0,"moteur : java.lang.IllegalStateException: Invalid hitboxes for scanline constraint calculation.","mode=ports direction=DOWN inner=DOWN wrap=MULTI_EDGE layerGap=30 rootLayerGap=90 nodeGap=24 rootPadding=12 innerRatio=2 placement=NETWORK_SIMPLEX inline=true labelLayer=MEDIAN_LAYER compaction=EDGE_LENGTH aspectRatio=1.78 edgeLayerGap=30 edgeNodeGap=30 edgeGap=20 componentGap=60"
sequence-bout-en-bout,elk,2,,0.000,0.00,0.00,0.00,0.00,0.000,0.000,0.000,0,"moteur : java.lang.IllegalStateException: Invalid hitboxes for scanline constraint calculation.","mode=ports direction=DOWN inner=DOWN wrap=MULTI_EDGE layerGap=30 rootLayerGap=90 nodeGap=24 rootPadding=12 innerRatio=2 placement=NETWORK_SIMPLEX inline=true labelLayer=MEDIAN_LAYER compaction=EDGE_LENGTH edgeLayerGap=15 edgeNodeGap=15 edgeGap=10 componentGap=24"
sequence-bout-en-bout,elk,2,,0.000,0.00,0.00,0.00,0.00,0.000,0.000,0.000,0,"moteur : java.lang.IllegalStateException: Invalid hitboxes for scanline constraint calculation.","mode=ports direction=DOWN inner=DOWN wrap=MULTI_EDGE layerGap=30 rootLayerGap=90 nodeGap=24 rootPadding=12 innerRatio=2 placement=NETWORK_SIMPLEX inline=true labelLayer=MEDIAN_LAYER compaction=EDGE_LENGTH aspectRatio=1.78 edgeLayerGap=15 edgeNodeGap=15 edgeGap=10 componentGap=24"
sequence-bout-en-bout,elk,2,51,0.480,5.76,6.28,7.19,3.89,0.576,0.173,1.640,30,vertes,"mode=ports direction=DOWN inner=DOWN wrap=MULTI_EDGE layerGap=30 rootLayerGap=90 nodeGap=24 rootPadding=12 innerRatio=2 placement=NETWORK_SIMPLEX inline=true labelLayer=SPACE_EFFICIENT_LAYER compaction=NONE edgeLayerGap=30 edgeNodeGap=30 edgeGap=20 componentGap=60"
sequence-bout-en-bout,elk,2,52,0.480,5.76,6.28,7.19,3.89,0.576,0.173,1.640,30,vertes,"mode=ports direction=DOWN inner=DOWN wrap=MULTI_EDGE layerGap=30 rootLayerGap=90 nodeGap=24 rootPadding=12 innerRatio=2 placement=NETWORK_SIMPLEX inline=true labelLayer=SPACE_EFFICIENT_LAYER compaction=NONE aspectRatio=1.78 edgeLayerGap=30 edgeNodeGap=30 edgeGap=20 componentGap=60"
sequence-bout-en-bout,elk,2,11,0.497,5.97,6.51,7.45,4.00,0.572,0.185,1.651,30,vertes,"mode=ports direction=DOWN inner=DOWN wrap=MULTI_EDGE layerGap=30 rootLayerGap=90 nodeGap=24 rootPadding=12 innerRatio=2 placement=NETWORK_SIMPLEX inline=true labelLayer=SPACE_EFFICIENT_LAYER compaction=NONE edgeLayerGap=15 edgeNodeGap=15 edgeGap=10 componentGap=24"
sequence-bout-en-bout,elk,2,12,0.497,5.97,6.51,7.45,4.00,0.572,0.185,1.651,30,vertes,"mode=ports direction=DOWN inner=DOWN wrap=MULTI_EDGE layerGap=30 rootLayerGap=90 nodeGap=24 rootPadding=12 innerRatio=2 placement=NETWORK_SIMPLEX inline=true labelLayer=SPACE_EFFICIENT_LAYER compaction=NONE aspectRatio=1.78 edgeLayerGap=15 edgeNodeGap=15 edgeGap=10 componentGap=24"
sequence-bout-en-bout,elk,2,,0.000,0.00,0.00,0.00,0.00,0.000,0.000,0.000,0,"moteur : java.lang.IllegalStateException: Invalid hitboxes for scanline constraint calculation.","mode=ports direction=DOWN inner=DOWN wrap=MULTI_EDGE layerGap=30 rootLayerGap=90 nodeGap=24 rootPadding=12 innerRatio=2 placement=NETWORK_SIMPLEX inline=true labelLayer=SPACE_EFFICIENT_LAYER compaction=EDGE_LENGTH edgeLayerGap=30 edgeNodeGap=30 edgeGap=20 componentGap=60"
sequence-bout-en-bout,elk,2,,0.000,0.00,0.00,0.00,0.00,0.000,0.000,0.000,0,"moteur : java.lang.IllegalStateException: Invalid hitboxes for scanline constraint calculation.","mode=ports direction=DOWN inner=DOWN wrap=MULTI_EDGE layerGap=30 rootLayerGap=90 nodeGap=24 rootPadding=12 innerRatio=2 placement=NETWORK_SIMPLEX inline=true labelLayer=SPACE_EFFICIENT_LAYER compaction=EDGE_LENGTH aspectRatio=1.78 edgeLayerGap=30 edgeNodeGap=30 edgeGap=20 componentGap=60"
sequence-bout-en-bout,elk,2,,0.000,0.00,0.00,0.00,0.00,0.000,0.000,0.000,0,"moteur : java.lang.IllegalStateException: Invalid hitboxes for scanline constraint calculation.","mode=ports direction=DOWN inner=DOWN wrap=MULTI_EDGE layerGap=30 rootLayerGap=90 nodeGap=24 rootPadding=12 innerRatio=2 placement=NETWORK_SIMPLEX inline=true labelLayer=SPACE_EFFICIENT_LAYER compaction=EDGE_LENGTH edgeLayerGap=15 edgeNodeGap=15 edgeGap=10 componentGap=24"
sequence-bout-en-bout,elk,2,,0.000,0.00,0.00,0.00,0.00,0.000,0.000,0.000,0,"moteur : java.lang.IllegalStateException: Invalid hitboxes for scanline constraint calculation.","mode=ports direction=DOWN inner=DOWN wrap=MULTI_EDGE layerGap=30 rootLayerGap=90 nodeGap=24 rootPadding=12 innerRatio=2 placement=NETWORK_SIMPLEX inline=true labelLayer=SPACE_EFFICIENT_LAYER compaction=EDGE_LENGTH aspectRatio=1.78 edgeLayerGap=15 edgeNodeGap=15 edgeGap=10 componentGap=24"
sequence-bout-en-bout,elk,2,107,0.460,5.76,6.28,7.19,3.68,0.574,0.164,1.733,30,vertes,"mode=ports direction=DOWN inner=DOWN wrap=MULTI_EDGE layerGap=30 rootLayerGap=90 nodeGap=24 rootPadding=12 innerRatio=2 placement=BRANDES_KOEPF inline=false labelLayer=MEDIAN_LAYER compaction=NONE edgeLayerGap=30 edgeNodeGap=30 edgeGap=20 componentGap=60"
sequence-bout-en-bout,elk,2,108,0.460,5.76,6.28,7.19,3.68,0.574,0.164,1.733,30,vertes,"mode=ports direction=DOWN inner=DOWN wrap=MULTI_EDGE layerGap=30 rootLayerGap=90 nodeGap=24 rootPadding=12 innerRatio=2 placement=BRANDES_KOEPF inline=false labelLayer=MEDIAN_LAYER compaction=NONE aspectRatio=1.78 edgeLayerGap=30 edgeNodeGap=30 edgeGap=20 componentGap=60"
sequence-bout-en-bout,elk,2,77,0.473,5.97,6.51,7.45,3.78,0.570,0.174,1.748,30,vertes,"mode=ports direction=DOWN inner=DOWN wrap=MULTI_EDGE layerGap=30 rootLayerGap=90 nodeGap=24 rootPadding=12 innerRatio=2 placement=BRANDES_KOEPF inline=false labelLayer=MEDIAN_LAYER compaction=NONE edgeLayerGap=15 edgeNodeGap=15 edgeGap=10 componentGap=24"
sequence-bout-en-bout,elk,2,78,0.473,5.97,6.51,7.45,3.78,0.570,0.174,1.748,30,vertes,"mode=ports direction=DOWN inner=DOWN wrap=MULTI_EDGE layerGap=30 rootLayerGap=90 nodeGap=24 rootPadding=12 innerRatio=2 placement=BRANDES_KOEPF inline=false labelLayer=MEDIAN_LAYER compaction=NONE aspectRatio=1.78 edgeLayerGap=15 edgeNodeGap=15 edgeGap=10 componentGap=24"
sequence-bout-en-bout,elk,2,,0.000,0.00,0.00,0.00,0.00,0.000,0.000,0.000,0,"moteur : java.lang.IllegalStateException: Invalid hitboxes for scanline constraint calculation.","mode=ports direction=DOWN inner=DOWN wrap=MULTI_EDGE layerGap=30 rootLayerGap=90 nodeGap=24 rootPadding=12 innerRatio=2 placement=BRANDES_KOEPF inline=false labelLayer=MEDIAN_LAYER compaction=EDGE_LENGTH edgeLayerGap=30 edgeNodeGap=30 edgeGap=20 componentGap=60"
sequence-bout-en-bout,elk,2,,0.000,0.00,0.00,0.00,0.00,0.000,0.000,0.000,0,"moteur : java.lang.IllegalStateException: Invalid hitboxes for scanline constraint calculation.","mode=ports direction=DOWN inner=DOWN wrap=MULTI_EDGE layerGap=30 rootLayerGap=90 nodeGap=24 rootPadding=12 innerRatio=2 placement=BRANDES_KOEPF inline=false labelLayer=MEDIAN_LAYER compaction=EDGE_LENGTH aspectRatio=1.78 edgeLayerGap=30 edgeNodeGap=30 edgeGap=20 componentGap=60"
sequence-bout-en-bout,elk,2,,0.000,0.00,0.00,0.00,0.00,0.000,0.000,0.000,0,"moteur : java.lang.IllegalStateException: Invalid hitboxes for scanline constraint calculation.","mode=ports direction=DOWN inner=DOWN wrap=MULTI_EDGE layerGap=30 rootLayerGap=90 nodeGap=24 rootPadding=12 innerRatio=2 placement=BRANDES_KOEPF inline=false labelLayer=MEDIAN_LAYER compaction=EDGE_LENGTH edgeLayerGap=15 edgeNodeGap=15 edgeGap=10 componentGap=24"
sequence-bout-en-bout,elk,2,,0.000,0.00,0.00,0.00,0.00,0.000,0.000,0.000,0,"moteur : java.lang.IllegalStateException: Invalid hitboxes for scanline constraint calculation.","mode=ports direction=DOWN inner=DOWN wrap=MULTI_EDGE layerGap=30 rootLayerGap=90 nodeGap=24 rootPadding=12 innerRatio=2 placement=BRANDES_KOEPF inline=false labelLayer=MEDIAN_LAYER compaction=EDGE_LENGTH aspectRatio=1.78 edgeLayerGap=15 edgeNodeGap=15 edgeGap=10 componentGap=24"
sequence-bout-en-bout,elk,2,109,0.460,5.76,6.28,7.19,3.68,0.574,0.164,1.733,30,vertes,"mode=ports direction=DOWN inner=DOWN wrap=MULTI_EDGE layerGap=30 rootLayerGap=90 nodeGap=24 rootPadding=12 innerRatio=2 placement=BRANDES_KOEPF inline=false labelLayer=SPACE_EFFICIENT_LAYER compaction=NONE edgeLayerGap=30 edgeNodeGap=30 edgeGap=20 componentGap=60"
sequence-bout-en-bout,elk,2,110,0.460,5.76,6.28,7.19,3.68,0.574,0.164,1.733,30,vertes,"mode=ports direction=DOWN inner=DOWN wrap=MULTI_EDGE layerGap=30 rootLayerGap=90 nodeGap=24 rootPadding=12 innerRatio=2 placement=BRANDES_KOEPF inline=false labelLayer=SPACE_EFFICIENT_LAYER compaction=NONE aspectRatio=1.78 edgeLayerGap=30 edgeNodeGap=30 edgeGap=20 componentGap=60"
sequence-bout-en-bout,elk,2,79,0.473,5.97,6.51,7.45,3.78,0.570,0.174,1.748,30,vertes,"mode=ports direction=DOWN inner=DOWN wrap=MULTI_EDGE layerGap=30 rootLayerGap=90 nodeGap=24 rootPadding=12 innerRatio=2 placement=BRANDES_KOEPF inline=false labelLayer=SPACE_EFFICIENT_LAYER compaction=NONE edgeLayerGap=15 edgeNodeGap=15 edgeGap=10 componentGap=24"
sequence-bout-en-bout,elk,2,80,0.473,5.97,6.51,7.45,3.78,0.570,0.174,1.748,30,vertes,"mode=ports direction=DOWN inner=DOWN wrap=MULTI_EDGE layerGap=30 rootLayerGap=90 nodeGap=24 rootPadding=12 innerRatio=2 placement=BRANDES_KOEPF inline=false labelLayer=SPACE_EFFICIENT_LAYER compaction=NONE aspectRatio=1.78 edgeLayerGap=15 edgeNodeGap=15 edgeGap=10 componentGap=24"
sequence-bout-en-bout,elk,2,,0.000,0.00,0.00,0.00,0.00,0.000,0.000,0.000,0,"moteur : java.lang.IllegalStateException: Invalid hitboxes for scanline constraint calculation.","mode=ports direction=DOWN inner=DOWN wrap=MULTI_EDGE layerGap=30 rootLayerGap=90 nodeGap=24 rootPadding=12 innerRatio=2 placement=BRANDES_KOEPF inline=false labelLayer=SPACE_EFFICIENT_LAYER compaction=EDGE_LENGTH edgeLayerGap=30 edgeNodeGap=30 edgeGap=20 componentGap=60"
sequence-bout-en-bout,elk,2,,0.000,0.00,0.00,0.00,0.00,0.000,0.000,0.000,0,"moteur : java.lang.IllegalStateException: Invalid hitboxes for scanline constraint calculation.","mode=ports direction=DOWN inner=DOWN wrap=MULTI_EDGE layerGap=30 rootLayerGap=90 nodeGap=24 rootPadding=12 innerRatio=2 placement=BRANDES_KOEPF inline=false labelLayer=SPACE_EFFICIENT_LAYER compaction=EDGE_LENGTH aspectRatio=1.78 edgeLayerGap=30 edgeNodeGap=30 edgeGap=20 componentGap=60"
sequence-bout-en-bout,elk,2,,0.000,0.00,0.00,0.00,0.00,0.000,0.000,0.000,0,"moteur : java.lang.IllegalStateException: Invalid hitboxes for scanline constraint calculation.","mode=ports direction=DOWN inner=DOWN wrap=MULTI_EDGE layerGap=30 rootLayerGap=90 nodeGap=24 rootPadding=12 innerRatio=2 placement=BRANDES_KOEPF inline=false labelLayer=SPACE_EFFICIENT_LAYER compaction=EDGE_LENGTH edgeLayerGap=15 edgeNodeGap=15 edgeGap=10 componentGap=24"
sequence-bout-en-bout,elk,2,,0.000,0.00,0.00,0.00,0.00,0.000,0.000,0.000,0,"moteur : java.lang.IllegalStateException: Invalid hitboxes for scanline constraint calculation.","mode=ports direction=DOWN inner=DOWN wrap=MULTI_EDGE layerGap=30 rootLayerGap=90 nodeGap=24 rootPadding=12 innerRatio=2 placement=BRANDES_KOEPF inline=false labelLayer=SPACE_EFFICIENT_LAYER compaction=EDGE_LENGTH aspectRatio=1.78 edgeLayerGap=15 edgeNodeGap=15 edgeGap=10 componentGap=24"
sequence-bout-en-bout,elk,2,53,0.480,5.76,6.28,7.19,3.89,0.576,0.173,1.640,30,vertes,"mode=ports direction=DOWN inner=DOWN wrap=MULTI_EDGE layerGap=30 rootLayerGap=90 nodeGap=24 rootPadding=12 innerRatio=2 placement=BRANDES_KOEPF inline=true labelLayer=MEDIAN_LAYER compaction=NONE edgeLayerGap=30 edgeNodeGap=30 edgeGap=20 componentGap=60"
sequence-bout-en-bout,elk,2,54,0.480,5.76,6.28,7.19,3.89,0.576,0.173,1.640,30,vertes,"mode=ports direction=DOWN inner=DOWN wrap=MULTI_EDGE layerGap=30 rootLayerGap=90 nodeGap=24 rootPadding=12 innerRatio=2 placement=BRANDES_KOEPF inline=true labelLayer=MEDIAN_LAYER compaction=NONE aspectRatio=1.78 edgeLayerGap=30 edgeNodeGap=30 edgeGap=20 componentGap=60"
sequence-bout-en-bout,elk,2,13,0.497,5.97,6.51,7.45,4.00,0.572,0.185,1.651,30,vertes,"mode=ports direction=DOWN inner=DOWN wrap=MULTI_EDGE layerGap=30 rootLayerGap=90 nodeGap=24 rootPadding=12 innerRatio=2 placement=BRANDES_KOEPF inline=true labelLayer=MEDIAN_LAYER compaction=NONE edgeLayerGap=15 edgeNodeGap=15 edgeGap=10 componentGap=24"
sequence-bout-en-bout,elk,2,14,0.497,5.97,6.51,7.45,4.00,0.572,0.185,1.651,30,vertes,"mode=ports direction=DOWN inner=DOWN wrap=MULTI_EDGE layerGap=30 rootLayerGap=90 nodeGap=24 rootPadding=12 innerRatio=2 placement=BRANDES_KOEPF inline=true labelLayer=MEDIAN_LAYER compaction=NONE aspectRatio=1.78 edgeLayerGap=15 edgeNodeGap=15 edgeGap=10 componentGap=24"
sequence-bout-en-bout,elk,2,,0.000,0.00,0.00,0.00,0.00,0.000,0.000,0.000,0,"moteur : java.lang.IllegalStateException: Invalid hitboxes for scanline constraint calculation.","mode=ports direction=DOWN inner=DOWN wrap=MULTI_EDGE layerGap=30 rootLayerGap=90 nodeGap=24 rootPadding=12 innerRatio=2 placement=BRANDES_KOEPF inline=true labelLayer=MEDIAN_LAYER compaction=EDGE_LENGTH edgeLayerGap=30 edgeNodeGap=30 edgeGap=20 componentGap=60"
sequence-bout-en-bout,elk,2,,0.000,0.00,0.00,0.00,0.00,0.000,0.000,0.000,0,"moteur : java.lang.IllegalStateException: Invalid hitboxes for scanline constraint calculation.","mode=ports direction=DOWN inner=DOWN wrap=MULTI_EDGE layerGap=30 rootLayerGap=90 nodeGap=24 rootPadding=12 innerRatio=2 placement=BRANDES_KOEPF inline=true labelLayer=MEDIAN_LAYER compaction=EDGE_LENGTH aspectRatio=1.78 edgeLayerGap=30 edgeNodeGap=30 edgeGap=20 componentGap=60"
sequence-bout-en-bout,elk,2,,0.000,0.00,0.00,0.00,0.00,0.000,0.000,0.000,0,"moteur : java.lang.IllegalStateException: Invalid hitboxes for scanline constraint calculation.","mode=ports direction=DOWN inner=DOWN wrap=MULTI_EDGE layerGap=30 rootLayerGap=90 nodeGap=24 rootPadding=12 innerRatio=2 placement=BRANDES_KOEPF inline=true labelLayer=MEDIAN_LAYER compaction=EDGE_LENGTH edgeLayerGap=15 edgeNodeGap=15 edgeGap=10 componentGap=24"
sequence-bout-en-bout,elk,2,,0.000,0.00,0.00,0.00,0.00,0.000,0.000,0.000,0,"moteur : java.lang.IllegalStateException: Invalid hitboxes for scanline constraint calculation.","mode=ports direction=DOWN inner=DOWN wrap=MULTI_EDGE layerGap=30 rootLayerGap=90 nodeGap=24 rootPadding=12 innerRatio=2 placement=BRANDES_KOEPF inline=true labelLayer=MEDIAN_LAYER compaction=EDGE_LENGTH aspectRatio=1.78 edgeLayerGap=15 edgeNodeGap=15 edgeGap=10 componentGap=24"
sequence-bout-en-bout,elk,2,55,0.480,5.76,6.28,7.19,3.89,0.576,0.173,1.640,30,vertes,"mode=ports direction=DOWN inner=DOWN wrap=MULTI_EDGE layerGap=30 rootLayerGap=90 nodeGap=24 rootPadding=12 innerRatio=2 placement=BRANDES_KOEPF inline=true labelLayer=SPACE_EFFICIENT_LAYER compaction=NONE edgeLayerGap=30 edgeNodeGap=30 edgeGap=20 componentGap=60"
sequence-bout-en-bout,elk,2,56,0.480,5.76,6.28,7.19,3.89,0.576,0.173,1.640,30,vertes,"mode=ports direction=DOWN inner=DOWN wrap=MULTI_EDGE layerGap=30 rootLayerGap=90 nodeGap=24 rootPadding=12 innerRatio=2 placement=BRANDES_KOEPF inline=true labelLayer=SPACE_EFFICIENT_LAYER compaction=NONE aspectRatio=1.78 edgeLayerGap=30 edgeNodeGap=30 edgeGap=20 componentGap=60"
sequence-bout-en-bout,elk,2,15,0.497,5.97,6.51,7.45,4.00,0.572,0.185,1.651,30,vertes,"mode=ports direction=DOWN inner=DOWN wrap=MULTI_EDGE layerGap=30 rootLayerGap=90 nodeGap=24 rootPadding=12 innerRatio=2 placement=BRANDES_KOEPF inline=true labelLayer=SPACE_EFFICIENT_LAYER compaction=NONE edgeLayerGap=15 edgeNodeGap=15 edgeGap=10 componentGap=24"
sequence-bout-en-bout,elk,2,16,0.497,5.97,6.51,7.45,4.00,0.572,0.185,1.651,30,vertes,"mode=ports direction=DOWN inner=DOWN wrap=MULTI_EDGE layerGap=30 rootLayerGap=90 nodeGap=24 rootPadding=12 innerRatio=2 placement=BRANDES_KOEPF inline=true labelLayer=SPACE_EFFICIENT_LAYER compaction=NONE aspectRatio=1.78 edgeLayerGap=15 edgeNodeGap=15 edgeGap=10 componentGap=24"
sequence-bout-en-bout,elk,2,,0.000,0.00,0.00,0.00,0.00,0.000,0.000,0.000,0,"moteur : java.lang.IllegalStateException: Invalid hitboxes for scanline constraint calculation.","mode=ports direction=DOWN inner=DOWN wrap=MULTI_EDGE layerGap=30 rootLayerGap=90 nodeGap=24 rootPadding=12 innerRatio=2 placement=BRANDES_KOEPF inline=true labelLayer=SPACE_EFFICIENT_LAYER compaction=EDGE_LENGTH edgeLayerGap=30 edgeNodeGap=30 edgeGap=20 componentGap=60"
sequence-bout-en-bout,elk,2,,0.000,0.00,0.00,0.00,0.00,0.000,0.000,0.000,0,"moteur : java.lang.IllegalStateException: Invalid hitboxes for scanline constraint calculation.","mode=ports direction=DOWN inner=DOWN wrap=MULTI_EDGE layerGap=30 rootLayerGap=90 nodeGap=24 rootPadding=12 innerRatio=2 placement=BRANDES_KOEPF inline=true labelLayer=SPACE_EFFICIENT_LAYER compaction=EDGE_LENGTH aspectRatio=1.78 edgeLayerGap=30 edgeNodeGap=30 edgeGap=20 componentGap=60"
sequence-bout-en-bout,elk,2,,0.000,0.00,0.00,0.00,0.00,0.000,0.000,0.000,0,"moteur : java.lang.IllegalStateException: Invalid hitboxes for scanline constraint calculation.","mode=ports direction=DOWN inner=DOWN wrap=MULTI_EDGE layerGap=30 rootLayerGap=90 nodeGap=24 rootPadding=12 innerRatio=2 placement=BRANDES_KOEPF inline=true labelLayer=SPACE_EFFICIENT_LAYER compaction=EDGE_LENGTH edgeLayerGap=15 edgeNodeGap=15 edgeGap=10 componentGap=24"
sequence-bout-en-bout,elk,2,,0.000,0.00,0.00,0.00,0.00,0.000,0.000,0.000,0,"moteur : java.lang.IllegalStateException: Invalid hitboxes for scanline constraint calculation.","mode=ports direction=DOWN inner=DOWN wrap=MULTI_EDGE layerGap=30 rootLayerGap=90 nodeGap=24 rootPadding=12 innerRatio=2 placement=BRANDES_KOEPF inline=true labelLayer=SPACE_EFFICIENT_LAYER compaction=EDGE_LENGTH aspectRatio=1.78 edgeLayerGap=15 edgeNodeGap=15 edgeGap=10 componentGap=24"
sequence-bout-en-bout,elk,2,141,0.448,5.38,5.87,6.72,3.69,0.575,0.153,1.615,64,vertes,"mode=ports direction=DOWN inner=DOWN wrap=MULTI_EDGE layerGap=30 rootLayerGap=90 nodeGap=24 rootPadding=12 innerRatio=2 placement=LINEAR_SEGMENTS inline=false labelLayer=MEDIAN_LAYER compaction=NONE edgeLayerGap=30 edgeNodeGap=30 edgeGap=20 componentGap=60"
sequence-bout-en-bout,elk,2,142,0.448,5.38,5.87,6.72,3.69,0.575,0.153,1.615,64,vertes,"mode=ports direction=DOWN inner=DOWN wrap=MULTI_EDGE layerGap=30 rootLayerGap=90 nodeGap=24 rootPadding=12 innerRatio=2 placement=LINEAR_SEGMENTS inline=false labelLayer=MEDIAN_LAYER compaction=NONE aspectRatio=1.78 edgeLayerGap=30 edgeNodeGap=30 edgeGap=20 componentGap=60"
sequence-bout-en-bout,elk,2,69,0.474,5.97,6.51,7.45,3.79,0.568,0.175,1.744,64,vertes,"mode=ports direction=DOWN inner=DOWN wrap=MULTI_EDGE layerGap=30 rootLayerGap=90 nodeGap=24 rootPadding=12 innerRatio=2 placement=LINEAR_SEGMENTS inline=false labelLayer=MEDIAN_LAYER compaction=NONE edgeLayerGap=15 edgeNodeGap=15 edgeGap=10 componentGap=24"
sequence-bout-en-bout,elk,2,70,0.474,5.97,6.51,7.45,3.79,0.568,0.175,1.744,64,vertes,"mode=ports direction=DOWN inner=DOWN wrap=MULTI_EDGE layerGap=30 rootLayerGap=90 nodeGap=24 rootPadding=12 innerRatio=2 placement=LINEAR_SEGMENTS inline=false labelLayer=MEDIAN_LAYER compaction=NONE aspectRatio=1.78 edgeLayerGap=15 edgeNodeGap=15 edgeGap=10 componentGap=24"
sequence-bout-en-bout,elk,2,,0.000,0.00,0.00,0.00,0.00,0.000,0.000,0.000,0,"moteur : java.lang.IllegalStateException: Invalid hitboxes for scanline constraint calculation.","mode=ports direction=DOWN inner=DOWN wrap=MULTI_EDGE layerGap=30 rootLayerGap=90 nodeGap=24 rootPadding=12 innerRatio=2 placement=LINEAR_SEGMENTS inline=false labelLayer=MEDIAN_LAYER compaction=EDGE_LENGTH edgeLayerGap=30 edgeNodeGap=30 edgeGap=20 componentGap=60"
sequence-bout-en-bout,elk,2,,0.000,0.00,0.00,0.00,0.00,0.000,0.000,0.000,0,"moteur : java.lang.IllegalStateException: Invalid hitboxes for scanline constraint calculation.","mode=ports direction=DOWN inner=DOWN wrap=MULTI_EDGE layerGap=30 rootLayerGap=90 nodeGap=24 rootPadding=12 innerRatio=2 placement=LINEAR_SEGMENTS inline=false labelLayer=MEDIAN_LAYER compaction=EDGE_LENGTH aspectRatio=1.78 edgeLayerGap=30 edgeNodeGap=30 edgeGap=20 componentGap=60"
sequence-bout-en-bout,elk,2,,0.000,0.00,0.00,0.00,0.00,0.000,0.000,0.000,0,"moteur : java.lang.IllegalStateException: Invalid hitboxes for scanline constraint calculation.","mode=ports direction=DOWN inner=DOWN wrap=MULTI_EDGE layerGap=30 rootLayerGap=90 nodeGap=24 rootPadding=12 innerRatio=2 placement=LINEAR_SEGMENTS inline=false labelLayer=MEDIAN_LAYER compaction=EDGE_LENGTH edgeLayerGap=15 edgeNodeGap=15 edgeGap=10 componentGap=24"
sequence-bout-en-bout,elk,2,,0.000,0.00,0.00,0.00,0.00,0.000,0.000,0.000,0,"moteur : java.lang.IllegalStateException: Invalid hitboxes for scanline constraint calculation.","mode=ports direction=DOWN inner=DOWN wrap=MULTI_EDGE layerGap=30 rootLayerGap=90 nodeGap=24 rootPadding=12 innerRatio=2 placement=LINEAR_SEGMENTS inline=false labelLayer=MEDIAN_LAYER compaction=EDGE_LENGTH aspectRatio=1.78 edgeLayerGap=15 edgeNodeGap=15 edgeGap=10 componentGap=24"
sequence-bout-en-bout,elk,2,143,0.448,5.38,5.87,6.72,3.69,0.575,0.153,1.615,64,vertes,"mode=ports direction=DOWN inner=DOWN wrap=MULTI_EDGE layerGap=30 rootLayerGap=90 nodeGap=24 rootPadding=12 innerRatio=2 placement=LINEAR_SEGMENTS inline=false labelLayer=SPACE_EFFICIENT_LAYER compaction=NONE edgeLayerGap=30 edgeNodeGap=30 edgeGap=20 componentGap=60"
sequence-bout-en-bout,elk,2,144,0.448,5.38,5.87,6.72,3.69,0.575,0.153,1.615,64,vertes,"mode=ports direction=DOWN inner=DOWN wrap=MULTI_EDGE layerGap=30 rootLayerGap=90 nodeGap=24 rootPadding=12 innerRatio=2 placement=LINEAR_SEGMENTS inline=false labelLayer=SPACE_EFFICIENT_LAYER compaction=NONE aspectRatio=1.78 edgeLayerGap=30 edgeNodeGap=30 edgeGap=20 componentGap=60"
sequence-bout-en-bout,elk,2,71,0.474,5.97,6.51,7.45,3.79,0.568,0.175,1.744,64,vertes,"mode=ports direction=DOWN inner=DOWN wrap=MULTI_EDGE layerGap=30 rootLayerGap=90 nodeGap=24 rootPadding=12 innerRatio=2 placement=LINEAR_SEGMENTS inline=false labelLayer=SPACE_EFFICIENT_LAYER compaction=NONE edgeLayerGap=15 edgeNodeGap=15 edgeGap=10 componentGap=24"
sequence-bout-en-bout,elk,2,72,0.474,5.97,6.51,7.45,3.79,0.568,0.175,1.744,64,vertes,"mode=ports direction=DOWN inner=DOWN wrap=MULTI_EDGE layerGap=30 rootLayerGap=90 nodeGap=24 rootPadding=12 innerRatio=2 placement=LINEAR_SEGMENTS inline=false labelLayer=SPACE_EFFICIENT_LAYER compaction=NONE aspectRatio=1.78 edgeLayerGap=15 edgeNodeGap=15 edgeGap=10 componentGap=24"
sequence-bout-en-bout,elk,2,,0.000,0.00,0.00,0.00,0.00,0.000,0.000,0.000,0,"moteur : java.lang.IllegalStateException: Invalid hitboxes for scanline constraint calculation.","mode=ports direction=DOWN inner=DOWN wrap=MULTI_EDGE layerGap=30 rootLayerGap=90 nodeGap=24 rootPadding=12 innerRatio=2 placement=LINEAR_SEGMENTS inline=false labelLayer=SPACE_EFFICIENT_LAYER compaction=EDGE_LENGTH edgeLayerGap=30 edgeNodeGap=30 edgeGap=20 componentGap=60"
sequence-bout-en-bout,elk,2,,0.000,0.00,0.00,0.00,0.00,0.000,0.000,0.000,0,"moteur : java.lang.IllegalStateException: Invalid hitboxes for scanline constraint calculation.","mode=ports direction=DOWN inner=DOWN wrap=MULTI_EDGE layerGap=30 rootLayerGap=90 nodeGap=24 rootPadding=12 innerRatio=2 placement=LINEAR_SEGMENTS inline=false labelLayer=SPACE_EFFICIENT_LAYER compaction=EDGE_LENGTH aspectRatio=1.78 edgeLayerGap=30 edgeNodeGap=30 edgeGap=20 componentGap=60"
sequence-bout-en-bout,elk,2,,0.000,0.00,0.00,0.00,0.00,0.000,0.000,0.000,0,"moteur : java.lang.IllegalStateException: Invalid hitboxes for scanline constraint calculation.","mode=ports direction=DOWN inner=DOWN wrap=MULTI_EDGE layerGap=30 rootLayerGap=90 nodeGap=24 rootPadding=12 innerRatio=2 placement=LINEAR_SEGMENTS inline=false labelLayer=SPACE_EFFICIENT_LAYER compaction=EDGE_LENGTH edgeLayerGap=15 edgeNodeGap=15 edgeGap=10 componentGap=24"
sequence-bout-en-bout,elk,2,,0.000,0.00,0.00,0.00,0.00,0.000,0.000,0.000,0,"moteur : java.lang.IllegalStateException: Invalid hitboxes for scanline constraint calculation.","mode=ports direction=DOWN inner=DOWN wrap=MULTI_EDGE layerGap=30 rootLayerGap=90 nodeGap=24 rootPadding=12 innerRatio=2 placement=LINEAR_SEGMENTS inline=false labelLayer=SPACE_EFFICIENT_LAYER compaction=EDGE_LENGTH aspectRatio=1.78 edgeLayerGap=15 edgeNodeGap=15 edgeGap=10 componentGap=24"
sequence-bout-en-bout,elk,2,137,0.448,5.38,5.87,6.72,3.78,0.576,0.157,1.574,60,vertes,"mode=ports direction=DOWN inner=DOWN wrap=MULTI_EDGE layerGap=30 rootLayerGap=90 nodeGap=24 rootPadding=12 innerRatio=2 placement=LINEAR_SEGMENTS inline=true labelLayer=MEDIAN_LAYER compaction=NONE edgeLayerGap=30 edgeNodeGap=30 edgeGap=20 componentGap=60"
sequence-bout-en-bout,elk,2,138,0.448,5.38,5.87,6.72,3.78,0.576,0.157,1.574,60,vertes,"mode=ports direction=DOWN inner=DOWN wrap=MULTI_EDGE layerGap=30 rootLayerGap=90 nodeGap=24 rootPadding=12 innerRatio=2 placement=LINEAR_SEGMENTS inline=true labelLayer=MEDIAN_LAYER compaction=NONE aspectRatio=1.78 edgeLayerGap=30 edgeNodeGap=30 edgeGap=20 componentGap=60"
sequence-bout-en-bout,elk,2,25,0.486,5.97,6.51,7.45,3.89,0.574,0.179,1.699,62,vertes,"mode=ports direction=DOWN inner=DOWN wrap=MULTI_EDGE layerGap=30 rootLayerGap=90 nodeGap=24 rootPadding=12 innerRatio=2 placement=LINEAR_SEGMENTS inline=true labelLayer=MEDIAN_LAYER compaction=NONE edgeLayerGap=15 edgeNodeGap=15 edgeGap=10 componentGap=24"
sequence-bout-en-bout,elk,2,26,0.486,5.97,6.51,7.45,3.89,0.574,0.179,1.699,62,vertes,"mode=ports direction=DOWN inner=DOWN wrap=MULTI_EDGE layerGap=30 rootLayerGap=90 nodeGap=24 rootPadding=12 innerRatio=2 placement=LINEAR_SEGMENTS inline=true labelLayer=MEDIAN_LAYER compaction=NONE aspectRatio=1.78 edgeLayerGap=15 edgeNodeGap=15 edgeGap=10 componentGap=24"
sequence-bout-en-bout,elk,2,,0.000,0.00,0.00,0.00,0.00,0.000,0.000,0.000,0,"moteur : java.lang.IllegalStateException: Invalid hitboxes for scanline constraint calculation.","mode=ports direction=DOWN inner=DOWN wrap=MULTI_EDGE layerGap=30 rootLayerGap=90 nodeGap=24 rootPadding=12 innerRatio=2 placement=LINEAR_SEGMENTS inline=true labelLayer=MEDIAN_LAYER compaction=EDGE_LENGTH edgeLayerGap=30 edgeNodeGap=30 edgeGap=20 componentGap=60"
sequence-bout-en-bout,elk,2,,0.000,0.00,0.00,0.00,0.00,0.000,0.000,0.000,0,"moteur : java.lang.IllegalStateException: Invalid hitboxes for scanline constraint calculation.","mode=ports direction=DOWN inner=DOWN wrap=MULTI_EDGE layerGap=30 rootLayerGap=90 nodeGap=24 rootPadding=12 innerRatio=2 placement=LINEAR_SEGMENTS inline=true labelLayer=MEDIAN_LAYER compaction=EDGE_LENGTH aspectRatio=1.78 edgeLayerGap=30 edgeNodeGap=30 edgeGap=20 componentGap=60"
sequence-bout-en-bout,elk,2,,0.000,0.00,0.00,0.00,0.00,0.000,0.000,0.000,0,"moteur : java.lang.IllegalStateException: Invalid hitboxes for scanline constraint calculation.","mode=ports direction=DOWN inner=DOWN wrap=MULTI_EDGE layerGap=30 rootLayerGap=90 nodeGap=24 rootPadding=12 innerRatio=2 placement=LINEAR_SEGMENTS inline=true labelLayer=MEDIAN_LAYER compaction=EDGE_LENGTH edgeLayerGap=15 edgeNodeGap=15 edgeGap=10 componentGap=24"
sequence-bout-en-bout,elk,2,,0.000,0.00,0.00,0.00,0.00,0.000,0.000,0.000,0,"moteur : java.lang.IllegalStateException: Invalid hitboxes for scanline constraint calculation.","mode=ports direction=DOWN inner=DOWN wrap=MULTI_EDGE layerGap=30 rootLayerGap=90 nodeGap=24 rootPadding=12 innerRatio=2 placement=LINEAR_SEGMENTS inline=true labelLayer=MEDIAN_LAYER compaction=EDGE_LENGTH aspectRatio=1.78 edgeLayerGap=15 edgeNodeGap=15 edgeGap=10 componentGap=24"
sequence-bout-en-bout,elk,2,139,0.448,5.38,5.87,6.72,3.78,0.576,0.157,1.574,60,vertes,"mode=ports direction=DOWN inner=DOWN wrap=MULTI_EDGE layerGap=30 rootLayerGap=90 nodeGap=24 rootPadding=12 innerRatio=2 placement=LINEAR_SEGMENTS inline=true labelLayer=SPACE_EFFICIENT_LAYER compaction=NONE edgeLayerGap=30 edgeNodeGap=30 edgeGap=20 componentGap=60"
sequence-bout-en-bout,elk,2,140,0.448,5.38,5.87,6.72,3.78,0.576,0.157,1.574,60,vertes,"mode=ports direction=DOWN inner=DOWN wrap=MULTI_EDGE layerGap=30 rootLayerGap=90 nodeGap=24 rootPadding=12 innerRatio=2 placement=LINEAR_SEGMENTS inline=true labelLayer=SPACE_EFFICIENT_LAYER compaction=NONE aspectRatio=1.78 edgeLayerGap=30 edgeNodeGap=30 edgeGap=20 componentGap=60"
sequence-bout-en-bout,elk,2,27,0.486,5.97,6.51,7.45,3.89,0.574,0.179,1.699,62,vertes,"mode=ports direction=DOWN inner=DOWN wrap=MULTI_EDGE layerGap=30 rootLayerGap=90 nodeGap=24 rootPadding=12 innerRatio=2 placement=LINEAR_SEGMENTS inline=true labelLayer=SPACE_EFFICIENT_LAYER compaction=NONE edgeLayerGap=15 edgeNodeGap=15 edgeGap=10 componentGap=24"
sequence-bout-en-bout,elk,2,28,0.486,5.97,6.51,7.45,3.89,0.574,0.179,1.699,62,vertes,"mode=ports direction=DOWN inner=DOWN wrap=MULTI_EDGE layerGap=30 rootLayerGap=90 nodeGap=24 rootPadding=12 innerRatio=2 placement=LINEAR_SEGMENTS inline=true labelLayer=SPACE_EFFICIENT_LAYER compaction=NONE aspectRatio=1.78 edgeLayerGap=15 edgeNodeGap=15 edgeGap=10 componentGap=24"
sequence-bout-en-bout,elk,2,,0.000,0.00,0.00,0.00,0.00,0.000,0.000,0.000,0,"moteur : java.lang.IllegalStateException: Invalid hitboxes for scanline constraint calculation.","mode=ports direction=DOWN inner=DOWN wrap=MULTI_EDGE layerGap=30 rootLayerGap=90 nodeGap=24 rootPadding=12 innerRatio=2 placement=LINEAR_SEGMENTS inline=true labelLayer=SPACE_EFFICIENT_LAYER compaction=EDGE_LENGTH edgeLayerGap=30 edgeNodeGap=30 edgeGap=20 componentGap=60"
sequence-bout-en-bout,elk,2,,0.000,0.00,0.00,0.00,0.00,0.000,0.000,0.000,0,"moteur : java.lang.IllegalStateException: Invalid hitboxes for scanline constraint calculation.","mode=ports direction=DOWN inner=DOWN wrap=MULTI_EDGE layerGap=30 rootLayerGap=90 nodeGap=24 rootPadding=12 innerRatio=2 placement=LINEAR_SEGMENTS inline=true labelLayer=SPACE_EFFICIENT_LAYER compaction=EDGE_LENGTH aspectRatio=1.78 edgeLayerGap=30 edgeNodeGap=30 edgeGap=20 componentGap=60"
sequence-bout-en-bout,elk,2,,0.000,0.00,0.00,0.00,0.00,0.000,0.000,0.000,0,"moteur : java.lang.IllegalStateException: Invalid hitboxes for scanline constraint calculation.","mode=ports direction=DOWN inner=DOWN wrap=MULTI_EDGE layerGap=30 rootLayerGap=90 nodeGap=24 rootPadding=12 innerRatio=2 placement=LINEAR_SEGMENTS inline=true labelLayer=SPACE_EFFICIENT_LAYER compaction=EDGE_LENGTH edgeLayerGap=15 edgeNodeGap=15 edgeGap=10 componentGap=24"
sequence-bout-en-bout,elk,2,,0.000,0.00,0.00,0.00,0.00,0.000,0.000,0.000,0,"moteur : java.lang.IllegalStateException: Invalid hitboxes for scanline constraint calculation.","mode=ports direction=DOWN inner=DOWN wrap=MULTI_EDGE layerGap=30 rootLayerGap=90 nodeGap=24 rootPadding=12 innerRatio=2 placement=LINEAR_SEGMENTS inline=true labelLayer=SPACE_EFFICIENT_LAYER compaction=EDGE_LENGTH aspectRatio=1.78 edgeLayerGap=15 edgeNodeGap=15 edgeGap=10 componentGap=24"
sequence-bout-en-bout,elk,2,112,0.456,5.76,6.28,7.19,3.65,0.433,0.162,1.747,30,vertes,"mode=ports direction=DOWN inner=DOWN wrap=MULTI_EDGE layerGap=30 rootLayerGap=90 nodeGap=48 rootPadding=12 innerRatio=3 placement=NETWORK_SIMPLEX inline=false labelLayer=MEDIAN_LAYER compaction=NONE edgeLayerGap=30 edgeNodeGap=30 edgeGap=20 componentGap=60"
sequence-bout-en-bout,elk,2,113,0.456,5.76,6.28,7.19,3.65,0.433,0.162,1.747,30,vertes,"mode=ports direction=DOWN inner=DOWN wrap=MULTI_EDGE layerGap=30 rootLayerGap=90 nodeGap=48 rootPadding=12 innerRatio=3 placement=NETWORK_SIMPLEX inline=false labelLayer=MEDIAN_LAYER compaction=NONE aspectRatio=1.78 edgeLayerGap=30 edgeNodeGap=30 edgeGap=20 componentGap=60"
sequence-bout-en-bout,elk,2,85,0.469,5.97,6.51,7.45,3.75,0.435,0.173,1.762,30,vertes,"mode=ports direction=DOWN inner=DOWN wrap=MULTI_EDGE layerGap=30 rootLayerGap=90 nodeGap=48 rootPadding=12 innerRatio=3 placement=NETWORK_SIMPLEX inline=false labelLayer=MEDIAN_LAYER compaction=NONE edgeLayerGap=15 edgeNodeGap=15 edgeGap=10 componentGap=24"
sequence-bout-en-bout,elk,2,86,0.469,5.97,6.51,7.45,3.75,0.435,0.173,1.762,30,vertes,"mode=ports direction=DOWN inner=DOWN wrap=MULTI_EDGE layerGap=30 rootLayerGap=90 nodeGap=48 rootPadding=12 innerRatio=3 placement=NETWORK_SIMPLEX inline=false labelLayer=MEDIAN_LAYER compaction=NONE aspectRatio=1.78 edgeLayerGap=15 edgeNodeGap=15 edgeGap=10 componentGap=24"
sequence-bout-en-bout,elk,2,,0.000,0.00,0.00,0.00,0.00,0.000,0.000,0.000,0,"moteur : java.lang.IllegalStateException: Invalid hitboxes for scanline constraint calculation.","mode=ports direction=DOWN inner=DOWN wrap=MULTI_EDGE layerGap=30 rootLayerGap=90 nodeGap=48 rootPadding=12 innerRatio=3 placement=NETWORK_SIMPLEX inline=false labelLayer=MEDIAN_LAYER compaction=EDGE_LENGTH edgeLayerGap=30 edgeNodeGap=30 edgeGap=20 componentGap=60"
sequence-bout-en-bout,elk,2,,0.000,0.00,0.00,0.00,0.00,0.000,0.000,0.000,0,"moteur : java.lang.IllegalStateException: Invalid hitboxes for scanline constraint calculation.","mode=ports direction=DOWN inner=DOWN wrap=MULTI_EDGE layerGap=30 rootLayerGap=90 nodeGap=48 rootPadding=12 innerRatio=3 placement=NETWORK_SIMPLEX inline=false labelLayer=MEDIAN_LAYER compaction=EDGE_LENGTH aspectRatio=1.78 edgeLayerGap=30 edgeNodeGap=30 edgeGap=20 componentGap=60"
sequence-bout-en-bout,elk,2,,0.000,0.00,0.00,0.00,0.00,0.000,0.000,0.000,0,"moteur : java.lang.IllegalStateException: Invalid hitboxes for scanline constraint calculation.","mode=ports direction=DOWN inner=DOWN wrap=MULTI_EDGE layerGap=30 rootLayerGap=90 nodeGap=48 rootPadding=12 innerRatio=3 placement=NETWORK_SIMPLEX inline=false labelLayer=MEDIAN_LAYER compaction=EDGE_LENGTH edgeLayerGap=15 edgeNodeGap=15 edgeGap=10 componentGap=24"
sequence-bout-en-bout,elk,2,,0.000,0.00,0.00,0.00,0.00,0.000,0.000,0.000,0,"moteur : java.lang.IllegalStateException: Invalid hitboxes for scanline constraint calculation.","mode=ports direction=DOWN inner=DOWN wrap=MULTI_EDGE layerGap=30 rootLayerGap=90 nodeGap=48 rootPadding=12 innerRatio=3 placement=NETWORK_SIMPLEX inline=false labelLayer=MEDIAN_LAYER compaction=EDGE_LENGTH aspectRatio=1.78 edgeLayerGap=15 edgeNodeGap=15 edgeGap=10 componentGap=24"
sequence-bout-en-bout,elk,2,114,0.456,5.76,6.28,7.19,3.65,0.433,0.162,1.747,30,vertes,"mode=ports direction=DOWN inner=DOWN wrap=MULTI_EDGE layerGap=30 rootLayerGap=90 nodeGap=48 rootPadding=12 innerRatio=3 placement=NETWORK_SIMPLEX inline=false labelLayer=SPACE_EFFICIENT_LAYER compaction=NONE edgeLayerGap=30 edgeNodeGap=30 edgeGap=20 componentGap=60"
sequence-bout-en-bout,elk,2,115,0.456,5.76,6.28,7.19,3.65,0.433,0.162,1.747,30,vertes,"mode=ports direction=DOWN inner=DOWN wrap=MULTI_EDGE layerGap=30 rootLayerGap=90 nodeGap=48 rootPadding=12 innerRatio=3 placement=NETWORK_SIMPLEX inline=false labelLayer=SPACE_EFFICIENT_LAYER compaction=NONE aspectRatio=1.78 edgeLayerGap=30 edgeNodeGap=30 edgeGap=20 componentGap=60"
sequence-bout-en-bout,elk,2,87,0.469,5.97,6.51,7.45,3.75,0.435,0.173,1.762,30,vertes,"mode=ports direction=DOWN inner=DOWN wrap=MULTI_EDGE layerGap=30 rootLayerGap=90 nodeGap=48 rootPadding=12 innerRatio=3 placement=NETWORK_SIMPLEX inline=false labelLayer=SPACE_EFFICIENT_LAYER compaction=NONE edgeLayerGap=15 edgeNodeGap=15 edgeGap=10 componentGap=24"
sequence-bout-en-bout,elk,2,88,0.469,5.97,6.51,7.45,3.75,0.435,0.173,1.762,30,vertes,"mode=ports direction=DOWN inner=DOWN wrap=MULTI_EDGE layerGap=30 rootLayerGap=90 nodeGap=48 rootPadding=12 innerRatio=3 placement=NETWORK_SIMPLEX inline=false labelLayer=SPACE_EFFICIENT_LAYER compaction=NONE aspectRatio=1.78 edgeLayerGap=15 edgeNodeGap=15 edgeGap=10 componentGap=24"
sequence-bout-en-bout,elk,2,,0.000,0.00,0.00,0.00,0.00,0.000,0.000,0.000,0,"moteur : java.lang.IllegalStateException: Invalid hitboxes for scanline constraint calculation.","mode=ports direction=DOWN inner=DOWN wrap=MULTI_EDGE layerGap=30 rootLayerGap=90 nodeGap=48 rootPadding=12 innerRatio=3 placement=NETWORK_SIMPLEX inline=false labelLayer=SPACE_EFFICIENT_LAYER compaction=EDGE_LENGTH edgeLayerGap=30 edgeNodeGap=30 edgeGap=20 componentGap=60"
sequence-bout-en-bout,elk,2,,0.000,0.00,0.00,0.00,0.00,0.000,0.000,0.000,0,"moteur : java.lang.IllegalStateException: Invalid hitboxes for scanline constraint calculation.","mode=ports direction=DOWN inner=DOWN wrap=MULTI_EDGE layerGap=30 rootLayerGap=90 nodeGap=48 rootPadding=12 innerRatio=3 placement=NETWORK_SIMPLEX inline=false labelLayer=SPACE_EFFICIENT_LAYER compaction=EDGE_LENGTH aspectRatio=1.78 edgeLayerGap=30 edgeNodeGap=30 edgeGap=20 componentGap=60"
sequence-bout-en-bout,elk,2,,0.000,0.00,0.00,0.00,0.00,0.000,0.000,0.000,0,"moteur : java.lang.IllegalStateException: Invalid hitboxes for scanline constraint calculation.","mode=ports direction=DOWN inner=DOWN wrap=MULTI_EDGE layerGap=30 rootLayerGap=90 nodeGap=48 rootPadding=12 innerRatio=3 placement=NETWORK_SIMPLEX inline=false labelLayer=SPACE_EFFICIENT_LAYER compaction=EDGE_LENGTH edgeLayerGap=15 edgeNodeGap=15 edgeGap=10 componentGap=24"
sequence-bout-en-bout,elk,2,,0.000,0.00,0.00,0.00,0.00,0.000,0.000,0.000,0,"moteur : java.lang.IllegalStateException: Invalid hitboxes for scanline constraint calculation.","mode=ports direction=DOWN inner=DOWN wrap=MULTI_EDGE layerGap=30 rootLayerGap=90 nodeGap=48 rootPadding=12 innerRatio=3 placement=NETWORK_SIMPLEX inline=false labelLayer=SPACE_EFFICIENT_LAYER compaction=EDGE_LENGTH aspectRatio=1.78 edgeLayerGap=15 edgeNodeGap=15 edgeGap=10 componentGap=24"
sequence-bout-en-bout,elk,2,41,0.480,5.76,6.28,7.19,3.84,0.437,0.171,1.659,30,vertes,"mode=ports direction=DOWN inner=DOWN wrap=MULTI_EDGE layerGap=30 rootLayerGap=90 nodeGap=48 rootPadding=12 innerRatio=3 placement=NETWORK_SIMPLEX inline=true labelLayer=MEDIAN_LAYER compaction=NONE edgeLayerGap=30 edgeNodeGap=30 edgeGap=20 componentGap=60"
sequence-bout-en-bout,elk,2,42,0.480,5.76,6.28,7.19,3.84,0.437,0.171,1.659,30,vertes,"mode=ports direction=DOWN inner=DOWN wrap=MULTI_EDGE layerGap=30 rootLayerGap=90 nodeGap=48 rootPadding=12 innerRatio=3 placement=NETWORK_SIMPLEX inline=true labelLayer=MEDIAN_LAYER compaction=NONE aspectRatio=1.78 edgeLayerGap=30 edgeNodeGap=30 edgeGap=20 componentGap=60"
sequence-bout-en-bout,elk,2,17,0.495,5.97,6.51,7.45,3.96,0.438,0.182,1.671,30,vertes,"mode=ports direction=DOWN inner=DOWN wrap=MULTI_EDGE layerGap=30 rootLayerGap=90 nodeGap=48 rootPadding=12 innerRatio=3 placement=NETWORK_SIMPLEX inline=true labelLayer=MEDIAN_LAYER compaction=NONE edgeLayerGap=15 edgeNodeGap=15 edgeGap=10 componentGap=24"
sequence-bout-en-bout,elk,2,18,0.495,5.97,6.51,7.45,3.96,0.438,0.182,1.671,30,vertes,"mode=ports direction=DOWN inner=DOWN wrap=MULTI_EDGE layerGap=30 rootLayerGap=90 nodeGap=48 rootPadding=12 innerRatio=3 placement=NETWORK_SIMPLEX inline=true labelLayer=MEDIAN_LAYER compaction=NONE aspectRatio=1.78 edgeLayerGap=15 edgeNodeGap=15 edgeGap=10 componentGap=24"
sequence-bout-en-bout,elk,2,,0.000,0.00,0.00,0.00,0.00,0.000,0.000,0.000,0,"moteur : java.lang.IllegalStateException: Invalid hitboxes for scanline constraint calculation.","mode=ports direction=DOWN inner=DOWN wrap=MULTI_EDGE layerGap=30 rootLayerGap=90 nodeGap=48 rootPadding=12 innerRatio=3 placement=NETWORK_SIMPLEX inline=true labelLayer=MEDIAN_LAYER compaction=EDGE_LENGTH edgeLayerGap=30 edgeNodeGap=30 edgeGap=20 componentGap=60"
sequence-bout-en-bout,elk,2,,0.000,0.00,0.00,0.00,0.00,0.000,0.000,0.000,0,"moteur : java.lang.IllegalStateException: Invalid hitboxes for scanline constraint calculation.","mode=ports direction=DOWN inner=DOWN wrap=MULTI_EDGE layerGap=30 rootLayerGap=90 nodeGap=48 rootPadding=12 innerRatio=3 placement=NETWORK_SIMPLEX inline=true labelLayer=MEDIAN_LAYER compaction=EDGE_LENGTH aspectRatio=1.78 edgeLayerGap=30 edgeNodeGap=30 edgeGap=20 componentGap=60"
sequence-bout-en-bout,elk,2,,0.000,0.00,0.00,0.00,0.00,0.000,0.000,0.000,0,"moteur : java.lang.IllegalStateException: Invalid hitboxes for scanline constraint calculation.","mode=ports direction=DOWN inner=DOWN wrap=MULTI_EDGE layerGap=30 rootLayerGap=90 nodeGap=48 rootPadding=12 innerRatio=3 placement=NETWORK_SIMPLEX inline=true labelLayer=MEDIAN_LAYER compaction=EDGE_LENGTH edgeLayerGap=15 edgeNodeGap=15 edgeGap=10 componentGap=24"
sequence-bout-en-bout,elk,2,,0.000,0.00,0.00,0.00,0.00,0.000,0.000,0.000,0,"moteur : java.lang.IllegalStateException: Invalid hitboxes for scanline constraint calculation.","mode=ports direction=DOWN inner=DOWN wrap=MULTI_EDGE layerGap=30 rootLayerGap=90 nodeGap=48 rootPadding=12 innerRatio=3 placement=NETWORK_SIMPLEX inline=true labelLayer=MEDIAN_LAYER compaction=EDGE_LENGTH aspectRatio=1.78 edgeLayerGap=15 edgeNodeGap=15 edgeGap=10 componentGap=24"
sequence-bout-en-bout,elk,2,43,0.480,5.76,6.28,7.19,3.84,0.437,0.171,1.659,30,vertes,"mode=ports direction=DOWN inner=DOWN wrap=MULTI_EDGE layerGap=30 rootLayerGap=90 nodeGap=48 rootPadding=12 innerRatio=3 placement=NETWORK_SIMPLEX inline=true labelLayer=SPACE_EFFICIENT_LAYER compaction=NONE edgeLayerGap=30 edgeNodeGap=30 edgeGap=20 componentGap=60"
sequence-bout-en-bout,elk,2,44,0.480,5.76,6.28,7.19,3.84,0.437,0.171,1.659,30,vertes,"mode=ports direction=DOWN inner=DOWN wrap=MULTI_EDGE layerGap=30 rootLayerGap=90 nodeGap=48 rootPadding=12 innerRatio=3 placement=NETWORK_SIMPLEX inline=true labelLayer=SPACE_EFFICIENT_LAYER compaction=NONE aspectRatio=1.78 edgeLayerGap=30 edgeNodeGap=30 edgeGap=20 componentGap=60"
sequence-bout-en-bout,elk,2,19,0.495,5.97,6.51,7.45,3.96,0.438,0.182,1.671,30,vertes,"mode=ports direction=DOWN inner=DOWN wrap=MULTI_EDGE layerGap=30 rootLayerGap=90 nodeGap=48 rootPadding=12 innerRatio=3 placement=NETWORK_SIMPLEX inline=true labelLayer=SPACE_EFFICIENT_LAYER compaction=NONE edgeLayerGap=15 edgeNodeGap=15 edgeGap=10 componentGap=24"
sequence-bout-en-bout,elk,2,20,0.495,5.97,6.51,7.45,3.96,0.438,0.182,1.671,30,vertes,"mode=ports direction=DOWN inner=DOWN wrap=MULTI_EDGE layerGap=30 rootLayerGap=90 nodeGap=48 rootPadding=12 innerRatio=3 placement=NETWORK_SIMPLEX inline=true labelLayer=SPACE_EFFICIENT_LAYER compaction=NONE aspectRatio=1.78 edgeLayerGap=15 edgeNodeGap=15 edgeGap=10 componentGap=24"
sequence-bout-en-bout,elk,2,,0.000,0.00,0.00,0.00,0.00,0.000,0.000,0.000,0,"moteur : java.lang.IllegalStateException: Invalid hitboxes for scanline constraint calculation.","mode=ports direction=DOWN inner=DOWN wrap=MULTI_EDGE layerGap=30 rootLayerGap=90 nodeGap=48 rootPadding=12 innerRatio=3 placement=NETWORK_SIMPLEX inline=true labelLayer=SPACE_EFFICIENT_LAYER compaction=EDGE_LENGTH edgeLayerGap=30 edgeNodeGap=30 edgeGap=20 componentGap=60"
sequence-bout-en-bout,elk,2,,0.000,0.00,0.00,0.00,0.00,0.000,0.000,0.000,0,"moteur : java.lang.IllegalStateException: Invalid hitboxes for scanline constraint calculation.","mode=ports direction=DOWN inner=DOWN wrap=MULTI_EDGE layerGap=30 rootLayerGap=90 nodeGap=48 rootPadding=12 innerRatio=3 placement=NETWORK_SIMPLEX inline=true labelLayer=SPACE_EFFICIENT_LAYER compaction=EDGE_LENGTH aspectRatio=1.78 edgeLayerGap=30 edgeNodeGap=30 edgeGap=20 componentGap=60"
sequence-bout-en-bout,elk,2,,0.000,0.00,0.00,0.00,0.00,0.000,0.000,0.000,0,"moteur : java.lang.IllegalStateException: Invalid hitboxes for scanline constraint calculation.","mode=ports direction=DOWN inner=DOWN wrap=MULTI_EDGE layerGap=30 rootLayerGap=90 nodeGap=48 rootPadding=12 innerRatio=3 placement=NETWORK_SIMPLEX inline=true labelLayer=SPACE_EFFICIENT_LAYER compaction=EDGE_LENGTH edgeLayerGap=15 edgeNodeGap=15 edgeGap=10 componentGap=24"
sequence-bout-en-bout,elk,2,,0.000,0.00,0.00,0.00,0.00,0.000,0.000,0.000,0,"moteur : java.lang.IllegalStateException: Invalid hitboxes for scanline constraint calculation.","mode=ports direction=DOWN inner=DOWN wrap=MULTI_EDGE layerGap=30 rootLayerGap=90 nodeGap=48 rootPadding=12 innerRatio=3 placement=NETWORK_SIMPLEX inline=true labelLayer=SPACE_EFFICIENT_LAYER compaction=EDGE_LENGTH aspectRatio=1.78 edgeLayerGap=15 edgeNodeGap=15 edgeGap=10 componentGap=24"
sequence-bout-en-bout,elk,2,116,0.456,5.76,6.28,7.19,3.65,0.433,0.162,1.747,30,vertes,"mode=ports direction=DOWN inner=DOWN wrap=MULTI_EDGE layerGap=30 rootLayerGap=90 nodeGap=48 rootPadding=12 innerRatio=3 placement=BRANDES_KOEPF inline=false labelLayer=MEDIAN_LAYER compaction=NONE edgeLayerGap=30 edgeNodeGap=30 edgeGap=20 componentGap=60"
sequence-bout-en-bout,elk,2,117,0.456,5.76,6.28,7.19,3.65,0.433,0.162,1.747,30,vertes,"mode=ports direction=DOWN inner=DOWN wrap=MULTI_EDGE layerGap=30 rootLayerGap=90 nodeGap=48 rootPadding=12 innerRatio=3 placement=BRANDES_KOEPF inline=false labelLayer=MEDIAN_LAYER compaction=NONE aspectRatio=1.78 edgeLayerGap=30 edgeNodeGap=30 edgeGap=20 componentGap=60"
sequence-bout-en-bout,elk,2,89,0.469,5.97,6.51,7.45,3.75,0.435,0.173,1.762,30,vertes,"mode=ports direction=DOWN inner=DOWN wrap=MULTI_EDGE layerGap=30 rootLayerGap=90 nodeGap=48 rootPadding=12 innerRatio=3 placement=BRANDES_KOEPF inline=false labelLayer=MEDIAN_LAYER compaction=NONE edgeLayerGap=15 edgeNodeGap=15 edgeGap=10 componentGap=24"
sequence-bout-en-bout,elk,2,90,0.469,5.97,6.51,7.45,3.75,0.435,0.173,1.762,30,vertes,"mode=ports direction=DOWN inner=DOWN wrap=MULTI_EDGE layerGap=30 rootLayerGap=90 nodeGap=48 rootPadding=12 innerRatio=3 placement=BRANDES_KOEPF inline=false labelLayer=MEDIAN_LAYER compaction=NONE aspectRatio=1.78 edgeLayerGap=15 edgeNodeGap=15 edgeGap=10 componentGap=24"
sequence-bout-en-bout,elk,2,,0.000,0.00,0.00,0.00,0.00,0.000,0.000,0.000,0,"moteur : java.lang.IllegalStateException: Invalid hitboxes for scanline constraint calculation.","mode=ports direction=DOWN inner=DOWN wrap=MULTI_EDGE layerGap=30 rootLayerGap=90 nodeGap=48 rootPadding=12 innerRatio=3 placement=BRANDES_KOEPF inline=false labelLayer=MEDIAN_LAYER compaction=EDGE_LENGTH edgeLayerGap=30 edgeNodeGap=30 edgeGap=20 componentGap=60"
sequence-bout-en-bout,elk,2,,0.000,0.00,0.00,0.00,0.00,0.000,0.000,0.000,0,"moteur : java.lang.IllegalStateException: Invalid hitboxes for scanline constraint calculation.","mode=ports direction=DOWN inner=DOWN wrap=MULTI_EDGE layerGap=30 rootLayerGap=90 nodeGap=48 rootPadding=12 innerRatio=3 placement=BRANDES_KOEPF inline=false labelLayer=MEDIAN_LAYER compaction=EDGE_LENGTH aspectRatio=1.78 edgeLayerGap=30 edgeNodeGap=30 edgeGap=20 componentGap=60"
sequence-bout-en-bout,elk,2,,0.000,0.00,0.00,0.00,0.00,0.000,0.000,0.000,0,"moteur : java.lang.IllegalStateException: Invalid hitboxes for scanline constraint calculation.","mode=ports direction=DOWN inner=DOWN wrap=MULTI_EDGE layerGap=30 rootLayerGap=90 nodeGap=48 rootPadding=12 innerRatio=3 placement=BRANDES_KOEPF inline=false labelLayer=MEDIAN_LAYER compaction=EDGE_LENGTH edgeLayerGap=15 edgeNodeGap=15 edgeGap=10 componentGap=24"
sequence-bout-en-bout,elk,2,,0.000,0.00,0.00,0.00,0.00,0.000,0.000,0.000,0,"moteur : java.lang.IllegalStateException: Invalid hitboxes for scanline constraint calculation.","mode=ports direction=DOWN inner=DOWN wrap=MULTI_EDGE layerGap=30 rootLayerGap=90 nodeGap=48 rootPadding=12 innerRatio=3 placement=BRANDES_KOEPF inline=false labelLayer=MEDIAN_LAYER compaction=EDGE_LENGTH aspectRatio=1.78 edgeLayerGap=15 edgeNodeGap=15 edgeGap=10 componentGap=24"
sequence-bout-en-bout,elk,2,118,0.456,5.76,6.28,7.19,3.65,0.433,0.162,1.747,30,vertes,"mode=ports direction=DOWN inner=DOWN wrap=MULTI_EDGE layerGap=30 rootLayerGap=90 nodeGap=48 rootPadding=12 innerRatio=3 placement=BRANDES_KOEPF inline=false labelLayer=SPACE_EFFICIENT_LAYER compaction=NONE edgeLayerGap=30 edgeNodeGap=30 edgeGap=20 componentGap=60"
sequence-bout-en-bout,elk,2,119,0.456,5.76,6.28,7.19,3.65,0.433,0.162,1.747,30,vertes,"mode=ports direction=DOWN inner=DOWN wrap=MULTI_EDGE layerGap=30 rootLayerGap=90 nodeGap=48 rootPadding=12 innerRatio=3 placement=BRANDES_KOEPF inline=false labelLayer=SPACE_EFFICIENT_LAYER compaction=NONE aspectRatio=1.78 edgeLayerGap=30 edgeNodeGap=30 edgeGap=20 componentGap=60"
sequence-bout-en-bout,elk,2,91,0.469,5.97,6.51,7.45,3.75,0.435,0.173,1.762,30,vertes,"mode=ports direction=DOWN inner=DOWN wrap=MULTI_EDGE layerGap=30 rootLayerGap=90 nodeGap=48 rootPadding=12 innerRatio=3 placement=BRANDES_KOEPF inline=false labelLayer=SPACE_EFFICIENT_LAYER compaction=NONE edgeLayerGap=15 edgeNodeGap=15 edgeGap=10 componentGap=24"
sequence-bout-en-bout,elk,2,92,0.469,5.97,6.51,7.45,3.75,0.435,0.173,1.762,30,vertes,"mode=ports direction=DOWN inner=DOWN wrap=MULTI_EDGE layerGap=30 rootLayerGap=90 nodeGap=48 rootPadding=12 innerRatio=3 placement=BRANDES_KOEPF inline=false labelLayer=SPACE_EFFICIENT_LAYER compaction=NONE aspectRatio=1.78 edgeLayerGap=15 edgeNodeGap=15 edgeGap=10 componentGap=24"
sequence-bout-en-bout,elk,2,,0.000,0.00,0.00,0.00,0.00,0.000,0.000,0.000,0,"moteur : java.lang.IllegalStateException: Invalid hitboxes for scanline constraint calculation.","mode=ports direction=DOWN inner=DOWN wrap=MULTI_EDGE layerGap=30 rootLayerGap=90 nodeGap=48 rootPadding=12 innerRatio=3 placement=BRANDES_KOEPF inline=false labelLayer=SPACE_EFFICIENT_LAYER compaction=EDGE_LENGTH edgeLayerGap=30 edgeNodeGap=30 edgeGap=20 componentGap=60"
sequence-bout-en-bout,elk,2,,0.000,0.00,0.00,0.00,0.00,0.000,0.000,0.000,0,"moteur : java.lang.IllegalStateException: Invalid hitboxes for scanline constraint calculation.","mode=ports direction=DOWN inner=DOWN wrap=MULTI_EDGE layerGap=30 rootLayerGap=90 nodeGap=48 rootPadding=12 innerRatio=3 placement=BRANDES_KOEPF inline=false labelLayer=SPACE_EFFICIENT_LAYER compaction=EDGE_LENGTH aspectRatio=1.78 edgeLayerGap=30 edgeNodeGap=30 edgeGap=20 componentGap=60"
sequence-bout-en-bout,elk,2,,0.000,0.00,0.00,0.00,0.00,0.000,0.000,0.000,0,"moteur : java.lang.IllegalStateException: Invalid hitboxes for scanline constraint calculation.","mode=ports direction=DOWN inner=DOWN wrap=MULTI_EDGE layerGap=30 rootLayerGap=90 nodeGap=48 rootPadding=12 innerRatio=3 placement=BRANDES_KOEPF inline=false labelLayer=SPACE_EFFICIENT_LAYER compaction=EDGE_LENGTH edgeLayerGap=15 edgeNodeGap=15 edgeGap=10 componentGap=24"
sequence-bout-en-bout,elk,2,,0.000,0.00,0.00,0.00,0.00,0.000,0.000,0.000,0,"moteur : java.lang.IllegalStateException: Invalid hitboxes for scanline constraint calculation.","mode=ports direction=DOWN inner=DOWN wrap=MULTI_EDGE layerGap=30 rootLayerGap=90 nodeGap=48 rootPadding=12 innerRatio=3 placement=BRANDES_KOEPF inline=false labelLayer=SPACE_EFFICIENT_LAYER compaction=EDGE_LENGTH aspectRatio=1.78 edgeLayerGap=15 edgeNodeGap=15 edgeGap=10 componentGap=24"
sequence-bout-en-bout,elk,2,45,0.480,5.76,6.28,7.19,3.84,0.437,0.171,1.659,30,vertes,"mode=ports direction=DOWN inner=DOWN wrap=MULTI_EDGE layerGap=30 rootLayerGap=90 nodeGap=48 rootPadding=12 innerRatio=3 placement=BRANDES_KOEPF inline=true labelLayer=MEDIAN_LAYER compaction=NONE edgeLayerGap=30 edgeNodeGap=30 edgeGap=20 componentGap=60"
sequence-bout-en-bout,elk,2,46,0.480,5.76,6.28,7.19,3.84,0.437,0.171,1.659,30,vertes,"mode=ports direction=DOWN inner=DOWN wrap=MULTI_EDGE layerGap=30 rootLayerGap=90 nodeGap=48 rootPadding=12 innerRatio=3 placement=BRANDES_KOEPF inline=true labelLayer=MEDIAN_LAYER compaction=NONE aspectRatio=1.78 edgeLayerGap=30 edgeNodeGap=30 edgeGap=20 componentGap=60"
sequence-bout-en-bout,elk,2,21,0.495,5.97,6.51,7.45,3.96,0.438,0.182,1.671,30,vertes,"mode=ports direction=DOWN inner=DOWN wrap=MULTI_EDGE layerGap=30 rootLayerGap=90 nodeGap=48 rootPadding=12 innerRatio=3 placement=BRANDES_KOEPF inline=true labelLayer=MEDIAN_LAYER compaction=NONE edgeLayerGap=15 edgeNodeGap=15 edgeGap=10 componentGap=24"
sequence-bout-en-bout,elk,2,22,0.495,5.97,6.51,7.45,3.96,0.438,0.182,1.671,30,vertes,"mode=ports direction=DOWN inner=DOWN wrap=MULTI_EDGE layerGap=30 rootLayerGap=90 nodeGap=48 rootPadding=12 innerRatio=3 placement=BRANDES_KOEPF inline=true labelLayer=MEDIAN_LAYER compaction=NONE aspectRatio=1.78 edgeLayerGap=15 edgeNodeGap=15 edgeGap=10 componentGap=24"
sequence-bout-en-bout,elk,2,,0.000,0.00,0.00,0.00,0.00,0.000,0.000,0.000,0,"moteur : java.lang.IllegalStateException: Invalid hitboxes for scanline constraint calculation.","mode=ports direction=DOWN inner=DOWN wrap=MULTI_EDGE layerGap=30 rootLayerGap=90 nodeGap=48 rootPadding=12 innerRatio=3 placement=BRANDES_KOEPF inline=true labelLayer=MEDIAN_LAYER compaction=EDGE_LENGTH edgeLayerGap=30 edgeNodeGap=30 edgeGap=20 componentGap=60"
sequence-bout-en-bout,elk,2,,0.000,0.00,0.00,0.00,0.00,0.000,0.000,0.000,0,"moteur : java.lang.IllegalStateException: Invalid hitboxes for scanline constraint calculation.","mode=ports direction=DOWN inner=DOWN wrap=MULTI_EDGE layerGap=30 rootLayerGap=90 nodeGap=48 rootPadding=12 innerRatio=3 placement=BRANDES_KOEPF inline=true labelLayer=MEDIAN_LAYER compaction=EDGE_LENGTH aspectRatio=1.78 edgeLayerGap=30 edgeNodeGap=30 edgeGap=20 componentGap=60"
sequence-bout-en-bout,elk,2,,0.000,0.00,0.00,0.00,0.00,0.000,0.000,0.000,0,"moteur : java.lang.IllegalStateException: Invalid hitboxes for scanline constraint calculation.","mode=ports direction=DOWN inner=DOWN wrap=MULTI_EDGE layerGap=30 rootLayerGap=90 nodeGap=48 rootPadding=12 innerRatio=3 placement=BRANDES_KOEPF inline=true labelLayer=MEDIAN_LAYER compaction=EDGE_LENGTH edgeLayerGap=15 edgeNodeGap=15 edgeGap=10 componentGap=24"
sequence-bout-en-bout,elk,2,,0.000,0.00,0.00,0.00,0.00,0.000,0.000,0.000,0,"moteur : java.lang.IllegalStateException: Invalid hitboxes for scanline constraint calculation.","mode=ports direction=DOWN inner=DOWN wrap=MULTI_EDGE layerGap=30 rootLayerGap=90 nodeGap=48 rootPadding=12 innerRatio=3 placement=BRANDES_KOEPF inline=true labelLayer=MEDIAN_LAYER compaction=EDGE_LENGTH aspectRatio=1.78 edgeLayerGap=15 edgeNodeGap=15 edgeGap=10 componentGap=24"
sequence-bout-en-bout,elk,2,47,0.480,5.76,6.28,7.19,3.84,0.437,0.171,1.659,30,vertes,"mode=ports direction=DOWN inner=DOWN wrap=MULTI_EDGE layerGap=30 rootLayerGap=90 nodeGap=48 rootPadding=12 innerRatio=3 placement=BRANDES_KOEPF inline=true labelLayer=SPACE_EFFICIENT_LAYER compaction=NONE edgeLayerGap=30 edgeNodeGap=30 edgeGap=20 componentGap=60"
sequence-bout-en-bout,elk,2,48,0.480,5.76,6.28,7.19,3.84,0.437,0.171,1.659,30,vertes,"mode=ports direction=DOWN inner=DOWN wrap=MULTI_EDGE layerGap=30 rootLayerGap=90 nodeGap=48 rootPadding=12 innerRatio=3 placement=BRANDES_KOEPF inline=true labelLayer=SPACE_EFFICIENT_LAYER compaction=NONE aspectRatio=1.78 edgeLayerGap=30 edgeNodeGap=30 edgeGap=20 componentGap=60"
sequence-bout-en-bout,elk,2,23,0.495,5.97,6.51,7.45,3.96,0.438,0.182,1.671,30,vertes,"mode=ports direction=DOWN inner=DOWN wrap=MULTI_EDGE layerGap=30 rootLayerGap=90 nodeGap=48 rootPadding=12 innerRatio=3 placement=BRANDES_KOEPF inline=true labelLayer=SPACE_EFFICIENT_LAYER compaction=NONE edgeLayerGap=15 edgeNodeGap=15 edgeGap=10 componentGap=24"
sequence-bout-en-bout,elk,2,24,0.495,5.97,6.51,7.45,3.96,0.438,0.182,1.671,30,vertes,"mode=ports direction=DOWN inner=DOWN wrap=MULTI_EDGE layerGap=30 rootLayerGap=90 nodeGap=48 rootPadding=12 innerRatio=3 placement=BRANDES_KOEPF inline=true labelLayer=SPACE_EFFICIENT_LAYER compaction=NONE aspectRatio=1.78 edgeLayerGap=15 edgeNodeGap=15 edgeGap=10 componentGap=24"
sequence-bout-en-bout,elk,2,,0.000,0.00,0.00,0.00,0.00,0.000,0.000,0.000,0,"moteur : java.lang.IllegalStateException: Invalid hitboxes for scanline constraint calculation.","mode=ports direction=DOWN inner=DOWN wrap=MULTI_EDGE layerGap=30 rootLayerGap=90 nodeGap=48 rootPadding=12 innerRatio=3 placement=BRANDES_KOEPF inline=true labelLayer=SPACE_EFFICIENT_LAYER compaction=EDGE_LENGTH edgeLayerGap=30 edgeNodeGap=30 edgeGap=20 componentGap=60"
sequence-bout-en-bout,elk,2,,0.000,0.00,0.00,0.00,0.00,0.000,0.000,0.000,0,"moteur : java.lang.IllegalStateException: Invalid hitboxes for scanline constraint calculation.","mode=ports direction=DOWN inner=DOWN wrap=MULTI_EDGE layerGap=30 rootLayerGap=90 nodeGap=48 rootPadding=12 innerRatio=3 placement=BRANDES_KOEPF inline=true labelLayer=SPACE_EFFICIENT_LAYER compaction=EDGE_LENGTH aspectRatio=1.78 edgeLayerGap=30 edgeNodeGap=30 edgeGap=20 componentGap=60"
sequence-bout-en-bout,elk,2,,0.000,0.00,0.00,0.00,0.00,0.000,0.000,0.000,0,"moteur : java.lang.IllegalStateException: Invalid hitboxes for scanline constraint calculation.","mode=ports direction=DOWN inner=DOWN wrap=MULTI_EDGE layerGap=30 rootLayerGap=90 nodeGap=48 rootPadding=12 innerRatio=3 placement=BRANDES_KOEPF inline=true labelLayer=SPACE_EFFICIENT_LAYER compaction=EDGE_LENGTH edgeLayerGap=15 edgeNodeGap=15 edgeGap=10 componentGap=24"
sequence-bout-en-bout,elk,2,,0.000,0.00,0.00,0.00,0.00,0.000,0.000,0.000,0,"moteur : java.lang.IllegalStateException: Invalid hitboxes for scanline constraint calculation.","mode=ports direction=DOWN inner=DOWN wrap=MULTI_EDGE layerGap=30 rootLayerGap=90 nodeGap=48 rootPadding=12 innerRatio=3 placement=BRANDES_KOEPF inline=true labelLayer=SPACE_EFFICIENT_LAYER compaction=EDGE_LENGTH aspectRatio=1.78 edgeLayerGap=15 edgeNodeGap=15 edgeGap=10 componentGap=24"
sequence-bout-en-bout,elk,2,133,0.448,5.38,5.87,6.72,3.61,0.437,0.150,1.648,60,vertes,"mode=ports direction=DOWN inner=DOWN wrap=MULTI_EDGE layerGap=30 rootLayerGap=90 nodeGap=48 rootPadding=12 innerRatio=3 placement=LINEAR_SEGMENTS inline=false labelLayer=MEDIAN_LAYER compaction=NONE edgeLayerGap=30 edgeNodeGap=30 edgeGap=20 componentGap=60"
sequence-bout-en-bout,elk,2,134,0.448,5.38,5.87,6.72,3.61,0.437,0.150,1.648,60,vertes,"mode=ports direction=DOWN inner=DOWN wrap=MULTI_EDGE layerGap=30 rootLayerGap=90 nodeGap=48 rootPadding=12 innerRatio=3 placement=LINEAR_SEGMENTS inline=false labelLayer=MEDIAN_LAYER compaction=NONE aspectRatio=1.78 edgeLayerGap=30 edgeNodeGap=30 edgeGap=20 componentGap=60"
sequence-bout-en-bout,elk,2,,0.464,5.97,6.51,7.45,3.71,0.432,0.171,1.781,60,"rapport 1.781 hors de [4:3 ; 16:9]","mode=ports direction=DOWN inner=DOWN wrap=MULTI_EDGE layerGap=30 rootLayerGap=90 nodeGap=48 rootPadding=12 innerRatio=3 placement=LINEAR_SEGMENTS inline=false labelLayer=MEDIAN_LAYER compaction=NONE edgeLayerGap=15 edgeNodeGap=15 edgeGap=10 componentGap=24"
sequence-bout-en-bout,elk,2,,0.464,5.97,6.51,7.45,3.71,0.432,0.171,1.781,60,"rapport 1.781 hors de [4:3 ; 16:9]","mode=ports direction=DOWN inner=DOWN wrap=MULTI_EDGE layerGap=30 rootLayerGap=90 nodeGap=48 rootPadding=12 innerRatio=3 placement=LINEAR_SEGMENTS inline=false labelLayer=MEDIAN_LAYER compaction=NONE aspectRatio=1.78 edgeLayerGap=15 edgeNodeGap=15 edgeGap=10 componentGap=24"
sequence-bout-en-bout,elk,2,,0.000,0.00,0.00,0.00,0.00,0.000,0.000,0.000,0,"moteur : java.lang.IllegalStateException: Invalid hitboxes for scanline constraint calculation.","mode=ports direction=DOWN inner=DOWN wrap=MULTI_EDGE layerGap=30 rootLayerGap=90 nodeGap=48 rootPadding=12 innerRatio=3 placement=LINEAR_SEGMENTS inline=false labelLayer=MEDIAN_LAYER compaction=EDGE_LENGTH edgeLayerGap=30 edgeNodeGap=30 edgeGap=20 componentGap=60"
sequence-bout-en-bout,elk,2,,0.000,0.00,0.00,0.00,0.00,0.000,0.000,0.000,0,"moteur : java.lang.IllegalStateException: Invalid hitboxes for scanline constraint calculation.","mode=ports direction=DOWN inner=DOWN wrap=MULTI_EDGE layerGap=30 rootLayerGap=90 nodeGap=48 rootPadding=12 innerRatio=3 placement=LINEAR_SEGMENTS inline=false labelLayer=MEDIAN_LAYER compaction=EDGE_LENGTH aspectRatio=1.78 edgeLayerGap=30 edgeNodeGap=30 edgeGap=20 componentGap=60"
sequence-bout-en-bout,elk,2,,0.000,0.00,0.00,0.00,0.00,0.000,0.000,0.000,0,"moteur : java.lang.IllegalStateException: Invalid hitboxes for scanline constraint calculation.","mode=ports direction=DOWN inner=DOWN wrap=MULTI_EDGE layerGap=30 rootLayerGap=90 nodeGap=48 rootPadding=12 innerRatio=3 placement=LINEAR_SEGMENTS inline=false labelLayer=MEDIAN_LAYER compaction=EDGE_LENGTH edgeLayerGap=15 edgeNodeGap=15 edgeGap=10 componentGap=24"
sequence-bout-en-bout,elk,2,,0.000,0.00,0.00,0.00,0.00,0.000,0.000,0.000,0,"moteur : java.lang.IllegalStateException: Invalid hitboxes for scanline constraint calculation.","mode=ports direction=DOWN inner=DOWN wrap=MULTI_EDGE layerGap=30 rootLayerGap=90 nodeGap=48 rootPadding=12 innerRatio=3 placement=LINEAR_SEGMENTS inline=false labelLayer=MEDIAN_LAYER compaction=EDGE_LENGTH aspectRatio=1.78 edgeLayerGap=15 edgeNodeGap=15 edgeGap=10 componentGap=24"
sequence-bout-en-bout,elk,2,135,0.448,5.38,5.87,6.72,3.61,0.437,0.150,1.648,60,vertes,"mode=ports direction=DOWN inner=DOWN wrap=MULTI_EDGE layerGap=30 rootLayerGap=90 nodeGap=48 rootPadding=12 innerRatio=3 placement=LINEAR_SEGMENTS inline=false labelLayer=SPACE_EFFICIENT_LAYER compaction=NONE edgeLayerGap=30 edgeNodeGap=30 edgeGap=20 componentGap=60"
sequence-bout-en-bout,elk,2,136,0.448,5.38,5.87,6.72,3.61,0.437,0.150,1.648,60,vertes,"mode=ports direction=DOWN inner=DOWN wrap=MULTI_EDGE layerGap=30 rootLayerGap=90 nodeGap=48 rootPadding=12 innerRatio=3 placement=LINEAR_SEGMENTS inline=false labelLayer=SPACE_EFFICIENT_LAYER compaction=NONE aspectRatio=1.78 edgeLayerGap=30 edgeNodeGap=30 edgeGap=20 componentGap=60"
sequence-bout-en-bout,elk,2,,0.464,5.97,6.51,7.45,3.71,0.432,0.171,1.781,60,"rapport 1.781 hors de [4:3 ; 16:9]","mode=ports direction=DOWN inner=DOWN wrap=MULTI_EDGE layerGap=30 rootLayerGap=90 nodeGap=48 rootPadding=12 innerRatio=3 placement=LINEAR_SEGMENTS inline=false labelLayer=SPACE_EFFICIENT_LAYER compaction=NONE edgeLayerGap=15 edgeNodeGap=15 edgeGap=10 componentGap=24"
sequence-bout-en-bout,elk,2,,0.464,5.97,6.51,7.45,3.71,0.432,0.171,1.781,60,"rapport 1.781 hors de [4:3 ; 16:9]","mode=ports direction=DOWN inner=DOWN wrap=MULTI_EDGE layerGap=30 rootLayerGap=90 nodeGap=48 rootPadding=12 innerRatio=3 placement=LINEAR_SEGMENTS inline=false labelLayer=SPACE_EFFICIENT_LAYER compaction=NONE aspectRatio=1.78 edgeLayerGap=15 edgeNodeGap=15 edgeGap=10 componentGap=24"
sequence-bout-en-bout,elk,2,,0.000,0.00,0.00,0.00,0.00,0.000,0.000,0.000,0,"moteur : java.lang.IllegalStateException: Invalid hitboxes for scanline constraint calculation.","mode=ports direction=DOWN inner=DOWN wrap=MULTI_EDGE layerGap=30 rootLayerGap=90 nodeGap=48 rootPadding=12 innerRatio=3 placement=LINEAR_SEGMENTS inline=false labelLayer=SPACE_EFFICIENT_LAYER compaction=EDGE_LENGTH edgeLayerGap=30 edgeNodeGap=30 edgeGap=20 componentGap=60"
sequence-bout-en-bout,elk,2,,0.000,0.00,0.00,0.00,0.00,0.000,0.000,0.000,0,"moteur : java.lang.IllegalStateException: Invalid hitboxes for scanline constraint calculation.","mode=ports direction=DOWN inner=DOWN wrap=MULTI_EDGE layerGap=30 rootLayerGap=90 nodeGap=48 rootPadding=12 innerRatio=3 placement=LINEAR_SEGMENTS inline=false labelLayer=SPACE_EFFICIENT_LAYER compaction=EDGE_LENGTH aspectRatio=1.78 edgeLayerGap=30 edgeNodeGap=30 edgeGap=20 componentGap=60"
sequence-bout-en-bout,elk,2,,0.000,0.00,0.00,0.00,0.00,0.000,0.000,0.000,0,"moteur : java.lang.IllegalStateException: Invalid hitboxes for scanline constraint calculation.","mode=ports direction=DOWN inner=DOWN wrap=MULTI_EDGE layerGap=30 rootLayerGap=90 nodeGap=48 rootPadding=12 innerRatio=3 placement=LINEAR_SEGMENTS inline=false labelLayer=SPACE_EFFICIENT_LAYER compaction=EDGE_LENGTH edgeLayerGap=15 edgeNodeGap=15 edgeGap=10 componentGap=24"
sequence-bout-en-bout,elk,2,,0.000,0.00,0.00,0.00,0.00,0.000,0.000,0.000,0,"moteur : java.lang.IllegalStateException: Invalid hitboxes for scanline constraint calculation.","mode=ports direction=DOWN inner=DOWN wrap=MULTI_EDGE layerGap=30 rootLayerGap=90 nodeGap=48 rootPadding=12 innerRatio=3 placement=LINEAR_SEGMENTS inline=false labelLayer=SPACE_EFFICIENT_LAYER compaction=EDGE_LENGTH aspectRatio=1.78 edgeLayerGap=15 edgeNodeGap=15 edgeGap=10 componentGap=24"
sequence-bout-en-bout,elk,2,125,0.448,5.38,5.87,6.72,3.73,0.439,0.155,1.597,58,vertes,"mode=ports direction=DOWN inner=DOWN wrap=MULTI_EDGE layerGap=30 rootLayerGap=90 nodeGap=48 rootPadding=12 innerRatio=3 placement=LINEAR_SEGMENTS inline=true labelLayer=MEDIAN_LAYER compaction=NONE edgeLayerGap=30 edgeNodeGap=30 edgeGap=20 componentGap=60"
sequence-bout-en-bout,elk,2,126,0.448,5.38,5.87,6.72,3.73,0.439,0.155,1.597,58,vertes,"mode=ports direction=DOWN inner=DOWN wrap=MULTI_EDGE layerGap=30 rootLayerGap=90 nodeGap=48 rootPadding=12 innerRatio=3 placement=LINEAR_SEGMENTS inline=true labelLayer=MEDIAN_LAYER compaction=NONE aspectRatio=1.78 edgeLayerGap=30 edgeNodeGap=30 edgeGap=20 componentGap=60"
sequence-bout-en-bout,elk,2,57,0.479,5.97,6.51,7.45,3.83,0.438,0.177,1.727,58,vertes,"mode=ports direction=DOWN inner=DOWN wrap=MULTI_EDGE layerGap=30 rootLayerGap=90 nodeGap=48 rootPadding=12 innerRatio=3 placement=LINEAR_SEGMENTS inline=true labelLayer=MEDIAN_LAYER compaction=NONE edgeLayerGap=15 edgeNodeGap=15 edgeGap=10 componentGap=24"
sequence-bout-en-bout,elk,2,58,0.479,5.97,6.51,7.45,3.83,0.438,0.177,1.727,58,vertes,"mode=ports direction=DOWN inner=DOWN wrap=MULTI_EDGE layerGap=30 rootLayerGap=90 nodeGap=48 rootPadding=12 innerRatio=3 placement=LINEAR_SEGMENTS inline=true labelLayer=MEDIAN_LAYER compaction=NONE aspectRatio=1.78 edgeLayerGap=15 edgeNodeGap=15 edgeGap=10 componentGap=24"
sequence-bout-en-bout,elk,2,,0.000,0.00,0.00,0.00,0.00,0.000,0.000,0.000,0,"moteur : java.lang.IllegalStateException: Invalid hitboxes for scanline constraint calculation.","mode=ports direction=DOWN inner=DOWN wrap=MULTI_EDGE layerGap=30 rootLayerGap=90 nodeGap=48 rootPadding=12 innerRatio=3 placement=LINEAR_SEGMENTS inline=true labelLayer=MEDIAN_LAYER compaction=EDGE_LENGTH edgeLayerGap=30 edgeNodeGap=30 edgeGap=20 componentGap=60"
sequence-bout-en-bout,elk,2,,0.000,0.00,0.00,0.00,0.00,0.000,0.000,0.000,0,"moteur : java.lang.IllegalStateException: Invalid hitboxes for scanline constraint calculation.","mode=ports direction=DOWN inner=DOWN wrap=MULTI_EDGE layerGap=30 rootLayerGap=90 nodeGap=48 rootPadding=12 innerRatio=3 placement=LINEAR_SEGMENTS inline=true labelLayer=MEDIAN_LAYER compaction=EDGE_LENGTH aspectRatio=1.78 edgeLayerGap=30 edgeNodeGap=30 edgeGap=20 componentGap=60"
sequence-bout-en-bout,elk,2,,0.000,0.00,0.00,0.00,0.00,0.000,0.000,0.000,0,"moteur : java.lang.IllegalStateException: Invalid hitboxes for scanline constraint calculation.","mode=ports direction=DOWN inner=DOWN wrap=MULTI_EDGE layerGap=30 rootLayerGap=90 nodeGap=48 rootPadding=12 innerRatio=3 placement=LINEAR_SEGMENTS inline=true labelLayer=MEDIAN_LAYER compaction=EDGE_LENGTH edgeLayerGap=15 edgeNodeGap=15 edgeGap=10 componentGap=24"
sequence-bout-en-bout,elk,2,,0.000,0.00,0.00,0.00,0.00,0.000,0.000,0.000,0,"moteur : java.lang.IllegalStateException: Invalid hitboxes for scanline constraint calculation.","mode=ports direction=DOWN inner=DOWN wrap=MULTI_EDGE layerGap=30 rootLayerGap=90 nodeGap=48 rootPadding=12 innerRatio=3 placement=LINEAR_SEGMENTS inline=true labelLayer=MEDIAN_LAYER compaction=EDGE_LENGTH aspectRatio=1.78 edgeLayerGap=15 edgeNodeGap=15 edgeGap=10 componentGap=24"
sequence-bout-en-bout,elk,2,127,0.448,5.38,5.87,6.72,3.73,0.439,0.155,1.597,58,vertes,"mode=ports direction=DOWN inner=DOWN wrap=MULTI_EDGE layerGap=30 rootLayerGap=90 nodeGap=48 rootPadding=12 innerRatio=3 placement=LINEAR_SEGMENTS inline=true labelLayer=SPACE_EFFICIENT_LAYER compaction=NONE edgeLayerGap=30 edgeNodeGap=30 edgeGap=20 componentGap=60"
sequence-bout-en-bout,elk,2,128,0.448,5.38,5.87,6.72,3.73,0.439,0.155,1.597,58,vertes,"mode=ports direction=DOWN inner=DOWN wrap=MULTI_EDGE layerGap=30 rootLayerGap=90 nodeGap=48 rootPadding=12 innerRatio=3 placement=LINEAR_SEGMENTS inline=true labelLayer=SPACE_EFFICIENT_LAYER compaction=NONE aspectRatio=1.78 edgeLayerGap=30 edgeNodeGap=30 edgeGap=20 componentGap=60"
sequence-bout-en-bout,elk,2,59,0.479,5.97,6.51,7.45,3.83,0.438,0.177,1.727,58,vertes,"mode=ports direction=DOWN inner=DOWN wrap=MULTI_EDGE layerGap=30 rootLayerGap=90 nodeGap=48 rootPadding=12 innerRatio=3 placement=LINEAR_SEGMENTS inline=true labelLayer=SPACE_EFFICIENT_LAYER compaction=NONE edgeLayerGap=15 edgeNodeGap=15 edgeGap=10 componentGap=24"
sequence-bout-en-bout,elk,2,60,0.479,5.97,6.51,7.45,3.83,0.438,0.177,1.727,58,vertes,"mode=ports direction=DOWN inner=DOWN wrap=MULTI_EDGE layerGap=30 rootLayerGap=90 nodeGap=48 rootPadding=12 innerRatio=3 placement=LINEAR_SEGMENTS inline=true labelLayer=SPACE_EFFICIENT_LAYER compaction=NONE aspectRatio=1.78 edgeLayerGap=15 edgeNodeGap=15 edgeGap=10 componentGap=24"
sequence-bout-en-bout,elk,2,,0.000,0.00,0.00,0.00,0.00,0.000,0.000,0.000,0,"moteur : java.lang.IllegalStateException: Invalid hitboxes for scanline constraint calculation.","mode=ports direction=DOWN inner=DOWN wrap=MULTI_EDGE layerGap=30 rootLayerGap=90 nodeGap=48 rootPadding=12 innerRatio=3 placement=LINEAR_SEGMENTS inline=true labelLayer=SPACE_EFFICIENT_LAYER compaction=EDGE_LENGTH edgeLayerGap=30 edgeNodeGap=30 edgeGap=20 componentGap=60"
sequence-bout-en-bout,elk,2,,0.000,0.00,0.00,0.00,0.00,0.000,0.000,0.000,0,"moteur : java.lang.IllegalStateException: Invalid hitboxes for scanline constraint calculation.","mode=ports direction=DOWN inner=DOWN wrap=MULTI_EDGE layerGap=30 rootLayerGap=90 nodeGap=48 rootPadding=12 innerRatio=3 placement=LINEAR_SEGMENTS inline=true labelLayer=SPACE_EFFICIENT_LAYER compaction=EDGE_LENGTH aspectRatio=1.78 edgeLayerGap=30 edgeNodeGap=30 edgeGap=20 componentGap=60"
sequence-bout-en-bout,elk,2,,0.000,0.00,0.00,0.00,0.00,0.000,0.000,0.000,0,"moteur : java.lang.IllegalStateException: Invalid hitboxes for scanline constraint calculation.","mode=ports direction=DOWN inner=DOWN wrap=MULTI_EDGE layerGap=30 rootLayerGap=90 nodeGap=48 rootPadding=12 innerRatio=3 placement=LINEAR_SEGMENTS inline=true labelLayer=SPACE_EFFICIENT_LAYER compaction=EDGE_LENGTH edgeLayerGap=15 edgeNodeGap=15 edgeGap=10 componentGap=24"
sequence-bout-en-bout,elk,2,,0.000,0.00,0.00,0.00,0.00,0.000,0.000,0.000,0,"moteur : java.lang.IllegalStateException: Invalid hitboxes for scanline constraint calculation.","mode=ports direction=DOWN inner=DOWN wrap=MULTI_EDGE layerGap=30 rootLayerGap=90 nodeGap=48 rootPadding=12 innerRatio=3 placement=LINEAR_SEGMENTS inline=true labelLayer=SPACE_EFFICIENT_LAYER compaction=EDGE_LENGTH aspectRatio=1.78 edgeLayerGap=15 edgeNodeGap=15 edgeGap=10 componentGap=24"
mise-en-service,elk,1,,0.241,2.90,3.16,3.61,2.15,0.894,0.566,0.103,0,"rapport 0.103 hors de [4:3 ; 16:9]","mode=include direction=DOWN layering=NETWORK_SIMPLEX layerGap=30 nodeGap=24 placement=NETWORK_SIMPLEX rootPadding=12"
mise-en-service,elk,1,,0.241,2.90,3.16,3.61,2.15,0.894,0.566,0.103,0,"rapport 0.103 hors de [4:3 ; 16:9]","mode=include direction=DOWN layering=NETWORK_SIMPLEX layerGap=30 nodeGap=24 placement=BRANDES_KOEPF rootPadding=12"
mise-en-service,elk,1,,0.238,2.86,3.12,3.57,2.12,0.874,0.554,0.103,4,"rapport 0.103 hors de [4:3 ; 16:9]","mode=include direction=DOWN layering=NETWORK_SIMPLEX layerGap=30 nodeGap=24 placement=LINEAR_SEGMENTS rootPadding=12"
mise-en-service,elk,1,,0.241,2.90,3.16,3.61,2.15,0.894,0.566,0.103,0,"rapport 0.103 hors de [4:3 ; 16:9]","mode=include direction=DOWN layering=NETWORK_SIMPLEX layerGap=30 nodeGap=48 placement=NETWORK_SIMPLEX rootPadding=12"
mise-en-service,elk,1,,0.241,2.90,3.16,3.61,2.15,0.894,0.566,0.103,0,"rapport 0.103 hors de [4:3 ; 16:9]","mode=include direction=DOWN layering=NETWORK_SIMPLEX layerGap=30 nodeGap=48 placement=BRANDES_KOEPF rootPadding=12"
mise-en-service,elk,1,,0.238,2.86,3.12,3.57,2.12,0.874,0.554,0.103,4,"rapport 0.103 hors de [4:3 ; 16:9]","mode=include direction=DOWN layering=NETWORK_SIMPLEX layerGap=30 nodeGap=48 placement=LINEAR_SEGMENTS rootPadding=12"
mise-en-service,elk,1,,0.236,2.83,3.09,3.53,2.10,0.873,0.553,0.101,0,"rapport 0.101 hors de [4:3 ; 16:9]","mode=include direction=DOWN layering=NETWORK_SIMPLEX layerGap=60 nodeGap=24 placement=NETWORK_SIMPLEX rootPadding=12"
mise-en-service,elk,1,,0.236,2.83,3.09,3.53,2.10,0.873,0.553,0.101,0,"rapport 0.101 hors de [4:3 ; 16:9]","mode=include direction=DOWN layering=NETWORK_SIMPLEX layerGap=60 nodeGap=24 placement=BRANDES_KOEPF rootPadding=12"
mise-en-service,elk,1,,0.236,2.83,3.09,3.53,2.10,0.864,0.548,0.102,4,"rapport 0.102 hors de [4:3 ; 16:9]","mode=include direction=DOWN layering=NETWORK_SIMPLEX layerGap=60 nodeGap=24 placement=LINEAR_SEGMENTS rootPadding=12"
mise-en-service,elk,1,,0.236,2.83,3.09,3.53,2.10,0.873,0.553,0.101,0,"rapport 0.101 hors de [4:3 ; 16:9]","mode=include direction=DOWN layering=NETWORK_SIMPLEX layerGap=60 nodeGap=48 placement=NETWORK_SIMPLEX rootPadding=12"
mise-en-service,elk,1,,0.236,2.83,3.09,3.53,2.10,0.873,0.553,0.101,0,"rapport 0.101 hors de [4:3 ; 16:9]","mode=include direction=DOWN layering=NETWORK_SIMPLEX layerGap=60 nodeGap=48 placement=BRANDES_KOEPF rootPadding=12"
mise-en-service,elk,1,,0.236,2.83,3.09,3.53,2.10,0.864,0.548,0.102,4,"rapport 0.102 hors de [4:3 ; 16:9]","mode=include direction=DOWN layering=NETWORK_SIMPLEX layerGap=60 nodeGap=48 placement=LINEAR_SEGMENTS rootPadding=12"
mise-en-service,elk,1,,0.225,2.70,2.95,3.38,2.01,0.835,0.529,0.096,0,"rapport 0.096 hors de [4:3 ; 16:9]","mode=include direction=DOWN layering=NETWORK_SIMPLEX layerGap=120 nodeGap=24 placement=NETWORK_SIMPLEX rootPadding=12"
mise-en-service,elk,1,,0.225,2.70,2.95,3.38,2.01,0.835,0.529,0.096,0,"rapport 0.096 hors de [4:3 ; 16:9]","mode=include direction=DOWN layering=NETWORK_SIMPLEX layerGap=120 nodeGap=24 placement=BRANDES_KOEPF rootPadding=12"
mise-en-service,elk,1,,0.225,2.70,2.95,3.38,2.01,0.826,0.524,0.097,4,"rapport 0.097 hors de [4:3 ; 16:9]","mode=include direction=DOWN layering=NETWORK_SIMPLEX layerGap=120 nodeGap=24 placement=LINEAR_SEGMENTS rootPadding=12"
mise-en-service,elk,1,,0.225,2.70,2.95,3.38,2.01,0.835,0.529,0.096,0,"rapport 0.096 hors de [4:3 ; 16:9]","mode=include direction=DOWN layering=NETWORK_SIMPLEX layerGap=120 nodeGap=48 placement=NETWORK_SIMPLEX rootPadding=12"
mise-en-service,elk,1,,0.225,2.70,2.95,3.38,2.01,0.835,0.529,0.096,0,"rapport 0.096 hors de [4:3 ; 16:9]","mode=include direction=DOWN layering=NETWORK_SIMPLEX layerGap=120 nodeGap=48 placement=BRANDES_KOEPF rootPadding=12"
mise-en-service,elk,1,,0.225,2.70,2.95,3.38,2.01,0.826,0.524,0.097,4,"rapport 0.097 hors de [4:3 ; 16:9]","mode=include direction=DOWN layering=NETWORK_SIMPLEX layerGap=120 nodeGap=48 placement=LINEAR_SEGMENTS rootPadding=12"
mise-en-service,elk,1,,0.210,2.52,2.75,3.14,1.87,0.777,0.493,0.089,0,"rapport 0.089 hors de [4:3 ; 16:9]","mode=include direction=DOWN layering=NETWORK_SIMPLEX layerGap=220 nodeGap=24 placement=NETWORK_SIMPLEX rootPadding=12"
mise-en-service,elk,1,,0.210,2.52,2.75,3.14,1.87,0.777,0.493,0.089,0,"rapport 0.089 hors de [4:3 ; 16:9]","mode=include direction=DOWN layering=NETWORK_SIMPLEX layerGap=220 nodeGap=24 placement=BRANDES_KOEPF rootPadding=12"
mise-en-service,elk,1,,0.210,2.52,2.75,3.14,1.87,0.770,0.488,0.090,4,"rapport 0.090 hors de [4:3 ; 16:9]","mode=include direction=DOWN layering=NETWORK_SIMPLEX layerGap=220 nodeGap=24 placement=LINEAR_SEGMENTS rootPadding=12"
mise-en-service,elk,1,,0.210,2.52,2.75,3.14,1.87,0.777,0.493,0.089,0,"rapport 0.089 hors de [4:3 ; 16:9]","mode=include direction=DOWN layering=NETWORK_SIMPLEX layerGap=220 nodeGap=48 placement=NETWORK_SIMPLEX rootPadding=12"
mise-en-service,elk,1,,0.210,2.52,2.75,3.14,1.87,0.777,0.493,0.089,0,"rapport 0.089 hors de [4:3 ; 16:9]","mode=include direction=DOWN layering=NETWORK_SIMPLEX layerGap=220 nodeGap=48 placement=BRANDES_KOEPF rootPadding=12"
mise-en-service,elk,1,,0.210,2.52,2.75,3.14,1.87,0.770,0.488,0.090,4,"rapport 0.090 hors de [4:3 ; 16:9]","mode=include direction=DOWN layering=NETWORK_SIMPLEX layerGap=220 nodeGap=48 placement=LINEAR_SEGMENTS rootPadding=12"
mise-en-service,elk,1,,0.241,2.90,3.16,3.61,2.15,0.894,0.566,0.103,0,"rapport 0.103 hors de [4:3 ; 16:9]","mode=include direction=DOWN layering=COFFMAN_GRAHAM layerGap=30 nodeGap=24 placement=NETWORK_SIMPLEX rootPadding=12 layerBound=3"
mise-en-service,elk,1,,0.241,2.90,3.16,3.61,2.15,0.894,0.566,0.103,0,"rapport 0.103 hors de [4:3 ; 16:9]","mode=include direction=DOWN layering=COFFMAN_GRAHAM layerGap=30 nodeGap=24 placement=BRANDES_KOEPF rootPadding=12 layerBound=3"
mise-en-service,elk,1,,0.238,2.86,3.12,3.57,2.12,0.874,0.554,0.103,4,"rapport 0.103 hors de [4:3 ; 16:9]","mode=include direction=DOWN layering=COFFMAN_GRAHAM layerGap=30 nodeGap=24 placement=LINEAR_SEGMENTS rootPadding=12 layerBound=3"
mise-en-service,elk,1,,0.241,2.90,3.16,3.61,2.15,0.894,0.566,0.103,0,"rapport 0.103 hors de [4:3 ; 16:9]","mode=include direction=DOWN layering=COFFMAN_GRAHAM layerGap=30 nodeGap=48 placement=NETWORK_SIMPLEX rootPadding=12 layerBound=3"
mise-en-service,elk,1,,0.241,2.90,3.16,3.61,2.15,0.894,0.566,0.103,0,"rapport 0.103 hors de [4:3 ; 16:9]","mode=include direction=DOWN layering=COFFMAN_GRAHAM layerGap=30 nodeGap=48 placement=BRANDES_KOEPF rootPadding=12 layerBound=3"
mise-en-service,elk,1,,0.238,2.86,3.12,3.57,2.12,0.874,0.554,0.103,4,"rapport 0.103 hors de [4:3 ; 16:9]","mode=include direction=DOWN layering=COFFMAN_GRAHAM layerGap=30 nodeGap=48 placement=LINEAR_SEGMENTS rootPadding=12 layerBound=3"
mise-en-service,elk,1,,0.236,2.83,3.09,3.53,2.10,0.873,0.553,0.101,0,"rapport 0.101 hors de [4:3 ; 16:9]","mode=include direction=DOWN layering=COFFMAN_GRAHAM layerGap=60 nodeGap=24 placement=NETWORK_SIMPLEX rootPadding=12 layerBound=3"
mise-en-service,elk,1,,0.236,2.83,3.09,3.53,2.10,0.873,0.553,0.101,0,"rapport 0.101 hors de [4:3 ; 16:9]","mode=include direction=DOWN layering=COFFMAN_GRAHAM layerGap=60 nodeGap=24 placement=BRANDES_KOEPF rootPadding=12 layerBound=3"
mise-en-service,elk,1,,0.236,2.83,3.09,3.53,2.10,0.864,0.548,0.102,4,"rapport 0.102 hors de [4:3 ; 16:9]","mode=include direction=DOWN layering=COFFMAN_GRAHAM layerGap=60 nodeGap=24 placement=LINEAR_SEGMENTS rootPadding=12 layerBound=3"
mise-en-service,elk,1,,0.236,2.83,3.09,3.53,2.10,0.873,0.553,0.101,0,"rapport 0.101 hors de [4:3 ; 16:9]","mode=include direction=DOWN layering=COFFMAN_GRAHAM layerGap=60 nodeGap=48 placement=NETWORK_SIMPLEX rootPadding=12 layerBound=3"
mise-en-service,elk,1,,0.236,2.83,3.09,3.53,2.10,0.873,0.553,0.101,0,"rapport 0.101 hors de [4:3 ; 16:9]","mode=include direction=DOWN layering=COFFMAN_GRAHAM layerGap=60 nodeGap=48 placement=BRANDES_KOEPF rootPadding=12 layerBound=3"
mise-en-service,elk,1,,0.236,2.83,3.09,3.53,2.10,0.864,0.548,0.102,4,"rapport 0.102 hors de [4:3 ; 16:9]","mode=include direction=DOWN layering=COFFMAN_GRAHAM layerGap=60 nodeGap=48 placement=LINEAR_SEGMENTS rootPadding=12 layerBound=3"
mise-en-service,elk,1,,0.225,2.70,2.95,3.38,2.01,0.835,0.529,0.096,0,"rapport 0.096 hors de [4:3 ; 16:9]","mode=include direction=DOWN layering=COFFMAN_GRAHAM layerGap=120 nodeGap=24 placement=NETWORK_SIMPLEX rootPadding=12 layerBound=3"
mise-en-service,elk,1,,0.225,2.70,2.95,3.38,2.01,0.835,0.529,0.096,0,"rapport 0.096 hors de [4:3 ; 16:9]","mode=include direction=DOWN layering=COFFMAN_GRAHAM layerGap=120 nodeGap=24 placement=BRANDES_KOEPF rootPadding=12 layerBound=3"
mise-en-service,elk,1,,0.225,2.70,2.95,3.38,2.01,0.826,0.524,0.097,4,"rapport 0.097 hors de [4:3 ; 16:9]","mode=include direction=DOWN layering=COFFMAN_GRAHAM layerGap=120 nodeGap=24 placement=LINEAR_SEGMENTS rootPadding=12 layerBound=3"
mise-en-service,elk,1,,0.225,2.70,2.95,3.38,2.01,0.835,0.529,0.096,0,"rapport 0.096 hors de [4:3 ; 16:9]","mode=include direction=DOWN layering=COFFMAN_GRAHAM layerGap=120 nodeGap=48 placement=NETWORK_SIMPLEX rootPadding=12 layerBound=3"
mise-en-service,elk,1,,0.225,2.70,2.95,3.38,2.01,0.835,0.529,0.096,0,"rapport 0.096 hors de [4:3 ; 16:9]","mode=include direction=DOWN layering=COFFMAN_GRAHAM layerGap=120 nodeGap=48 placement=BRANDES_KOEPF rootPadding=12 layerBound=3"
mise-en-service,elk,1,,0.225,2.70,2.95,3.38,2.01,0.826,0.524,0.097,4,"rapport 0.097 hors de [4:3 ; 16:9]","mode=include direction=DOWN layering=COFFMAN_GRAHAM layerGap=120 nodeGap=48 placement=LINEAR_SEGMENTS rootPadding=12 layerBound=3"
mise-en-service,elk,1,,0.210,2.52,2.75,3.14,1.87,0.777,0.493,0.089,0,"rapport 0.089 hors de [4:3 ; 16:9]","mode=include direction=DOWN layering=COFFMAN_GRAHAM layerGap=220 nodeGap=24 placement=NETWORK_SIMPLEX rootPadding=12 layerBound=3"
mise-en-service,elk,1,,0.210,2.52,2.75,3.14,1.87,0.777,0.493,0.089,0,"rapport 0.089 hors de [4:3 ; 16:9]","mode=include direction=DOWN layering=COFFMAN_GRAHAM layerGap=220 nodeGap=24 placement=BRANDES_KOEPF rootPadding=12 layerBound=3"
mise-en-service,elk,1,,0.210,2.52,2.75,3.14,1.87,0.770,0.488,0.090,4,"rapport 0.090 hors de [4:3 ; 16:9]","mode=include direction=DOWN layering=COFFMAN_GRAHAM layerGap=220 nodeGap=24 placement=LINEAR_SEGMENTS rootPadding=12 layerBound=3"
mise-en-service,elk,1,,0.210,2.52,2.75,3.14,1.87,0.777,0.493,0.089,0,"rapport 0.089 hors de [4:3 ; 16:9]","mode=include direction=DOWN layering=COFFMAN_GRAHAM layerGap=220 nodeGap=48 placement=NETWORK_SIMPLEX rootPadding=12 layerBound=3"
mise-en-service,elk,1,,0.210,2.52,2.75,3.14,1.87,0.777,0.493,0.089,0,"rapport 0.089 hors de [4:3 ; 16:9]","mode=include direction=DOWN layering=COFFMAN_GRAHAM layerGap=220 nodeGap=48 placement=BRANDES_KOEPF rootPadding=12 layerBound=3"
mise-en-service,elk,1,,0.210,2.52,2.75,3.14,1.87,0.770,0.488,0.090,4,"rapport 0.090 hors de [4:3 ; 16:9]","mode=include direction=DOWN layering=COFFMAN_GRAHAM layerGap=220 nodeGap=48 placement=LINEAR_SEGMENTS rootPadding=12 layerBound=3"
mise-en-service,elk,1,,0.241,2.90,3.16,3.61,2.15,0.894,0.566,0.103,0,"rapport 0.103 hors de [4:3 ; 16:9]","mode=include direction=DOWN layering=MIN_WIDTH layerGap=30 nodeGap=24 placement=NETWORK_SIMPLEX rootPadding=12"
mise-en-service,elk,1,,0.241,2.90,3.16,3.61,2.15,0.894,0.566,0.103,0,"rapport 0.103 hors de [4:3 ; 16:9]","mode=include direction=DOWN layering=MIN_WIDTH layerGap=30 nodeGap=24 placement=BRANDES_KOEPF rootPadding=12"
mise-en-service,elk,1,,0.238,2.86,3.12,3.57,2.12,0.874,0.554,0.103,4,"rapport 0.103 hors de [4:3 ; 16:9]","mode=include direction=DOWN layering=MIN_WIDTH layerGap=30 nodeGap=24 placement=LINEAR_SEGMENTS rootPadding=12"
mise-en-service,elk,1,,0.241,2.90,3.16,3.61,2.15,0.894,0.566,0.103,0,"rapport 0.103 hors de [4:3 ; 16:9]","mode=include direction=DOWN layering=MIN_WIDTH layerGap=30 nodeGap=48 placement=NETWORK_SIMPLEX rootPadding=12"
mise-en-service,elk,1,,0.241,2.90,3.16,3.61,2.15,0.894,0.566,0.103,0,"rapport 0.103 hors de [4:3 ; 16:9]","mode=include direction=DOWN layering=MIN_WIDTH layerGap=30 nodeGap=48 placement=BRANDES_KOEPF rootPadding=12"
mise-en-service,elk,1,,0.238,2.86,3.12,3.57,2.12,0.874,0.554,0.103,4,"rapport 0.103 hors de [4:3 ; 16:9]","mode=include direction=DOWN layering=MIN_WIDTH layerGap=30 nodeGap=48 placement=LINEAR_SEGMENTS rootPadding=12"
mise-en-service,elk,1,,0.236,2.83,3.09,3.53,2.10,0.873,0.553,0.101,0,"rapport 0.101 hors de [4:3 ; 16:9]","mode=include direction=DOWN layering=MIN_WIDTH layerGap=60 nodeGap=24 placement=NETWORK_SIMPLEX rootPadding=12"
mise-en-service,elk,1,,0.236,2.83,3.09,3.53,2.10,0.873,0.553,0.101,0,"rapport 0.101 hors de [4:3 ; 16:9]","mode=include direction=DOWN layering=MIN_WIDTH layerGap=60 nodeGap=24 placement=BRANDES_KOEPF rootPadding=12"
mise-en-service,elk,1,,0.236,2.83,3.09,3.53,2.10,0.864,0.548,0.102,4,"rapport 0.102 hors de [4:3 ; 16:9]","mode=include direction=DOWN layering=MIN_WIDTH layerGap=60 nodeGap=24 placement=LINEAR_SEGMENTS rootPadding=12"
mise-en-service,elk,1,,0.236,2.83,3.09,3.53,2.10,0.873,0.553,0.101,0,"rapport 0.101 hors de [4:3 ; 16:9]","mode=include direction=DOWN layering=MIN_WIDTH layerGap=60 nodeGap=48 placement=NETWORK_SIMPLEX rootPadding=12"
mise-en-service,elk,1,,0.236,2.83,3.09,3.53,2.10,0.873,0.553,0.101,0,"rapport 0.101 hors de [4:3 ; 16:9]","mode=include direction=DOWN layering=MIN_WIDTH layerGap=60 nodeGap=48 placement=BRANDES_KOEPF rootPadding=12"
mise-en-service,elk,1,,0.236,2.83,3.09,3.53,2.10,0.864,0.548,0.102,4,"rapport 0.102 hors de [4:3 ; 16:9]","mode=include direction=DOWN layering=MIN_WIDTH layerGap=60 nodeGap=48 placement=LINEAR_SEGMENTS rootPadding=12"
mise-en-service,elk,1,,0.225,2.70,2.95,3.38,2.01,0.835,0.529,0.096,0,"rapport 0.096 hors de [4:3 ; 16:9]","mode=include direction=DOWN layering=MIN_WIDTH layerGap=120 nodeGap=24 placement=NETWORK_SIMPLEX rootPadding=12"
mise-en-service,elk,1,,0.225,2.70,2.95,3.38,2.01,0.835,0.529,0.096,0,"rapport 0.096 hors de [4:3 ; 16:9]","mode=include direction=DOWN layering=MIN_WIDTH layerGap=120 nodeGap=24 placement=BRANDES_KOEPF rootPadding=12"
mise-en-service,elk,1,,0.225,2.70,2.95,3.38,2.01,0.826,0.524,0.097,4,"rapport 0.097 hors de [4:3 ; 16:9]","mode=include direction=DOWN layering=MIN_WIDTH layerGap=120 nodeGap=24 placement=LINEAR_SEGMENTS rootPadding=12"
mise-en-service,elk,1,,0.225,2.70,2.95,3.38,2.01,0.835,0.529,0.096,0,"rapport 0.096 hors de [4:3 ; 16:9]","mode=include direction=DOWN layering=MIN_WIDTH layerGap=120 nodeGap=48 placement=NETWORK_SIMPLEX rootPadding=12"
mise-en-service,elk,1,,0.225,2.70,2.95,3.38,2.01,0.835,0.529,0.096,0,"rapport 0.096 hors de [4:3 ; 16:9]","mode=include direction=DOWN layering=MIN_WIDTH layerGap=120 nodeGap=48 placement=BRANDES_KOEPF rootPadding=12"
mise-en-service,elk,1,,0.225,2.70,2.95,3.38,2.01,0.826,0.524,0.097,4,"rapport 0.097 hors de [4:3 ; 16:9]","mode=include direction=DOWN layering=MIN_WIDTH layerGap=120 nodeGap=48 placement=LINEAR_SEGMENTS rootPadding=12"
mise-en-service,elk,1,,0.210,2.52,2.75,3.14,1.87,0.777,0.493,0.089,0,"rapport 0.089 hors de [4:3 ; 16:9]","mode=include direction=DOWN layering=MIN_WIDTH layerGap=220 nodeGap=24 placement=NETWORK_SIMPLEX rootPadding=12"
mise-en-service,elk,1,,0.210,2.52,2.75,3.14,1.87,0.777,0.493,0.089,0,"rapport 0.089 hors de [4:3 ; 16:9]","mode=include direction=DOWN layering=MIN_WIDTH layerGap=220 nodeGap=24 placement=BRANDES_KOEPF rootPadding=12"
mise-en-service,elk,1,,0.210,2.52,2.75,3.14,1.87,0.770,0.488,0.090,4,"rapport 0.090 hors de [4:3 ; 16:9]","mode=include direction=DOWN layering=MIN_WIDTH layerGap=220 nodeGap=24 placement=LINEAR_SEGMENTS rootPadding=12"
mise-en-service,elk,1,,0.210,2.52,2.75,3.14,1.87,0.777,0.493,0.089,0,"rapport 0.089 hors de [4:3 ; 16:9]","mode=include direction=DOWN layering=MIN_WIDTH layerGap=220 nodeGap=48 placement=NETWORK_SIMPLEX rootPadding=12"
mise-en-service,elk,1,,0.210,2.52,2.75,3.14,1.87,0.777,0.493,0.089,0,"rapport 0.089 hors de [4:3 ; 16:9]","mode=include direction=DOWN layering=MIN_WIDTH layerGap=220 nodeGap=48 placement=BRANDES_KOEPF rootPadding=12"
mise-en-service,elk,1,,0.210,2.52,2.75,3.14,1.87,0.770,0.488,0.090,4,"rapport 0.090 hors de [4:3 ; 16:9]","mode=include direction=DOWN layering=MIN_WIDTH layerGap=220 nodeGap=48 placement=LINEAR_SEGMENTS rootPadding=12"
mise-en-service,elk,1,,0.177,2.39,2.61,3.20,1.41,0.889,0.378,34.101,0,"rapport 34.101 hors de [4:3 ; 16:9]","mode=include direction=RIGHT layering=NETWORK_SIMPLEX layerGap=30 nodeGap=24 placement=NETWORK_SIMPLEX rootPadding=12"
mise-en-service,elk,1,,0.177,2.39,2.61,3.20,1.41,0.889,0.378,34.101,0,"rapport 34.101 hors de [4:3 ; 16:9]","mode=include direction=RIGHT layering=NETWORK_SIMPLEX layerGap=30 nodeGap=24 placement=BRANDES_KOEPF rootPadding=12"
mise-en-service,elk,1,,0.176,2.38,2.59,3.18,1.40,0.867,0.369,33.590,2,"rapport 33.590 hors de [4:3 ; 16:9]","mode=include direction=RIGHT layering=NETWORK_SIMPLEX layerGap=30 nodeGap=24 placement=LINEAR_SEGMENTS rootPadding=12"
mise-en-service,elk,1,,0.177,2.39,2.61,3.20,1.41,0.889,0.378,34.101,0,"rapport 34.101 hors de [4:3 ; 16:9]","mode=include direction=RIGHT layering=NETWORK_SIMPLEX layerGap=30 nodeGap=48 placement=NETWORK_SIMPLEX rootPadding=12"
mise-en-service,elk,1,,0.177,2.39,2.61,3.20,1.41,0.889,0.378,34.101,0,"rapport 34.101 hors de [4:3 ; 16:9]","mode=include direction=RIGHT layering=NETWORK_SIMPLEX layerGap=30 nodeGap=48 placement=BRANDES_KOEPF rootPadding=12"
mise-en-service,elk,1,,0.176,2.38,2.59,3.18,1.40,0.867,0.369,33.590,2,"rapport 33.590 hors de [4:3 ; 16:9]","mode=include direction=RIGHT layering=NETWORK_SIMPLEX layerGap=30 nodeGap=48 placement=LINEAR_SEGMENTS rootPadding=12"
mise-en-service,elk,1,,0.175,2.36,2.58,3.16,1.40,0.879,0.374,34.458,0,"rapport 34.458 hors de [4:3 ; 16:9]","mode=include direction=RIGHT layering=NETWORK_SIMPLEX layerGap=60 nodeGap=24 placement=NETWORK_SIMPLEX rootPadding=12"
mise-en-service,elk,1,,0.175,2.36,2.58,3.16,1.40,0.879,0.374,34.458,0,"rapport 34.458 hors de [4:3 ; 16:9]","mode=include direction=RIGHT layering=NETWORK_SIMPLEX layerGap=60 nodeGap=24 placement=BRANDES_KOEPF rootPadding=12"
mise-en-service,elk,1,,0.175,2.36,2.58,3.16,1.40,0.863,0.367,33.765,2,"rapport 33.765 hors de [4:3 ; 16:9]","mode=include direction=RIGHT layering=NETWORK_SIMPLEX layerGap=60 nodeGap=24 placement=LINEAR_SEGMENTS rootPadding=12"
mise-en-service,elk,1,,0.175,2.36,2.58,3.16,1.40,0.879,0.374,34.458,0,"rapport 34.458 hors de [4:3 ; 16:9]","mode=include direction=RIGHT layering=NETWORK_SIMPLEX layerGap=60 nodeGap=48 placement=NETWORK_SIMPLEX rootPadding=12"
mise-en-service,elk,1,,0.175,2.36,2.58,3.16,1.40,0.879,0.374,34.458,0,"rapport 34.458 hors de [4:3 ; 16:9]","mode=include direction=RIGHT layering=NETWORK_SIMPLEX layerGap=60 nodeGap=48 placement=BRANDES_KOEPF rootPadding=12"
mise-en-service,elk,1,,0.175,2.36,2.58,3.16,1.40,0.863,0.367,33.765,2,"rapport 33.765 hors de [4:3 ; 16:9]","mode=include direction=RIGHT layering=NETWORK_SIMPLEX layerGap=60 nodeGap=48 placement=LINEAR_SEGMENTS rootPadding=12"
mise-en-service,elk,1,,0.171,2.32,2.53,3.10,1.37,0.862,0.367,35.173,0,"rapport 35.173 hors de [4:3 ; 16:9]","mode=include direction=RIGHT layering=NETWORK_SIMPLEX layerGap=120 nodeGap=24 placement=NETWORK_SIMPLEX rootPadding=12"
mise-en-service,elk,1,,0.171,2.32,2.53,3.10,1.37,0.862,0.367,35.173,0,"rapport 35.173 hors de [4:3 ; 16:9]","mode=include direction=RIGHT layering=NETWORK_SIMPLEX layerGap=120 nodeGap=24 placement=BRANDES_KOEPF rootPadding=12"
mise-en-service,elk,1,,0.171,2.32,2.53,3.10,1.37,0.845,0.360,34.465,2,"rapport 34.465 hors de [4:3 ; 16:9]","mode=include direction=RIGHT layering=NETWORK_SIMPLEX layerGap=120 nodeGap=24 placement=LINEAR_SEGMENTS rootPadding=12"
mise-en-service,elk,1,,0.171,2.32,2.53,3.10,1.37,0.862,0.367,35.173,0,"rapport 35.173 hors de [4:3 ; 16:9]","mode=include direction=RIGHT layering=NETWORK_SIMPLEX layerGap=120 nodeGap=48 placement=NETWORK_SIMPLEX rootPadding=12"
mise-en-service,elk,1,,0.171,2.32,2.53,3.10,1.37,0.862,0.367,35.173,0,"rapport 35.173 hors de [4:3 ; 16:9]","mode=include direction=RIGHT layering=NETWORK_SIMPLEX layerGap=120 nodeGap=48 placement=BRANDES_KOEPF rootPadding=12"
mise-en-service,elk,1,,0.171,2.32,2.53,3.10,1.37,0.845,0.360,34.465,2,"rapport 34.465 hors de [4:3 ; 16:9]","mode=include direction=RIGHT layering=NETWORK_SIMPLEX layerGap=120 nodeGap=48 placement=LINEAR_SEGMENTS rootPadding=12"
mise-en-service,elk,1,,0.166,2.24,2.44,3.00,1.32,0.833,0.355,36.363,0,"rapport 36.363 hors de [4:3 ; 16:9]","mode=include direction=RIGHT layering=NETWORK_SIMPLEX layerGap=220 nodeGap=24 placement=NETWORK_SIMPLEX rootPadding=12"
mise-en-service,elk,1,,0.166,2.24,2.44,3.00,1.32,0.833,0.355,36.363,0,"rapport 36.363 hors de [4:3 ; 16:9]","mode=include direction=RIGHT layering=NETWORK_SIMPLEX layerGap=220 nodeGap=24 placement=BRANDES_KOEPF rootPadding=12"
mise-en-service,elk,1,,0.166,2.24,2.44,3.00,1.32,0.818,0.348,35.631,2,"rapport 35.631 hors de [4:3 ; 16:9]","mode=include direction=RIGHT layering=NETWORK_SIMPLEX layerGap=220 nodeGap=24 placement=LINEAR_SEGMENTS rootPadding=12"
mise-en-service,elk,1,,0.166,2.24,2.44,3.00,1.32,0.833,0.355,36.363,0,"rapport 36.363 hors de [4:3 ; 16:9]","mode=include direction=RIGHT layering=NETWORK_SIMPLEX layerGap=220 nodeGap=48 placement=NETWORK_SIMPLEX rootPadding=12"
mise-en-service,elk,1,,0.166,2.24,2.44,3.00,1.32,0.833,0.355,36.363,0,"rapport 36.363 hors de [4:3 ; 16:9]","mode=include direction=RIGHT layering=NETWORK_SIMPLEX layerGap=220 nodeGap=48 placement=BRANDES_KOEPF rootPadding=12"
mise-en-service,elk,1,,0.166,2.24,2.44,3.00,1.32,0.818,0.348,35.631,2,"rapport 35.631 hors de [4:3 ; 16:9]","mode=include direction=RIGHT layering=NETWORK_SIMPLEX layerGap=220 nodeGap=48 placement=LINEAR_SEGMENTS rootPadding=12"
mise-en-service,elk,1,,0.177,2.39,2.61,3.20,1.41,0.889,0.378,34.101,0,"rapport 34.101 hors de [4:3 ; 16:9]","mode=include direction=RIGHT layering=COFFMAN_GRAHAM layerGap=30 nodeGap=24 placement=NETWORK_SIMPLEX rootPadding=12 layerBound=3"
mise-en-service,elk,1,,0.177,2.39,2.61,3.20,1.41,0.889,0.378,34.101,0,"rapport 34.101 hors de [4:3 ; 16:9]","mode=include direction=RIGHT layering=COFFMAN_GRAHAM layerGap=30 nodeGap=24 placement=BRANDES_KOEPF rootPadding=12 layerBound=3"
mise-en-service,elk,1,,0.176,2.38,2.59,3.18,1.40,0.867,0.369,33.590,2,"rapport 33.590 hors de [4:3 ; 16:9]","mode=include direction=RIGHT layering=COFFMAN_GRAHAM layerGap=30 nodeGap=24 placement=LINEAR_SEGMENTS rootPadding=12 layerBound=3"
mise-en-service,elk,1,,0.177,2.39,2.61,3.20,1.41,0.889,0.378,34.101,0,"rapport 34.101 hors de [4:3 ; 16:9]","mode=include direction=RIGHT layering=COFFMAN_GRAHAM layerGap=30 nodeGap=48 placement=NETWORK_SIMPLEX rootPadding=12 layerBound=3"
mise-en-service,elk,1,,0.177,2.39,2.61,3.20,1.41,0.889,0.378,34.101,0,"rapport 34.101 hors de [4:3 ; 16:9]","mode=include direction=RIGHT layering=COFFMAN_GRAHAM layerGap=30 nodeGap=48 placement=BRANDES_KOEPF rootPadding=12 layerBound=3"
mise-en-service,elk,1,,0.176,2.38,2.59,3.18,1.40,0.867,0.369,33.590,2,"rapport 33.590 hors de [4:3 ; 16:9]","mode=include direction=RIGHT layering=COFFMAN_GRAHAM layerGap=30 nodeGap=48 placement=LINEAR_SEGMENTS rootPadding=12 layerBound=3"
mise-en-service,elk,1,,0.175,2.36,2.58,3.16,1.40,0.879,0.374,34.458,0,"rapport 34.458 hors de [4:3 ; 16:9]","mode=include direction=RIGHT layering=COFFMAN_GRAHAM layerGap=60 nodeGap=24 placement=NETWORK_SIMPLEX rootPadding=12 layerBound=3"
mise-en-service,elk,1,,0.175,2.36,2.58,3.16,1.40,0.879,0.374,34.458,0,"rapport 34.458 hors de [4:3 ; 16:9]","mode=include direction=RIGHT layering=COFFMAN_GRAHAM layerGap=60 nodeGap=24 placement=BRANDES_KOEPF rootPadding=12 layerBound=3"
mise-en-service,elk,1,,0.175,2.36,2.58,3.16,1.40,0.863,0.367,33.765,2,"rapport 33.765 hors de [4:3 ; 16:9]","mode=include direction=RIGHT layering=COFFMAN_GRAHAM layerGap=60 nodeGap=24 placement=LINEAR_SEGMENTS rootPadding=12 layerBound=3"
mise-en-service,elk,1,,0.175,2.36,2.58,3.16,1.40,0.879,0.374,34.458,0,"rapport 34.458 hors de [4:3 ; 16:9]","mode=include direction=RIGHT layering=COFFMAN_GRAHAM layerGap=60 nodeGap=48 placement=NETWORK_SIMPLEX rootPadding=12 layerBound=3"
mise-en-service,elk,1,,0.175,2.36,2.58,3.16,1.40,0.879,0.374,34.458,0,"rapport 34.458 hors de [4:3 ; 16:9]","mode=include direction=RIGHT layering=COFFMAN_GRAHAM layerGap=60 nodeGap=48 placement=BRANDES_KOEPF rootPadding=12 layerBound=3"
mise-en-service,elk,1,,0.175,2.36,2.58,3.16,1.40,0.863,0.367,33.765,2,"rapport 33.765 hors de [4:3 ; 16:9]","mode=include direction=RIGHT layering=COFFMAN_GRAHAM layerGap=60 nodeGap=48 placement=LINEAR_SEGMENTS rootPadding=12 layerBound=3"
mise-en-service,elk,1,,0.171,2.32,2.53,3.10,1.37,0.862,0.367,35.173,0,"rapport 35.173 hors de [4:3 ; 16:9]","mode=include direction=RIGHT layering=COFFMAN_GRAHAM layerGap=120 nodeGap=24 placement=NETWORK_SIMPLEX rootPadding=12 layerBound=3"
mise-en-service,elk,1,,0.171,2.32,2.53,3.10,1.37,0.862,0.367,35.173,0,"rapport 35.173 hors de [4:3 ; 16:9]","mode=include direction=RIGHT layering=COFFMAN_GRAHAM layerGap=120 nodeGap=24 placement=BRANDES_KOEPF rootPadding=12 layerBound=3"
mise-en-service,elk,1,,0.171,2.32,2.53,3.10,1.37,0.845,0.360,34.465,2,"rapport 34.465 hors de [4:3 ; 16:9]","mode=include direction=RIGHT layering=COFFMAN_GRAHAM layerGap=120 nodeGap=24 placement=LINEAR_SEGMENTS rootPadding=12 layerBound=3"
mise-en-service,elk,1,,0.171,2.32,2.53,3.10,1.37,0.862,0.367,35.173,0,"rapport 35.173 hors de [4:3 ; 16:9]","mode=include direction=RIGHT layering=COFFMAN_GRAHAM layerGap=120 nodeGap=48 placement=NETWORK_SIMPLEX rootPadding=12 layerBound=3"
mise-en-service,elk,1,,0.171,2.32,2.53,3.10,1.37,0.862,0.367,35.173,0,"rapport 35.173 hors de [4:3 ; 16:9]","mode=include direction=RIGHT layering=COFFMAN_GRAHAM layerGap=120 nodeGap=48 placement=BRANDES_KOEPF rootPadding=12 layerBound=3"
mise-en-service,elk,1,,0.171,2.32,2.53,3.10,1.37,0.845,0.360,34.465,2,"rapport 34.465 hors de [4:3 ; 16:9]","mode=include direction=RIGHT layering=COFFMAN_GRAHAM layerGap=120 nodeGap=48 placement=LINEAR_SEGMENTS rootPadding=12 layerBound=3"
mise-en-service,elk,1,,0.166,2.24,2.44,3.00,1.32,0.833,0.355,36.363,0,"rapport 36.363 hors de [4:3 ; 16:9]","mode=include direction=RIGHT layering=COFFMAN_GRAHAM layerGap=220 nodeGap=24 placement=NETWORK_SIMPLEX rootPadding=12 layerBound=3"
mise-en-service,elk,1,,0.166,2.24,2.44,3.00,1.32,0.833,0.355,36.363,0,"rapport 36.363 hors de [4:3 ; 16:9]","mode=include direction=RIGHT layering=COFFMAN_GRAHAM layerGap=220 nodeGap=24 placement=BRANDES_KOEPF rootPadding=12 layerBound=3"
mise-en-service,elk,1,,0.166,2.24,2.44,3.00,1.32,0.818,0.348,35.631,2,"rapport 35.631 hors de [4:3 ; 16:9]","mode=include direction=RIGHT layering=COFFMAN_GRAHAM layerGap=220 nodeGap=24 placement=LINEAR_SEGMENTS rootPadding=12 layerBound=3"
mise-en-service,elk,1,,0.166,2.24,2.44,3.00,1.32,0.833,0.355,36.363,0,"rapport 36.363 hors de [4:3 ; 16:9]","mode=include direction=RIGHT layering=COFFMAN_GRAHAM layerGap=220 nodeGap=48 placement=NETWORK_SIMPLEX rootPadding=12 layerBound=3"
mise-en-service,elk,1,,0.166,2.24,2.44,3.00,1.32,0.833,0.355,36.363,0,"rapport 36.363 hors de [4:3 ; 16:9]","mode=include direction=RIGHT layering=COFFMAN_GRAHAM layerGap=220 nodeGap=48 placement=BRANDES_KOEPF rootPadding=12 layerBound=3"
mise-en-service,elk,1,,0.166,2.24,2.44,3.00,1.32,0.818,0.348,35.631,2,"rapport 35.631 hors de [4:3 ; 16:9]","mode=include direction=RIGHT layering=COFFMAN_GRAHAM layerGap=220 nodeGap=48 placement=LINEAR_SEGMENTS rootPadding=12 layerBound=3"
mise-en-service,elk,1,,0.177,2.39,2.61,3.20,1.41,0.889,0.378,34.101,0,"rapport 34.101 hors de [4:3 ; 16:9]","mode=include direction=RIGHT layering=MIN_WIDTH layerGap=30 nodeGap=24 placement=NETWORK_SIMPLEX rootPadding=12"
mise-en-service,elk,1,,0.177,2.39,2.61,3.20,1.41,0.889,0.378,34.101,0,"rapport 34.101 hors de [4:3 ; 16:9]","mode=include direction=RIGHT layering=MIN_WIDTH layerGap=30 nodeGap=24 placement=BRANDES_KOEPF rootPadding=12"
mise-en-service,elk,1,,0.176,2.38,2.59,3.18,1.40,0.867,0.369,33.590,2,"rapport 33.590 hors de [4:3 ; 16:9]","mode=include direction=RIGHT layering=MIN_WIDTH layerGap=30 nodeGap=24 placement=LINEAR_SEGMENTS rootPadding=12"
mise-en-service,elk,1,,0.177,2.39,2.61,3.20,1.41,0.889,0.378,34.101,0,"rapport 34.101 hors de [4:3 ; 16:9]","mode=include direction=RIGHT layering=MIN_WIDTH layerGap=30 nodeGap=48 placement=NETWORK_SIMPLEX rootPadding=12"
mise-en-service,elk,1,,0.177,2.39,2.61,3.20,1.41,0.889,0.378,34.101,0,"rapport 34.101 hors de [4:3 ; 16:9]","mode=include direction=RIGHT layering=MIN_WIDTH layerGap=30 nodeGap=48 placement=BRANDES_KOEPF rootPadding=12"
mise-en-service,elk,1,,0.176,2.38,2.59,3.18,1.40,0.867,0.369,33.590,2,"rapport 33.590 hors de [4:3 ; 16:9]","mode=include direction=RIGHT layering=MIN_WIDTH layerGap=30 nodeGap=48 placement=LINEAR_SEGMENTS rootPadding=12"
mise-en-service,elk,1,,0.175,2.36,2.58,3.16,1.40,0.879,0.374,34.458,0,"rapport 34.458 hors de [4:3 ; 16:9]","mode=include direction=RIGHT layering=MIN_WIDTH layerGap=60 nodeGap=24 placement=NETWORK_SIMPLEX rootPadding=12"
mise-en-service,elk,1,,0.175,2.36,2.58,3.16,1.40,0.879,0.374,34.458,0,"rapport 34.458 hors de [4:3 ; 16:9]","mode=include direction=RIGHT layering=MIN_WIDTH layerGap=60 nodeGap=24 placement=BRANDES_KOEPF rootPadding=12"
mise-en-service,elk,1,,0.175,2.36,2.58,3.16,1.40,0.863,0.367,33.765,2,"rapport 33.765 hors de [4:3 ; 16:9]","mode=include direction=RIGHT layering=MIN_WIDTH layerGap=60 nodeGap=24 placement=LINEAR_SEGMENTS rootPadding=12"
mise-en-service,elk,1,,0.175,2.36,2.58,3.16,1.40,0.879,0.374,34.458,0,"rapport 34.458 hors de [4:3 ; 16:9]","mode=include direction=RIGHT layering=MIN_WIDTH layerGap=60 nodeGap=48 placement=NETWORK_SIMPLEX rootPadding=12"
mise-en-service,elk,1,,0.175,2.36,2.58,3.16,1.40,0.879,0.374,34.458,0,"rapport 34.458 hors de [4:3 ; 16:9]","mode=include direction=RIGHT layering=MIN_WIDTH layerGap=60 nodeGap=48 placement=BRANDES_KOEPF rootPadding=12"
mise-en-service,elk,1,,0.175,2.36,2.58,3.16,1.40,0.863,0.367,33.765,2,"rapport 33.765 hors de [4:3 ; 16:9]","mode=include direction=RIGHT layering=MIN_WIDTH layerGap=60 nodeGap=48 placement=LINEAR_SEGMENTS rootPadding=12"
mise-en-service,elk,1,,0.171,2.32,2.53,3.10,1.37,0.862,0.367,35.173,0,"rapport 35.173 hors de [4:3 ; 16:9]","mode=include direction=RIGHT layering=MIN_WIDTH layerGap=120 nodeGap=24 placement=NETWORK_SIMPLEX rootPadding=12"
mise-en-service,elk,1,,0.171,2.32,2.53,3.10,1.37,0.862,0.367,35.173,0,"rapport 35.173 hors de [4:3 ; 16:9]","mode=include direction=RIGHT layering=MIN_WIDTH layerGap=120 nodeGap=24 placement=BRANDES_KOEPF rootPadding=12"
mise-en-service,elk,1,,0.171,2.32,2.53,3.10,1.37,0.845,0.360,34.465,2,"rapport 34.465 hors de [4:3 ; 16:9]","mode=include direction=RIGHT layering=MIN_WIDTH layerGap=120 nodeGap=24 placement=LINEAR_SEGMENTS rootPadding=12"
mise-en-service,elk,1,,0.171,2.32,2.53,3.10,1.37,0.862,0.367,35.173,0,"rapport 35.173 hors de [4:3 ; 16:9]","mode=include direction=RIGHT layering=MIN_WIDTH layerGap=120 nodeGap=48 placement=NETWORK_SIMPLEX rootPadding=12"
mise-en-service,elk,1,,0.171,2.32,2.53,3.10,1.37,0.862,0.367,35.173,0,"rapport 35.173 hors de [4:3 ; 16:9]","mode=include direction=RIGHT layering=MIN_WIDTH layerGap=120 nodeGap=48 placement=BRANDES_KOEPF rootPadding=12"
mise-en-service,elk,1,,0.171,2.32,2.53,3.10,1.37,0.845,0.360,34.465,2,"rapport 34.465 hors de [4:3 ; 16:9]","mode=include direction=RIGHT layering=MIN_WIDTH layerGap=120 nodeGap=48 placement=LINEAR_SEGMENTS rootPadding=12"
mise-en-service,elk,1,,0.166,2.24,2.44,3.00,1.32,0.833,0.355,36.363,0,"rapport 36.363 hors de [4:3 ; 16:9]","mode=include direction=RIGHT layering=MIN_WIDTH layerGap=220 nodeGap=24 placement=NETWORK_SIMPLEX rootPadding=12"
mise-en-service,elk,1,,0.166,2.24,2.44,3.00,1.32,0.833,0.355,36.363,0,"rapport 36.363 hors de [4:3 ; 16:9]","mode=include direction=RIGHT layering=MIN_WIDTH layerGap=220 nodeGap=24 placement=BRANDES_KOEPF rootPadding=12"
mise-en-service,elk,1,,0.166,2.24,2.44,3.00,1.32,0.818,0.348,35.631,2,"rapport 35.631 hors de [4:3 ; 16:9]","mode=include direction=RIGHT layering=MIN_WIDTH layerGap=220 nodeGap=24 placement=LINEAR_SEGMENTS rootPadding=12"
mise-en-service,elk,1,,0.166,2.24,2.44,3.00,1.32,0.833,0.355,36.363,0,"rapport 36.363 hors de [4:3 ; 16:9]","mode=include direction=RIGHT layering=MIN_WIDTH layerGap=220 nodeGap=48 placement=NETWORK_SIMPLEX rootPadding=12"
mise-en-service,elk,1,,0.166,2.24,2.44,3.00,1.32,0.833,0.355,36.363,0,"rapport 36.363 hors de [4:3 ; 16:9]","mode=include direction=RIGHT layering=MIN_WIDTH layerGap=220 nodeGap=48 placement=BRANDES_KOEPF rootPadding=12"
mise-en-service,elk,1,,0.166,2.24,2.44,3.00,1.32,0.818,0.348,35.631,2,"rapport 35.631 hors de [4:3 ; 16:9]","mode=include direction=RIGHT layering=MIN_WIDTH layerGap=220 nodeGap=48 placement=LINEAR_SEGMENTS rootPadding=12"
mise-en-service,elk,1,,0.219,2.63,2.87,3.29,1.96,0.870,0.439,0.111,8,"rapport 0.111 hors de [4:3 ; 16:9]","mode=ports direction=DOWN inner=DOWN wrap=OFF layerGap=30 rootLayerGap=30 nodeGap=24 rootPadding=12"
mise-en-service,elk,1,,0.219,2.63,2.87,3.29,1.96,0.870,0.439,0.111,8,"rapport 0.111 hors de [4:3 ; 16:9]","mode=ports direction=DOWN inner=DOWN wrap=OFF layerGap=30 rootLayerGap=30 nodeGap=48 rootPadding=12"
mise-en-service,elk,1,,0.210,2.53,2.75,3.15,1.88,0.834,0.421,0.106,8,"rapport 0.106 hors de [4:3 ; 16:9]","mode=ports direction=DOWN inner=DOWN wrap=OFF layerGap=30 rootLayerGap=90 nodeGap=24 rootPadding=12"
mise-en-service,elk,1,,0.210,2.53,2.75,3.15,1.88,0.834,0.421,0.106,8,"rapport 0.106 hors de [4:3 ; 16:9]","mode=ports direction=DOWN inner=DOWN wrap=OFF layerGap=30 rootLayerGap=90 nodeGap=48 rootPadding=12"
mise-en-service,elk,1,,0.191,2.29,2.50,2.86,1.70,0.875,0.381,0.096,8,"rapport 0.096 hors de [4:3 ; 16:9]","mode=ports direction=DOWN inner=DOWN wrap=OFF layerGap=60 rootLayerGap=30 nodeGap=24 rootPadding=12"
mise-en-service,elk,1,,0.191,2.29,2.50,2.86,1.70,0.875,0.381,0.096,8,"rapport 0.096 hors de [4:3 ; 16:9]","mode=ports direction=DOWN inner=DOWN wrap=OFF layerGap=60 rootLayerGap=30 nodeGap=48 rootPadding=12"
mise-en-service,elk,1,,0.184,2.21,2.41,2.75,1.64,0.843,0.368,0.093,8,"rapport 0.093 hors de [4:3 ; 16:9]","mode=ports direction=DOWN inner=DOWN wrap=OFF layerGap=60 rootLayerGap=90 nodeGap=24 rootPadding=12"
mise-en-service,elk,1,,0.184,2.21,2.41,2.75,1.64,0.843,0.368,0.093,8,"rapport 0.093 hors de [4:3 ; 16:9]","mode=ports direction=DOWN inner=DOWN wrap=OFF layerGap=60 rootLayerGap=90 nodeGap=48 rootPadding=12"
mise-en-service,elk,1,,0.151,1.81,1.98,2.27,1.35,0.881,0.302,0.076,8,"rapport 0.076 hors de [4:3 ; 16:9]","mode=ports direction=DOWN inner=DOWN wrap=OFF layerGap=120 rootLayerGap=30 nodeGap=24 rootPadding=12"
mise-en-service,elk,1,,0.151,1.81,1.98,2.27,1.35,0.881,0.302,0.076,8,"rapport 0.076 hors de [4:3 ; 16:9]","mode=ports direction=DOWN inner=DOWN wrap=OFF layerGap=120 rootLayerGap=30 nodeGap=48 rootPadding=12"
mise-en-service,elk,1,,0.147,1.76,1.92,2.20,1.31,0.856,0.293,0.074,8,"rapport 0.074 hors de [4:3 ; 16:9]","mode=ports direction=DOWN inner=DOWN wrap=OFF layerGap=120 rootLayerGap=90 nodeGap=24 rootPadding=12"
mise-en-service,elk,1,,0.147,1.76,1.92,2.20,1.31,0.856,0.293,0.074,8,"rapport 0.074 hors de [4:3 ; 16:9]","mode=ports direction=DOWN inner=DOWN wrap=OFF layerGap=120 rootLayerGap=90 nodeGap=48 rootPadding=12"
mise-en-service,elk,1,,0.287,3.44,3.75,4.29,2.55,0.558,0.210,0.405,10,"rapport 0.405 hors de [4:3 ; 16:9]","mode=ports direction=DOWN inner=DOWN wrap=MULTI_EDGE layerGap=30 rootLayerGap=30 nodeGap=24 rootPadding=12 innerRatio=1"
mise-en-service,elk,1,,0.287,3.44,3.75,4.29,2.55,0.558,0.210,0.405,10,"rapport 0.405 hors de [4:3 ; 16:9]","mode=ports direction=DOWN inner=DOWN wrap=MULTI_EDGE layerGap=30 rootLayerGap=30 nodeGap=48 rootPadding=12 innerRatio=1"
mise-en-service,elk,1,,0.271,3.26,3.55,4.07,2.42,0.528,0.199,0.383,10,"rapport 0.383 hors de [4:3 ; 16:9]","mode=ports direction=DOWN inner=DOWN wrap=MULTI_EDGE layerGap=30 rootLayerGap=90 nodeGap=24 rootPadding=12 innerRatio=1"
mise-en-service,elk,1,,0.271,3.26,3.55,4.07,2.42,0.528,0.199,0.383,10,"rapport 0.383 hors de [4:3 ; 16:9]","mode=ports direction=DOWN inner=DOWN wrap=MULTI_EDGE layerGap=30 rootLayerGap=90 nodeGap=48 rootPadding=12 innerRatio=1"
mise-en-service,elk,1,,0.256,3.07,3.35,3.83,2.28,0.521,0.139,0.487,14,"rapport 0.487 hors de [4:3 ; 16:9]","mode=ports direction=DOWN inner=DOWN wrap=MULTI_EDGE layerGap=60 rootLayerGap=30 nodeGap=24 rootPadding=12 innerRatio=1"
mise-en-service,elk,1,,0.256,3.07,3.35,3.83,2.28,0.521,0.139,0.487,14,"rapport 0.487 hors de [4:3 ; 16:9]","mode=ports direction=DOWN inner=DOWN wrap=MULTI_EDGE layerGap=60 rootLayerGap=30 nodeGap=48 rootPadding=12 innerRatio=1"
mise-en-service,elk,1,,0.244,2.92,3.19,3.65,2.17,0.496,0.133,0.464,14,"rapport 0.464 hors de [4:3 ; 16:9]","mode=ports direction=DOWN inner=DOWN wrap=MULTI_EDGE layerGap=60 rootLayerGap=90 nodeGap=24 rootPadding=12 innerRatio=1"
mise-en-service,elk,1,,0.244,2.92,3.19,3.65,2.17,0.496,0.133,0.464,14,"rapport 0.464 hors de [4:3 ; 16:9]","mode=ports direction=DOWN inner=DOWN wrap=MULTI_EDGE layerGap=60 rootLayerGap=90 nodeGap=48 rootPadding=12 innerRatio=1"
mise-en-service,elk,1,,0.227,2.73,2.97,3.40,2.02,0.497,0.098,0.544,18,"rapport 0.544 hors de [4:3 ; 16:9]","mode=ports direction=DOWN inner=DOWN wrap=MULTI_EDGE layerGap=120 rootLayerGap=30 nodeGap=24 rootPadding=12 innerRatio=1"
mise-en-service,elk,1,,0.227,2.73,2.97,3.40,2.02,0.497,0.098,0.544,18,"rapport 0.544 hors de [4:3 ; 16:9]","mode=ports direction=DOWN inner=DOWN wrap=MULTI_EDGE layerGap=120 rootLayerGap=30 nodeGap=48 rootPadding=12 innerRatio=1"
mise-en-service,elk,1,,0.217,2.61,2.85,3.26,1.94,0.476,0.094,0.521,18,"rapport 0.521 hors de [4:3 ; 16:9]","mode=ports direction=DOWN inner=DOWN wrap=MULTI_EDGE layerGap=120 rootLayerGap=90 nodeGap=24 rootPadding=12 innerRatio=1"
mise-en-service,elk,1,,0.217,2.61,2.85,3.26,1.94,0.476,0.094,0.521,18,"rapport 0.521 hors de [4:3 ; 16:9]","mode=ports direction=DOWN inner=DOWN wrap=MULTI_EDGE layerGap=120 rootLayerGap=90 nodeGap=48 rootPadding=12 innerRatio=1"
mise-en-service,elk,1,,0.376,4.52,4.93,5.64,3.35,0.463,0.163,0.904,18,"rapport 0.904 hors de [4:3 ; 16:9]","mode=ports direction=DOWN inner=DOWN wrap=MULTI_EDGE layerGap=30 rootLayerGap=30 nodeGap=24 rootPadding=12 innerRatio=2"
mise-en-service,elk,1,,0.376,4.52,4.93,5.64,3.35,0.463,0.163,0.904,18,"rapport 0.904 hors de [4:3 ; 16:9]","mode=ports direction=DOWN inner=DOWN wrap=MULTI_EDGE layerGap=30 rootLayerGap=30 nodeGap=48 rootPadding=12 innerRatio=2"
mise-en-service,elk,1,,0.351,4.21,4.59,5.25,3.12,0.431,0.152,0.842,18,"rapport 0.842 hors de [4:3 ; 16:9]","mode=ports direction=DOWN inner=DOWN wrap=MULTI_EDGE layerGap=30 rootLayerGap=90 nodeGap=24 rootPadding=12 innerRatio=2"
mise-en-service,elk,1,,0.351,4.21,4.59,5.25,3.12,0.431,0.152,0.842,18,"rapport 0.842 hors de [4:3 ; 16:9]","mode=ports direction=DOWN inner=DOWN wrap=MULTI_EDGE layerGap=30 rootLayerGap=90 nodeGap=48 rootPadding=12 innerRatio=2"
mise-en-service,elk,1,,0.327,3.92,4.28,4.90,2.91,0.439,0.107,1.046,26,"rapport 1.046 hors de [4:3 ; 16:9]","mode=ports direction=DOWN inner=DOWN wrap=MULTI_EDGE layerGap=60 rootLayerGap=30 nodeGap=24 rootPadding=12 innerRatio=2"
mise-en-service,elk,1,,0.327,3.92,4.28,4.90,2.91,0.439,0.107,1.046,26,"rapport 1.046 hors de [4:3 ; 16:9]","mode=ports direction=DOWN inner=DOWN wrap=MULTI_EDGE layerGap=60 rootLayerGap=30 nodeGap=48 rootPadding=12 innerRatio=2"
mise-en-service,elk,1,,0.307,3.69,4.02,4.60,2.74,0.412,0.100,0.983,26,"rapport 0.983 hors de [4:3 ; 16:9]","mode=ports direction=DOWN inner=DOWN wrap=MULTI_EDGE layerGap=60 rootLayerGap=90 nodeGap=24 rootPadding=12 innerRatio=2"
mise-en-service,elk,1,,0.307,3.69,4.02,4.60,2.74,0.412,0.100,0.983,26,"rapport 0.983 hors de [4:3 ; 16:9]","mode=ports direction=DOWN inner=DOWN wrap=MULTI_EDGE layerGap=60 rootLayerGap=90 nodeGap=48 rootPadding=12 innerRatio=2"
mise-en-service,elk,1,,0.339,4.07,4.44,5.08,3.02,0.401,0.096,1.252,30,"rapport 1.252 hors de [4:3 ; 16:9]","mode=ports direction=DOWN inner=DOWN wrap=MULTI_EDGE layerGap=120 rootLayerGap=30 nodeGap=24 rootPadding=12 innerRatio=2"
mise-en-service,elk,1,,0.287,3.44,3.76,4.30,2.56,0.437,0.094,0.918,26,"rapport 0.918 hors de [4:3 ; 16:9]","mode=ports direction=DOWN inner=DOWN wrap=MULTI_EDGE layerGap=120 rootLayerGap=30 nodeGap=48 rootPadding=12 innerRatio=2"
mise-en-service,elk,1,,0.318,3.81,4.16,4.76,2.83,0.376,0.090,1.173,30,"rapport 1.173 hors de [4:3 ; 16:9]","mode=ports direction=DOWN inner=DOWN wrap=MULTI_EDGE layerGap=120 rootLayerGap=90 nodeGap=24 rootPadding=12 innerRatio=2"
mise-en-service,elk,1,,0.272,3.26,3.56,4.07,2.42,0.413,0.089,0.869,26,"rapport 0.869 hors de [4:3 ; 16:9]","mode=ports direction=DOWN inner=DOWN wrap=MULTI_EDGE layerGap=120 rootLayerGap=90 nodeGap=48 rootPadding=12 innerRatio=2"
mise-en-service,elk,1,,0.449,5.80,6.33,7.24,3.59,0.375,0.137,1.790,30,"rapport 1.790 hors de [4:3 ; 16:9]","mode=ports direction=DOWN inner=DOWN wrap=MULTI_EDGE layerGap=30 rootLayerGap=30 nodeGap=24 rootPadding=12 innerRatio=3"
mise-en-service,elk,1,,0.449,5.80,6.33,7.24,3.59,0.375,0.137,1.790,30,"rapport 1.790 hors de [4:3 ; 16:9]","mode=ports direction=DOWN inner=DOWN wrap=MULTI_EDGE layerGap=30 rootLayerGap=30 nodeGap=48 rootPadding=12 innerRatio=3"
mise-en-service,elk,1,158,0.441,5.30,5.78,6.61,3.59,0.343,0.125,1.634,30,vertes,"mode=ports direction=DOWN inner=DOWN wrap=MULTI_EDGE layerGap=30 rootLayerGap=90 nodeGap=24 rootPadding=12 innerRatio=3"
mise-en-service,elk,1,159,0.441,5.30,5.78,6.61,3.59,0.343,0.125,1.634,30,vertes,"mode=ports direction=DOWN inner=DOWN wrap=MULTI_EDGE layerGap=30 rootLayerGap=90 nodeGap=48 rootPadding=12 innerRatio=3"
mise-en-service,elk,1,166,0.380,4.56,4.97,5.69,3.38,0.409,0.102,1.475,30,vertes,"mode=ports direction=DOWN inner=DOWN wrap=MULTI_EDGE layerGap=60 rootLayerGap=30 nodeGap=24 rootPadding=12 innerRatio=3"
mise-en-service,elk,1,167,0.380,4.56,4.97,5.69,3.38,0.409,0.102,1.475,30,vertes,"mode=ports direction=DOWN inner=DOWN wrap=MULTI_EDGE layerGap=60 rootLayerGap=30 nodeGap=48 rootPadding=12 innerRatio=3"
mise-en-service,elk,1,173,0.353,4.24,4.63,5.29,3.15,0.380,0.095,1.372,30,vertes,"mode=ports direction=DOWN inner=DOWN wrap=MULTI_EDGE layerGap=60 rootLayerGap=90 nodeGap=24 rootPadding=12 innerRatio=3"
mise-en-service,elk,1,174,0.353,4.24,4.63,5.29,3.15,0.380,0.095,1.372,30,vertes,"mode=ports direction=DOWN inner=DOWN wrap=MULTI_EDGE layerGap=60 rootLayerGap=90 nodeGap=48 rootPadding=12 innerRatio=3"
mise-en-service,elk,1,178,0.338,4.05,4.42,5.06,3.01,0.395,0.084,1.414,34,vertes,"mode=ports direction=DOWN inner=DOWN wrap=MULTI_EDGE layerGap=120 rootLayerGap=30 nodeGap=24 rootPadding=12 innerRatio=3"
mise-en-service,elk,1,179,0.338,4.05,4.42,5.06,3.01,0.395,0.084,1.414,34,vertes,"mode=ports direction=DOWN inner=DOWN wrap=MULTI_EDGE layerGap=120 rootLayerGap=30 nodeGap=48 rootPadding=12 innerRatio=3"
mise-en-service,elk,1,,0.317,3.80,4.15,4.75,2.82,0.371,0.079,1.326,34,"rapport 1.326 hors de [4:3 ; 16:9]","mode=ports direction=DOWN inner=DOWN wrap=MULTI_EDGE layerGap=120 rootLayerGap=90 nodeGap=24 rootPadding=12 innerRatio=3"
mise-en-service,elk,1,,0.317,3.80,4.15,4.75,2.82,0.371,0.079,1.326,34,"rapport 1.326 hors de [4:3 ; 16:9]","mode=ports direction=DOWN inner=DOWN wrap=MULTI_EDGE layerGap=120 rootLayerGap=90 nodeGap=48 rootPadding=12 innerRatio=3"
mise-en-service,elk,1,161,0.423,5.07,5.54,6.34,3.41,0.401,0.114,1.645,30,vertes,"mode=ports direction=DOWN inner=DOWN wrap=MULTI_EDGE layerGap=30 rootLayerGap=30 nodeGap=24 rootPadding=12 innerRatio=4.5"
mise-en-service,elk,1,162,0.423,5.07,5.54,6.34,3.41,0.401,0.114,1.645,30,vertes,"mode=ports direction=DOWN inner=DOWN wrap=MULTI_EDGE layerGap=30 rootLayerGap=30 nodeGap=48 rootPadding=12 innerRatio=4.5"
mise-en-service,elk,1,164,0.391,4.69,5.11,5.85,3.41,0.370,0.105,1.518,30,vertes,"mode=ports direction=DOWN inner=DOWN wrap=MULTI_EDGE layerGap=30 rootLayerGap=90 nodeGap=24 rootPadding=12 innerRatio=4.5"
mise-en-service,elk,1,165,0.391,4.69,5.11,5.85,3.41,0.370,0.105,1.518,30,vertes,"mode=ports direction=DOWN inner=DOWN wrap=MULTI_EDGE layerGap=30 rootLayerGap=90 nodeGap=48 rootPadding=12 innerRatio=4.5"
mise-en-service,elk,1,168,0.380,4.56,4.97,5.69,3.38,0.409,0.102,1.475,30,vertes,"mode=ports direction=DOWN inner=DOWN wrap=MULTI_EDGE layerGap=60 rootLayerGap=30 nodeGap=24 rootPadding=12 innerRatio=4.5"
mise-en-service,elk,1,169,0.380,4.56,4.97,5.69,3.38,0.409,0.102,1.475,30,vertes,"mode=ports direction=DOWN inner=DOWN wrap=MULTI_EDGE layerGap=60 rootLayerGap=30 nodeGap=48 rootPadding=12 innerRatio=4.5"
mise-en-service,elk,1,175,0.353,4.24,4.63,5.29,3.15,0.380,0.095,1.372,30,vertes,"mode=ports direction=DOWN inner=DOWN wrap=MULTI_EDGE layerGap=60 rootLayerGap=90 nodeGap=24 rootPadding=12 innerRatio=4.5"
mise-en-service,elk,1,176,0.353,4.24,4.63,5.29,3.15,0.380,0.095,1.372,30,vertes,"mode=ports direction=DOWN inner=DOWN wrap=MULTI_EDGE layerGap=60 rootLayerGap=90 nodeGap=48 rootPadding=12 innerRatio=4.5"
mise-en-service,elk,1,182,0.309,3.71,4.05,4.64,2.76,0.409,0.069,1.448,38,vertes,"mode=ports direction=DOWN inner=DOWN wrap=MULTI_EDGE layerGap=120 rootLayerGap=30 nodeGap=24 rootPadding=12 innerRatio=4.5"
mise-en-service,elk,1,183,0.309,3.71,4.05,4.64,2.76,0.409,0.069,1.448,38,vertes,"mode=ports direction=DOWN inner=DOWN wrap=MULTI_EDGE layerGap=120 rootLayerGap=30 nodeGap=48 rootPadding=12 innerRatio=4.5"
mise-en-service,elk,1,184,0.292,3.50,3.82,4.37,2.60,0.386,0.065,1.365,38,vertes,"mode=ports direction=DOWN inner=DOWN wrap=MULTI_EDGE layerGap=120 rootLayerGap=90 nodeGap=24 rootPadding=12 innerRatio=4.5"
mise-en-service,elk,1,185,0.292,3.50,3.82,4.37,2.60,0.386,0.065,1.365,38,vertes,"mode=ports direction=DOWN inner=DOWN wrap=MULTI_EDGE layerGap=120 rootLayerGap=90 nodeGap=48 rootPadding=12 innerRatio=4.5"
mise-en-service,elk,1,,0.344,4.66,5.08,6.23,2.75,0.538,0.201,4.526,12,"rapport 4.526 hors de [4:3 ; 16:9]","mode=ports direction=DOWN inner=RIGHT wrap=OFF layerGap=30 rootLayerGap=30 nodeGap=24 rootPadding=12"
mise-en-service,elk,1,,0.344,4.66,5.08,6.23,2.75,0.546,0.188,4.214,12,"rapport 4.214 hors de [4:3 ; 16:9]","mode=ports direction=DOWN inner=RIGHT wrap=OFF layerGap=30 rootLayerGap=30 nodeGap=48 rootPadding=12"
mise-en-service,elk,1,,0.344,4.66,5.08,6.23,2.75,0.455,0.170,3.819,12,"rapport 3.819 hors de [4:3 ; 16:9]","mode=ports direction=DOWN inner=RIGHT wrap=OFF layerGap=30 rootLayerGap=90 nodeGap=24 rootPadding=12"
mise-en-service,elk,1,,0.344,4.66,5.08,6.23,2.75,0.467,0.160,3.594,12,"rapport 3.594 hors de [4:3 ; 16:9]","mode=ports direction=DOWN inner=RIGHT wrap=OFF layerGap=30 rootLayerGap=90 nodeGap=48 rootPadding=12"
mise-en-service,elk,1,,0.317,4.29,4.68,5.73,2.53,0.537,0.185,4.920,12,"rapport 4.920 hors de [4:3 ; 16:9]","mode=ports direction=DOWN inner=RIGHT wrap=OFF layerGap=60 rootLayerGap=30 nodeGap=24 rootPadding=12"
mise-en-service,elk,1,,0.317,4.29,4.68,5.73,2.53,0.545,0.173,4.580,12,"rapport 4.580 hors de [4:3 ; 16:9]","mode=ports direction=DOWN inner=RIGHT wrap=OFF layerGap=60 rootLayerGap=30 nodeGap=48 rootPadding=12"
mise-en-service,elk,1,,0.317,4.29,4.68,5.73,2.53,0.454,0.157,4.151,12,"rapport 4.151 hors de [4:3 ; 16:9]","mode=ports direction=DOWN inner=RIGHT wrap=OFF layerGap=60 rootLayerGap=90 nodeGap=24 rootPadding=12"
mise-en-service,elk,1,,0.317,4.29,4.68,5.73,2.53,0.466,0.148,3.907,12,"rapport 3.907 hors de [4:3 ; 16:9]","mode=ports direction=DOWN inner=RIGHT wrap=OFF layerGap=60 rootLayerGap=90 nodeGap=48 rootPadding=12"
mise-en-service,elk,1,,0.273,3.70,4.03,4.95,2.19,0.535,0.160,5.707,12,"rapport 5.707 hors de [4:3 ; 16:9]","mode=ports direction=DOWN inner=RIGHT wrap=OFF layerGap=120 rootLayerGap=30 nodeGap=24 rootPadding=12"
mise-en-service,elk,1,,0.273,3.70,4.03,4.95,2.19,0.543,0.149,5.313,12,"rapport 5.313 hors de [4:3 ; 16:9]","mode=ports direction=DOWN inner=RIGHT wrap=OFF layerGap=120 rootLayerGap=30 nodeGap=48 rootPadding=12"
mise-en-service,elk,1,,0.273,3.70,4.03,4.95,2.19,0.453,0.135,4.815,12,"rapport 4.815 hors de [4:3 ; 16:9]","mode=ports direction=DOWN inner=RIGHT wrap=OFF layerGap=120 rootLayerGap=90 nodeGap=24 rootPadding=12"
mise-en-service,elk,1,,0.273,3.70,4.03,4.95,2.19,0.465,0.127,4.532,12,"rapport 4.532 hors de [4:3 ; 16:9]","mode=ports direction=DOWN inner=RIGHT wrap=OFF layerGap=120 rootLayerGap=90 nodeGap=48 rootPadding=12"
mise-en-service,elk,1,,0.330,3.96,4.32,4.95,2.94,0.752,0.196,0.578,40,"rapport 0.578 hors de [4:3 ; 16:9]","mode=ports direction=DOWN inner=RIGHT wrap=MULTI_EDGE layerGap=30 rootLayerGap=30 nodeGap=24 rootPadding=12 innerRatio=1"
mise-en-service,elk,1,,0.322,3.86,4.22,4.82,2.87,0.753,0.191,0.563,40,"rapport 0.563 hors de [4:3 ; 16:9]","mode=ports direction=DOWN inner=RIGHT wrap=MULTI_EDGE layerGap=30 rootLayerGap=30 nodeGap=48 rootPadding=12 innerRatio=1"
mise-en-service,elk,1,,0.310,3.72,4.06,4.65,2.76,0.706,0.184,0.542,40,"rapport 0.542 hors de [4:3 ; 16:9]","mode=ports direction=DOWN inner=RIGHT wrap=MULTI_EDGE layerGap=30 rootLayerGap=90 nodeGap=24 rootPadding=12 innerRatio=1"
mise-en-service,elk,1,,0.303,3.63,3.97,4.54,2.70,0.708,0.180,0.529,40,"rapport 0.529 hors de [4:3 ; 16:9]","mode=ports direction=DOWN inner=RIGHT wrap=MULTI_EDGE layerGap=30 rootLayerGap=90 nodeGap=48 rootPadding=12 innerRatio=1"
mise-en-service,elk,1,,0.279,3.35,3.65,4.18,2.49,0.881,0.217,0.371,48,"rapport 0.371 hors de [4:3 ; 16:9]","mode=ports direction=DOWN inner=RIGHT wrap=MULTI_EDGE layerGap=60 rootLayerGap=30 nodeGap=24 rootPadding=12 innerRatio=1"
mise-en-service,elk,1,,0.322,3.86,4.22,4.82,2.87,0.768,0.181,0.595,40,"rapport 0.595 hors de [4:3 ; 16:9]","mode=ports direction=DOWN inner=RIGHT wrap=MULTI_EDGE layerGap=60 rootLayerGap=30 nodeGap=48 rootPadding=12 innerRatio=1"
mise-en-service,elk,1,,0.265,3.17,3.46,3.96,2.36,0.836,0.206,0.352,48,"rapport 0.352 hors de [4:3 ; 16:9]","mode=ports direction=DOWN inner=RIGHT wrap=MULTI_EDGE layerGap=60 rootLayerGap=90 nodeGap=24 rootPadding=12 innerRatio=1"
mise-en-service,elk,1,,0.303,3.63,3.97,4.54,2.70,0.722,0.170,0.559,40,"rapport 0.559 hors de [4:3 ; 16:9]","mode=ports direction=DOWN inner=RIGHT wrap=MULTI_EDGE layerGap=60 rootLayerGap=90 nodeGap=48 rootPadding=12 innerRatio=1"
mise-en-service,elk,1,,0.259,3.11,3.39,3.88,2.31,0.772,0.129,0.541,52,"rapport 0.541 hors de [4:3 ; 16:9]","mode=ports direction=DOWN inner=RIGHT wrap=MULTI_EDGE layerGap=120 rootLayerGap=30 nodeGap=24 rootPadding=12 innerRatio=1"
mise-en-service,elk,1,,0.273,3.28,3.57,4.09,2.43,0.873,0.179,0.430,48,"rapport 0.430 hors de [4:3 ; 16:9]","mode=ports direction=DOWN inner=RIGHT wrap=MULTI_EDGE layerGap=120 rootLayerGap=30 nodeGap=48 rootPadding=12 innerRatio=1"
mise-en-service,elk,1,,0.246,2.96,3.23,3.69,2.20,0.735,0.122,0.515,52,"rapport 0.515 hors de [4:3 ; 16:9]","mode=ports direction=DOWN inner=RIGHT wrap=MULTI_EDGE layerGap=120 rootLayerGap=90 nodeGap=24 rootPadding=12 innerRatio=1"
mise-en-service,elk,1,,0.259,3.11,3.39,3.88,2.31,0.828,0.170,0.408,48,"rapport 0.408 hors de [4:3 ; 16:9]","mode=ports direction=DOWN inner=RIGHT wrap=MULTI_EDGE layerGap=120 rootLayerGap=90 nodeGap=48 rootPadding=12 innerRatio=1"
mise-en-service,elk,1,,0.387,4.64,5.06,5.80,3.45,0.673,0.158,0.989,36,"rapport 0.989 hors de [4:3 ; 16:9]","mode=ports direction=DOWN inner=RIGHT wrap=MULTI_EDGE layerGap=30 rootLayerGap=30 nodeGap=24 rootPadding=12 innerRatio=2"
mise-en-service,elk,1,,0.392,4.71,5.14,5.88,3.50,0.767,0.160,1.004,32,"rapport 1.004 hors de [4:3 ; 16:9]","mode=ports direction=DOWN inner=RIGHT wrap=MULTI_EDGE layerGap=30 rootLayerGap=30 nodeGap=48 rootPadding=12 innerRatio=2"
mise-en-service,elk,1,,0.360,4.31,4.71,5.39,3.20,0.625,0.147,0.919,36,"rapport 0.919 hors de [4:3 ; 16:9]","mode=ports direction=DOWN inner=RIGHT wrap=MULTI_EDGE layerGap=30 rootLayerGap=90 nodeGap=24 rootPadding=12 innerRatio=2"
mise-en-service,elk,1,,0.364,4.37,4.77,5.46,3.25,0.712,0.149,0.931,32,"rapport 0.931 hors de [4:3 ; 16:9]","mode=ports direction=DOWN inner=RIGHT wrap=MULTI_EDGE layerGap=30 rootLayerGap=90 nodeGap=48 rootPadding=12 innerRatio=2"
mise-en-service,elk,1,,0.387,4.64,5.06,5.80,3.45,0.680,0.149,1.046,36,"rapport 1.046 hors de [4:3 ; 16:9]","mode=ports direction=DOWN inner=RIGHT wrap=MULTI_EDGE layerGap=60 rootLayerGap=30 nodeGap=24 rootPadding=12 innerRatio=2"
mise-en-service,elk,1,,0.375,4.51,4.91,5.62,3.35,0.678,0.145,1.015,36,"rapport 1.015 hors de [4:3 ; 16:9]","mode=ports direction=DOWN inner=RIGHT wrap=MULTI_EDGE layerGap=60 rootLayerGap=30 nodeGap=48 rootPadding=12 innerRatio=2"
mise-en-service,elk,1,,0.360,4.31,4.71,5.39,3.20,0.632,0.139,0.972,36,"rapport 0.972 hors de [4:3 ; 16:9]","mode=ports direction=DOWN inner=RIGHT wrap=MULTI_EDGE layerGap=60 rootLayerGap=90 nodeGap=24 rootPadding=12 innerRatio=2"
mise-en-service,elk,1,,0.350,4.20,4.58,5.24,3.12,0.632,0.135,0.945,36,"rapport 0.945 hors de [4:3 ; 16:9]","mode=ports direction=DOWN inner=RIGHT wrap=MULTI_EDGE layerGap=60 rootLayerGap=90 nodeGap=48 rootPadding=12 innerRatio=2"
mise-en-service,elk,1,,0.349,4.19,4.57,5.23,3.11,0.879,0.217,0.582,40,"rapport 0.582 hors de [4:3 ; 16:9]","mode=ports direction=DOWN inner=RIGHT wrap=MULTI_EDGE layerGap=120 rootLayerGap=30 nodeGap=24 rootPadding=12 innerRatio=2"
mise-en-service,elk,1,,0.375,4.51,4.91,5.62,3.35,0.687,0.128,1.145,36,"rapport 1.145 hors de [4:3 ; 16:9]","mode=ports direction=DOWN inner=RIGHT wrap=MULTI_EDGE layerGap=120 rootLayerGap=30 nodeGap=48 rootPadding=12 innerRatio=2"
mise-en-service,elk,1,,0.327,3.92,4.28,4.90,2.91,0.822,0.203,0.545,40,"rapport 0.545 hors de [4:3 ; 16:9]","mode=ports direction=DOWN inner=RIGHT wrap=MULTI_EDGE layerGap=120 rootLayerGap=90 nodeGap=24 rootPadding=12 innerRatio=2"
mise-en-service,elk,1,,0.350,4.20,4.58,5.24,3.12,0.640,0.120,1.066,36,"rapport 1.066 hors de [4:3 ; 16:9]","mode=ports direction=DOWN inner=RIGHT wrap=MULTI_EDGE layerGap=120 rootLayerGap=90 nodeGap=48 rootPadding=12 innerRatio=2"
mise-en-service,elk,1,,0.456,5.48,5.97,6.84,4.07,0.721,0.176,1.235,28,"rapport 1.235 hors de [4:3 ; 16:9]","mode=ports direction=DOWN inner=RIGHT wrap=MULTI_EDGE layerGap=30 rootLayerGap=30 nodeGap=24 rootPadding=12 innerRatio=3"
mise-en-service,elk,1,141,0.502,6.03,6.57,7.52,4.47,0.807,0.192,1.370,24,vertes,"mode=ports direction=DOWN inner=RIGHT wrap=MULTI_EDGE layerGap=30 rootLayerGap=30 nodeGap=48 rootPadding=12 innerRatio=3"
mise-en-service,elk,1,,0.419,5.03,5.48,6.27,3.73,0.662,0.162,1.132,28,"rapport 1.132 hors de [4:3 ; 16:9]","mode=ports direction=DOWN inner=RIGHT wrap=MULTI_EDGE layerGap=30 rootLayerGap=90 nodeGap=24 rootPadding=12 innerRatio=3"
mise-en-service,elk,1,,0.457,5.49,5.98,6.85,4.07,0.734,0.175,1.246,24,"rapport 1.246 hors de [4:3 ; 16:9]","mode=ports direction=DOWN inner=RIGHT wrap=MULTI_EDGE layerGap=30 rootLayerGap=90 nodeGap=48 rootPadding=12 innerRatio=3"
mise-en-service,elk,1,,0.456,5.48,5.97,6.84,4.07,0.722,0.166,1.314,28,"rapport 1.314 hors de [4:3 ; 16:9]","mode=ports direction=DOWN inner=RIGHT wrap=MULTI_EDGE layerGap=60 rootLayerGap=30 nodeGap=24 rootPadding=12 innerRatio=3"
mise-en-service,elk,1,,0.441,5.29,5.77,6.60,3.93,0.721,0.160,1.268,28,"rapport 1.268 hors de [4:3 ; 16:9]","mode=ports direction=DOWN inner=RIGHT wrap=MULTI_EDGE layerGap=60 rootLayerGap=30 nodeGap=48 rootPadding=12 innerRatio=3"
mise-en-service,elk,1,,0.419,5.03,5.48,6.27,3.73,0.662,0.152,1.205,28,"rapport 1.205 hors de [4:3 ; 16:9]","mode=ports direction=DOWN inner=RIGHT wrap=MULTI_EDGE layerGap=60 rootLayerGap=90 nodeGap=24 rootPadding=12 innerRatio=3"
mise-en-service,elk,1,,0.406,4.87,5.31,6.08,3.61,0.664,0.147,1.166,28,"rapport 1.166 hors de [4:3 ; 16:9]","mode=ports direction=DOWN inner=RIGHT wrap=MULTI_EDGE layerGap=60 rootLayerGap=90 nodeGap=48 rootPadding=12 innerRatio=3"
mise-en-service,elk,1,157,0.456,5.48,5.97,6.84,4.06,0.723,0.146,1.494,28,vertes,"mode=ports direction=DOWN inner=RIGHT wrap=MULTI_EDGE layerGap=120 rootLayerGap=30 nodeGap=24 rootPadding=12 innerRatio=3"
mise-en-service,elk,1,160,0.441,5.29,5.77,6.60,3.93,0.723,0.141,1.442,28,vertes,"mode=ports direction=DOWN inner=RIGHT wrap=MULTI_EDGE layerGap=120 rootLayerGap=30 nodeGap=48 rootPadding=12 innerRatio=3"
mise-en-service,elk,1,163,0.419,5.03,5.48,6.27,3.73,0.664,0.134,1.370,28,vertes,"mode=ports direction=DOWN inner=RIGHT wrap=MULTI_EDGE layerGap=120 rootLayerGap=90 nodeGap=24 rootPadding=12 innerRatio=3"
mise-en-service,elk,1,,0.406,4.87,5.31,6.08,3.61,0.665,0.130,1.326,28,"rapport 1.326 hors de [4:3 ; 16:9]","mode=ports direction=DOWN inner=RIGHT wrap=MULTI_EDGE layerGap=120 rootLayerGap=90 nodeGap=48 rootPadding=12 innerRatio=3"
mise-en-service,elk,1,123,0.523,6.27,6.84,7.83,4.66,0.805,0.200,1.426,24,vertes,"mode=ports direction=DOWN inner=RIGHT wrap=MULTI_EDGE layerGap=30 rootLayerGap=30 nodeGap=24 rootPadding=12 innerRatio=4.5"
mise-en-service,elk,1,33,0.580,7.00,7.64,8.75,4.64,0.760,0.213,1.672,20,vertes,"mode=ports direction=DOWN inner=RIGHT wrap=MULTI_EDGE layerGap=30 rootLayerGap=30 nodeGap=48 rootPadding=12 innerRatio=4.5"
mise-en-service,elk,1,,0.474,5.69,6.21,7.10,4.23,0.731,0.182,1.293,24,"rapport 1.293 hors de [4:3 ; 16:9]","mode=ports direction=DOWN inner=RIGHT wrap=MULTI_EDGE layerGap=30 rootLayerGap=90 nodeGap=24 rootPadding=12 innerRatio=4.5"
mise-en-service,elk,1,106,0.524,6.29,6.86,7.85,4.64,0.682,0.192,1.499,20,vertes,"mode=ports direction=DOWN inner=RIGHT wrap=MULTI_EDGE layerGap=30 rootLayerGap=90 nodeGap=48 rootPadding=12 innerRatio=4.5"
mise-en-service,elk,1,132,0.523,6.27,6.84,7.83,4.54,0.802,0.187,1.530,24,vertes,"mode=ports direction=DOWN inner=RIGHT wrap=MULTI_EDGE layerGap=60 rootLayerGap=30 nodeGap=24 rootPadding=12 innerRatio=4.5"
mise-en-service,elk,1,142,0.502,6.03,6.57,7.52,4.47,0.804,0.180,1.469,24,vertes,"mode=ports direction=DOWN inner=RIGHT wrap=MULTI_EDGE layerGap=60 rootLayerGap=30 nodeGap=48 rootPadding=12 innerRatio=4.5"
mise-en-service,elk,1,153,0.474,5.69,6.21,7.10,4.23,0.728,0.170,1.386,24,vertes,"mode=ports direction=DOWN inner=RIGHT wrap=MULTI_EDGE layerGap=60 rootLayerGap=90 nodeGap=24 rootPadding=12 innerRatio=4.5"
mise-en-service,elk,1,155,0.457,5.49,5.98,6.85,4.07,0.732,0.163,1.336,24,vertes,"mode=ports direction=DOWN inner=RIGHT wrap=MULTI_EDGE layerGap=60 rootLayerGap=90 nodeGap=48 rootPadding=12 innerRatio=4.5"
mise-en-service,elk,1,143,0.500,6.27,6.84,7.83,4.00,0.803,0.165,1.737,24,vertes,"mode=ports direction=DOWN inner=RIGHT wrap=MULTI_EDGE layerGap=120 rootLayerGap=30 nodeGap=24 rootPadding=12 innerRatio=4.5"
mise-en-service,elk,1,144,0.500,6.03,6.57,7.52,4.00,0.805,0.158,1.668,24,vertes,"mode=ports direction=DOWN inner=RIGHT wrap=MULTI_EDGE layerGap=120 rootLayerGap=30 nodeGap=48 rootPadding=12 innerRatio=4.5"
mise-en-service,elk,1,154,0.474,5.69,6.21,7.10,4.00,0.729,0.149,1.574,24,vertes,"mode=ports direction=DOWN inner=RIGHT wrap=MULTI_EDGE layerGap=120 rootLayerGap=90 nodeGap=24 rootPadding=12 innerRatio=4.5"
mise-en-service,elk,1,156,0.457,5.49,5.98,6.85,4.00,0.733,0.144,1.517,24,vertes,"mode=ports direction=DOWN inner=RIGHT wrap=MULTI_EDGE layerGap=120 rootLayerGap=90 nodeGap=48 rootPadding=12 innerRatio=4.5"
mise-en-service,elk,1,,0.447,5.36,5.85,6.69,3.98,0.489,0.247,0.840,12,"rapport 0.840 hors de [4:3 ; 16:9]","mode=ports direction=RIGHT inner=DOWN wrap=OFF layerGap=30 rootLayerGap=30 nodeGap=24 rootPadding=12"
mise-en-service,elk,1,,0.447,5.36,5.85,6.69,3.98,0.493,0.242,0.858,12,"rapport 0.858 hors de [4:3 ; 16:9]","mode=ports direction=RIGHT inner=DOWN wrap=OFF layerGap=30 rootLayerGap=30 nodeGap=48 rootPadding=12"
mise-en-service,elk,1,,0.447,5.36,5.85,6.69,3.98,0.443,0.224,0.929,12,"rapport 0.929 hors de [4:3 ; 16:9]","mode=ports direction=RIGHT inner=DOWN wrap=OFF layerGap=30 rootLayerGap=90 nodeGap=24 rootPadding=12"
mise-en-service,elk,1,,0.447,5.36,5.85,6.69,3.98,0.447,0.220,0.946,12,"rapport 0.946 hors de [4:3 ; 16:9]","mode=ports direction=RIGHT inner=DOWN wrap=OFF layerGap=30 rootLayerGap=90 nodeGap=48 rootPadding=12"
mise-en-service,elk,1,,0.377,4.52,4.93,5.64,3.36,0.488,0.208,0.708,12,"rapport 0.708 hors de [4:3 ; 16:9]","mode=ports direction=RIGHT inner=DOWN wrap=OFF layerGap=60 rootLayerGap=30 nodeGap=24 rootPadding=12"
mise-en-service,elk,1,,0.377,4.52,4.93,5.64,3.36,0.492,0.204,0.722,12,"rapport 0.722 hors de [4:3 ; 16:9]","mode=ports direction=RIGHT inner=DOWN wrap=OFF layerGap=60 rootLayerGap=30 nodeGap=48 rootPadding=12"
mise-en-service,elk,1,,0.377,4.52,4.93,5.64,3.36,0.442,0.189,0.782,12,"rapport 0.782 hors de [4:3 ; 16:9]","mode=ports direction=RIGHT inner=DOWN wrap=OFF layerGap=60 rootLayerGap=90 nodeGap=24 rootPadding=12"
mise-en-service,elk,1,,0.377,4.52,4.93,5.64,3.36,0.446,0.185,0.797,12,"rapport 0.797 hors de [4:3 ; 16:9]","mode=ports direction=RIGHT inner=DOWN wrap=OFF layerGap=60 rootLayerGap=90 nodeGap=48 rootPadding=12"
mise-en-service,elk,1,,0.287,3.44,3.75,4.29,2.55,0.486,0.159,0.538,12,"rapport 0.538 hors de [4:3 ; 16:9]","mode=ports direction=RIGHT inner=DOWN wrap=OFF layerGap=120 rootLayerGap=30 nodeGap=24 rootPadding=12"
mise-en-service,elk,1,,0.287,3.44,3.75,4.29,2.55,0.490,0.155,0.549,12,"rapport 0.549 hors de [4:3 ; 16:9]","mode=ports direction=RIGHT inner=DOWN wrap=OFF layerGap=120 rootLayerGap=30 nodeGap=48 rootPadding=12"
mise-en-service,elk,1,,0.287,3.44,3.75,4.29,2.55,0.440,0.144,0.594,12,"rapport 0.594 hors de [4:3 ; 16:9]","mode=ports direction=RIGHT inner=DOWN wrap=OFF layerGap=120 rootLayerGap=90 nodeGap=24 rootPadding=12"
mise-en-service,elk,1,,0.287,3.44,3.75,4.29,2.55,0.445,0.141,0.605,12,"rapport 0.605 hors de [4:3 ; 16:9]","mode=ports direction=RIGHT inner=DOWN wrap=OFF layerGap=120 rootLayerGap=90 nodeGap=48 rootPadding=12"
mise-en-service,elk,1,,0.590,7.99,8.72,10.67,4.72,0.721,0.265,2.010,20,"rapport 2.010 hors de [4:3 ; 16:9]","mode=ports direction=RIGHT inner=DOWN wrap=MULTI_EDGE layerGap=30 rootLayerGap=30 nodeGap=24 rootPadding=12 innerRatio=1"
mise-en-service,elk,1,,0.578,7.83,8.54,10.47,4.63,0.726,0.259,2.052,20,"rapport 2.052 hors de [4:3 ; 16:9]","mode=ports direction=RIGHT inner=DOWN wrap=MULTI_EDGE layerGap=30 rootLayerGap=30 nodeGap=48 rootPadding=12 innerRatio=1"
mise-en-service,elk,1,,0.552,7.47,8.15,9.99,4.41,0.674,0.248,2.152,20,"rapport 2.152 hors de [4:3 ; 16:9]","mode=ports direction=RIGHT inner=DOWN wrap=MULTI_EDGE layerGap=30 rootLayerGap=90 nodeGap=24 rootPadding=12 innerRatio=1"
mise-en-service,elk,1,,0.541,7.33,7.99,9.80,4.33,0.679,0.243,2.194,20,"rapport 2.194 hors de [4:3 ; 16:9]","mode=ports direction=RIGHT inner=DOWN wrap=MULTI_EDGE layerGap=30 rootLayerGap=90 nodeGap=48 rootPadding=12 innerRatio=1"
mise-en-service,elk,1,,0.502,6.80,7.42,9.10,4.02,0.766,0.200,2.099,24,"rapport 2.099 hors de [4:3 ; 16:9]","mode=ports direction=RIGHT inner=DOWN wrap=MULTI_EDGE layerGap=60 rootLayerGap=30 nodeGap=24 rootPadding=12 innerRatio=1"
mise-en-service,elk,1,,0.494,6.68,7.29,8.94,3.95,0.770,0.197,2.137,24,"rapport 2.137 hors de [4:3 ; 16:9]","mode=ports direction=RIGHT inner=DOWN wrap=MULTI_EDGE layerGap=60 rootLayerGap=30 nodeGap=48 rootPadding=12 innerRatio=1"
mise-en-service,elk,1,,0.474,6.42,7.00,8.59,3.79,0.723,0.189,2.225,24,"rapport 2.225 hors de [4:3 ; 16:9]","mode=ports direction=RIGHT inner=DOWN wrap=MULTI_EDGE layerGap=60 rootLayerGap=90 nodeGap=24 rootPadding=12 innerRatio=1"
mise-en-service,elk,1,,0.466,6.31,6.89,8.44,3.73,0.728,0.186,2.263,24,"rapport 2.263 hors de [4:3 ; 16:9]","mode=ports direction=RIGHT inner=DOWN wrap=MULTI_EDGE layerGap=60 rootLayerGap=90 nodeGap=48 rootPadding=12 innerRatio=1"
mise-en-service,elk,1,,0.437,5.92,6.46,7.60,3.50,0.722,0.140,1.929,28,"rapport 1.929 hors de [4:3 ; 16:9]","mode=ports direction=RIGHT inner=DOWN wrap=MULTI_EDGE layerGap=120 rootLayerGap=30 nodeGap=24 rootPadding=12 innerRatio=1"
mise-en-service,elk,1,,0.431,5.83,6.36,7.60,3.44,0.724,0.138,1.959,28,"rapport 1.959 hors de [4:3 ; 16:9]","mode=ports direction=RIGHT inner=DOWN wrap=MULTI_EDGE layerGap=120 rootLayerGap=30 nodeGap=48 rootPadding=12 innerRatio=1"
mise-en-service,elk,1,,0.416,5.63,6.14,7.53,3.33,0.687,0.133,2.030,28,"rapport 2.030 hors de [4:3 ; 16:9]","mode=ports direction=RIGHT inner=DOWN wrap=MULTI_EDGE layerGap=120 rootLayerGap=90 nodeGap=24 rootPadding=12 innerRatio=1"
mise-en-service,elk,1,,0.410,5.55,6.05,7.42,3.28,0.689,0.131,2.060,28,"rapport 2.060 hors de [4:3 ; 16:9]","mode=ports direction=RIGHT inner=DOWN wrap=MULTI_EDGE layerGap=120 rootLayerGap=90 nodeGap=48 rootPadding=12 innerRatio=1"
mise-en-service,elk,1,,0.437,5.92,6.46,7.92,3.50,0.769,0.267,3.719,28,"rapport 3.719 hors de [4:3 ; 16:9]","mode=ports direction=RIGHT inner=DOWN wrap=MULTI_EDGE layerGap=30 rootLayerGap=30 nodeGap=24 rootPadding=12 innerRatio=2"
mise-en-service,elk,1,,0.431,5.83,6.36,7.80,3.44,0.771,0.263,3.777,28,"rapport 3.777 hors de [4:3 ; 16:9]","mode=ports direction=RIGHT inner=DOWN wrap=MULTI_EDGE layerGap=30 rootLayerGap=30 nodeGap=48 rootPadding=12 innerRatio=2"
mise-en-service,elk,1,,0.416,5.63,6.14,7.53,3.33,0.731,0.254,3.912,28,"rapport 3.912 hors de [4:3 ; 16:9]","mode=ports direction=RIGHT inner=DOWN wrap=MULTI_EDGE layerGap=30 rootLayerGap=90 nodeGap=24 rootPadding=12 innerRatio=2"
mise-en-service,elk,1,,0.410,5.55,6.05,7.42,3.28,0.734,0.250,3.970,28,"rapport 3.970 hors de [4:3 ; 16:9]","mode=ports direction=RIGHT inner=DOWN wrap=MULTI_EDGE layerGap=30 rootLayerGap=90 nodeGap=48 rootPadding=12 innerRatio=2"
mise-en-service,elk,1,,0.377,5.10,5.57,6.82,3.02,0.660,0.158,2.948,36,"rapport 2.948 hors de [4:3 ; 16:9]","mode=ports direction=RIGHT inner=DOWN wrap=MULTI_EDGE layerGap=60 rootLayerGap=30 nodeGap=24 rootPadding=12 innerRatio=2"
mise-en-service,elk,1,,0.372,5.03,5.49,6.73,2.98,0.660,0.156,2.987,36,"rapport 2.987 hors de [4:3 ; 16:9]","mode=ports direction=RIGHT inner=DOWN wrap=MULTI_EDGE layerGap=60 rootLayerGap=30 nodeGap=48 rootPadding=12 innerRatio=2"
mise-en-service,elk,1,,0.361,4.88,5.33,6.53,2.89,0.632,0.151,3.080,36,"rapport 3.080 hors de [4:3 ; 16:9]","mode=ports direction=RIGHT inner=DOWN wrap=MULTI_EDGE layerGap=60 rootLayerGap=90 nodeGap=24 rootPadding=12 innerRatio=2"
mise-en-service,elk,1,,0.356,4.82,5.26,6.45,2.85,0.632,0.149,3.119,36,"rapport 3.119 hors de [4:3 ; 16:9]","mode=ports direction=RIGHT inner=DOWN wrap=MULTI_EDGE layerGap=60 rootLayerGap=90 nodeGap=48 rootPadding=12 innerRatio=2"
mise-en-service,elk,1,,0.339,4.59,5.01,6.14,2.71,0.867,0.203,4.710,40,"rapport 4.710 hors de [4:3 ; 16:9]","mode=ports direction=RIGHT inner=DOWN wrap=MULTI_EDGE layerGap=120 rootLayerGap=30 nodeGap=24 rootPadding=12 innerRatio=2"
mise-en-service,elk,1,,0.372,5.03,5.49,6.73,2.98,0.714,0.148,2.831,36,"rapport 2.831 hors de [4:3 ; 16:9]","mode=ports direction=RIGHT inner=DOWN wrap=MULTI_EDGE layerGap=120 rootLayerGap=30 nodeGap=48 rootPadding=12 innerRatio=2"
mise-en-service,elk,1,,0.326,4.41,4.81,5.90,2.61,0.834,0.195,4.900,40,"rapport 4.900 hors de [4:3 ; 16:9]","mode=ports direction=RIGHT inner=DOWN wrap=MULTI_EDGE layerGap=120 rootLayerGap=90 nodeGap=24 rootPadding=12 innerRatio=2"
mise-en-service,elk,1,,0.356,4.82,5.26,6.45,2.85,0.684,0.142,2.957,36,"rapport 2.957 hors de [4:3 ; 16:9]","mode=ports direction=RIGHT inner=DOWN wrap=MULTI_EDGE layerGap=120 rootLayerGap=90 nodeGap=48 rootPadding=12 innerRatio=2"
mise-en-service,elk,1,,0.339,4.59,5.01,6.14,2.71,0.866,0.312,7.314,40,"rapport 7.314 hors de [4:3 ; 16:9]","mode=ports direction=RIGHT inner=DOWN wrap=MULTI_EDGE layerGap=30 rootLayerGap=30 nodeGap=24 rootPadding=12 innerRatio=3"
mise-en-service,elk,1,,0.335,4.53,4.95,6.07,2.68,0.867,0.308,7.403,40,"rapport 7.403 hors de [4:3 ; 16:9]","mode=ports direction=RIGHT inner=DOWN wrap=MULTI_EDGE layerGap=30 rootLayerGap=30 nodeGap=48 rootPadding=12 innerRatio=3"
mise-en-service,elk,1,,0.326,4.41,4.81,5.90,2.61,0.832,0.300,7.609,40,"rapport 7.609 hors de [4:3 ; 16:9]","mode=ports direction=RIGHT inner=DOWN wrap=MULTI_EDGE layerGap=30 rootLayerGap=90 nodeGap=24 rootPadding=12 innerRatio=3"
mise-en-service,elk,1,,0.322,4.36,4.76,5.83,2.58,0.834,0.297,7.698,40,"rapport 7.698 hors de [4:3 ; 16:9]","mode=ports direction=RIGHT inner=DOWN wrap=MULTI_EDGE layerGap=30 rootLayerGap=90 nodeGap=48 rootPadding=12 innerRatio=3"
mise-en-service,elk,1,,0.315,4.26,4.65,5.70,2.52,0.747,0.184,4.949,40,"rapport 4.949 hors de [4:3 ; 16:9]","mode=ports direction=RIGHT inner=DOWN wrap=MULTI_EDGE layerGap=60 rootLayerGap=30 nodeGap=24 rootPadding=12 innerRatio=3"
mise-en-service,elk,1,,0.311,4.21,4.60,5.64,2.49,0.748,0.182,5.005,40,"rapport 5.005 hors de [4:3 ; 16:9]","mode=ports direction=RIGHT inner=DOWN wrap=MULTI_EDGE layerGap=60 rootLayerGap=30 nodeGap=48 rootPadding=12 innerRatio=3"
mise-en-service,elk,1,,0.303,4.11,4.48,5.50,2.43,0.720,0.177,5.134,40,"rapport 5.134 hors de [4:3 ; 16:9]","mode=ports direction=RIGHT inner=DOWN wrap=MULTI_EDGE layerGap=60 rootLayerGap=90 nodeGap=24 rootPadding=12 innerRatio=3"
mise-en-service,elk,1,,0.300,4.06,4.43,5.44,2.40,0.722,0.176,5.190,40,"rapport 5.190 hors de [4:3 ; 16:9]","mode=ports direction=RIGHT inner=DOWN wrap=MULTI_EDGE layerGap=60 rootLayerGap=90 nodeGap=48 rootPadding=12 innerRatio=3"
mise-en-service,elk,1,,0.308,4.17,4.55,5.58,2.46,0.873,0.183,5.137,44,"rapport 5.137 hors de [4:3 ; 16:9]","mode=ports direction=RIGHT inner=DOWN wrap=MULTI_EDGE layerGap=120 rootLayerGap=30 nodeGap=24 rootPadding=12 innerRatio=3"
mise-en-service,elk,1,,0.305,4.12,4.50,5.52,2.44,0.874,0.181,5.194,44,"rapport 5.194 hors de [4:3 ; 16:9]","mode=ports direction=RIGHT inner=DOWN wrap=MULTI_EDGE layerGap=120 rootLayerGap=30 nodeGap=48 rootPadding=12 innerRatio=3"
mise-en-service,elk,1,,0.297,4.02,4.39,5.38,2.38,0.842,0.176,5.325,44,"rapport 5.325 hors de [4:3 ; 16:9]","mode=ports direction=RIGHT inner=DOWN wrap=MULTI_EDGE layerGap=120 rootLayerGap=90 nodeGap=24 rootPadding=12 innerRatio=3"
mise-en-service,elk,1,,0.294,3.98,4.34,5.33,2.35,0.844,0.175,5.382,44,"rapport 5.382 hors de [4:3 ; 16:9]","mode=ports direction=RIGHT inner=DOWN wrap=MULTI_EDGE layerGap=120 rootLayerGap=90 nodeGap=48 rootPadding=12 innerRatio=3"
mise-en-service,elk,1,,0.315,4.26,4.65,5.70,2.52,0.720,0.202,5.454,40,"rapport 5.454 hors de [4:3 ; 16:9]","mode=ports direction=RIGHT inner=DOWN wrap=MULTI_EDGE layerGap=30 rootLayerGap=30 nodeGap=24 rootPadding=12 innerRatio=4.5"
mise-en-service,elk,1,,0.311,4.21,4.60,5.64,2.49,0.722,0.200,5.515,40,"rapport 5.515 hors de [4:3 ; 16:9]","mode=ports direction=RIGHT inner=DOWN wrap=MULTI_EDGE layerGap=30 rootLayerGap=30 nodeGap=48 rootPadding=12 innerRatio=4.5"
mise-en-service,elk,1,,0.303,4.11,4.48,5.50,2.43,0.695,0.195,5.658,40,"rapport 5.658 hors de [4:3 ; 16:9]","mode=ports direction=RIGHT inner=DOWN wrap=MULTI_EDGE layerGap=30 rootLayerGap=90 nodeGap=24 rootPadding=12 innerRatio=4.5"
mise-en-service,elk,1,,0.300,4.06,4.43,5.44,2.40,0.697,0.193,5.719,40,"rapport 5.719 hors de [4:3 ; 16:9]","mode=ports direction=RIGHT inner=DOWN wrap=MULTI_EDGE layerGap=30 rootLayerGap=90 nodeGap=48 rootPadding=12 innerRatio=4.5"
mise-en-service,elk,1,,0.315,4.26,4.65,5.70,2.52,0.747,0.184,4.949,40,"rapport 4.949 hors de [4:3 ; 16:9]","mode=ports direction=RIGHT inner=DOWN wrap=MULTI_EDGE layerGap=60 rootLayerGap=30 nodeGap=24 rootPadding=12 innerRatio=4.5"
mise-en-service,elk,1,,0.311,4.21,4.60,5.64,2.49,0.748,0.182,5.005,40,"rapport 5.005 hors de [4:3 ; 16:9]","mode=ports direction=RIGHT inner=DOWN wrap=MULTI_EDGE layerGap=60 rootLayerGap=30 nodeGap=48 rootPadding=12 innerRatio=4.5"
mise-en-service,elk,1,,0.303,4.11,4.48,5.50,2.43,0.720,0.177,5.134,40,"rapport 5.134 hors de [4:3 ; 16:9]","mode=ports direction=RIGHT inner=DOWN wrap=MULTI_EDGE layerGap=60 rootLayerGap=90 nodeGap=24 rootPadding=12 innerRatio=4.5"
mise-en-service,elk,1,,0.300,4.06,4.43,5.44,2.40,0.722,0.176,5.190,40,"rapport 5.190 hors de [4:3 ; 16:9]","mode=ports direction=RIGHT inner=DOWN wrap=MULTI_EDGE layerGap=60 rootLayerGap=90 nodeGap=48 rootPadding=12 innerRatio=4.5"
mise-en-service,elk,1,,0.282,3.82,4.17,5.11,2.26,0.808,0.134,4.484,48,"rapport 4.484 hors de [4:3 ; 16:9]","mode=ports direction=RIGHT inner=DOWN wrap=MULTI_EDGE layerGap=120 rootLayerGap=30 nodeGap=24 rootPadding=12 innerRatio=4.5"
mise-en-service,elk,1,,0.279,3.78,4.13,5.06,2.24,0.809,0.133,4.529,48,"rapport 4.529 hors de [4:3 ; 16:9]","mode=ports direction=RIGHT inner=DOWN wrap=MULTI_EDGE layerGap=120 rootLayerGap=30 nodeGap=48 rootPadding=12 innerRatio=4.5"
mise-en-service,elk,1,,0.273,3.70,4.03,4.95,2.19,0.782,0.130,4.634,48,"rapport 4.634 hors de [4:3 ; 16:9]","mode=ports direction=RIGHT inner=DOWN wrap=MULTI_EDGE layerGap=120 rootLayerGap=90 nodeGap=24 rootPadding=12 innerRatio=4.5"
mise-en-service,elk,1,,0.271,3.66,3.99,4.90,2.16,0.783,0.129,4.679,48,"rapport 4.679 hors de [4:3 ; 16:9]","mode=ports direction=RIGHT inner=DOWN wrap=MULTI_EDGE layerGap=120 rootLayerGap=90 nodeGap=48 rootPadding=12 innerRatio=4.5"
mise-en-service,elk,1,,0.169,2.29,2.50,3.06,1.35,0.892,0.362,35.601,8,"rapport 35.601 hors de [4:3 ; 16:9]","mode=ports direction=RIGHT inner=RIGHT wrap=OFF layerGap=30 rootLayerGap=30 nodeGap=24 rootPadding=12"
mise-en-service,elk,1,,0.169,2.29,2.50,3.06,1.35,0.892,0.362,35.601,8,"rapport 35.601 hors de [4:3 ; 16:9]","mode=ports direction=RIGHT inner=RIGHT wrap=OFF layerGap=30 rootLayerGap=30 nodeGap=48 rootPadding=12"
mise-en-service,elk,1,,0.166,2.24,2.45,3.00,1.33,0.874,0.355,36.315,8,"rapport 36.315 hors de [4:3 ; 16:9]","mode=ports direction=RIGHT inner=RIGHT wrap=OFF layerGap=30 rootLayerGap=90 nodeGap=24 rootPadding=12"
mise-en-service,elk,1,,0.166,2.24,2.45,3.00,1.33,0.874,0.355,36.315,8,"rapport 36.315 hors de [4:3 ; 16:9]","mode=ports direction=RIGHT inner=RIGHT wrap=OFF layerGap=30 rootLayerGap=90 nodeGap=48 rootPadding=12"
mise-en-service,elk,1,,0.158,2.14,2.33,2.86,1.26,0.894,0.339,38.101,8,"rapport 38.101 hors de [4:3 ; 16:9]","mode=ports direction=RIGHT inner=RIGHT wrap=OFF layerGap=60 rootLayerGap=30 nodeGap=24 rootPadding=12"
mise-en-service,elk,1,,0.158,2.14,2.33,2.86,1.26,0.894,0.339,38.101,8,"rapport 38.101 hors de [4:3 ; 16:9]","mode=ports direction=RIGHT inner=RIGHT wrap=OFF layerGap=60 rootLayerGap=30 nodeGap=48 rootPadding=12"
mise-en-service,elk,1,,0.155,2.10,2.29,2.81,1.24,0.878,0.332,38.815,8,"rapport 38.815 hors de [4:3 ; 16:9]","mode=ports direction=RIGHT inner=RIGHT wrap=OFF layerGap=60 rootLayerGap=90 nodeGap=24 rootPadding=12"
mise-en-service,elk,1,,0.155,2.10,2.29,2.81,1.24,0.878,0.332,38.815,8,"rapport 38.815 hors de [4:3 ; 16:9]","mode=ports direction=RIGHT inner=RIGHT wrap=OFF layerGap=60 rootLayerGap=90 nodeGap=48 rootPadding=12"
mise-en-service,elk,1,,0.140,1.89,2.06,2.53,1.12,0.899,0.299,43.101,8,"rapport 43.101 hors de [4:3 ; 16:9]","mode=ports direction=RIGHT inner=RIGHT wrap=OFF layerGap=120 rootLayerGap=30 nodeGap=24 rootPadding=12"
mise-en-service,elk,1,,0.140,1.89,2.06,2.53,1.12,0.899,0.299,43.101,8,"rapport 43.101 hors de [4:3 ; 16:9]","mode=ports direction=RIGHT inner=RIGHT wrap=OFF layerGap=120 rootLayerGap=30 nodeGap=48 rootPadding=12"
mise-en-service,elk,1,,0.137,1.86,2.03,2.49,1.10,0.884,0.295,43.815,8,"rapport 43.815 hors de [4:3 ; 16:9]","mode=ports direction=RIGHT inner=RIGHT wrap=OFF layerGap=120 rootLayerGap=90 nodeGap=24 rootPadding=12"
mise-en-service,elk,1,,0.137,1.86,2.03,2.49,1.10,0.884,0.295,43.815,8,"rapport 43.815 hors de [4:3 ; 16:9]","mode=ports direction=RIGHT inner=RIGHT wrap=OFF layerGap=120 rootLayerGap=90 nodeGap=48 rootPadding=12"
mise-en-service,elk,1,,0.371,5.02,5.48,6.68,2.97,0.389,0.104,1.996,30,"rapport 1.996 hors de [4:3 ; 16:9]","mode=ports direction=RIGHT inner=RIGHT wrap=MULTI_EDGE layerGap=30 rootLayerGap=30 nodeGap=24 rootPadding=12 innerRatio=1"
mise-en-service,elk,1,,0.371,5.02,5.48,6.68,2.97,0.389,0.104,1.996,30,"rapport 1.996 hors de [4:3 ; 16:9]","mode=ports direction=RIGHT inner=RIGHT wrap=MULTI_EDGE layerGap=30 rootLayerGap=30 nodeGap=48 rootPadding=12 innerRatio=1"
mise-en-service,elk,1,,0.356,4.81,5.25,6.44,2.84,0.373,0.100,2.084,30,"rapport 2.084 hors de [4:3 ; 16:9]","mode=ports direction=RIGHT inner=RIGHT wrap=MULTI_EDGE layerGap=30 rootLayerGap=90 nodeGap=24 rootPadding=12 innerRatio=1"
mise-en-service,elk,1,,0.356,4.81,5.25,6.44,2.84,0.373,0.100,2.084,30,"rapport 2.084 hors de [4:3 ; 16:9]","mode=ports direction=RIGHT inner=RIGHT wrap=MULTI_EDGE layerGap=30 rootLayerGap=90 nodeGap=48 rootPadding=12 innerRatio=1"
mise-en-service,elk,1,170,0.357,4.29,4.68,5.35,3.18,0.362,0.091,1.464,38,vertes,"mode=ports direction=RIGHT inner=RIGHT wrap=MULTI_EDGE layerGap=60 rootLayerGap=30 nodeGap=24 rootPadding=12 innerRatio=1"
mise-en-service,elk,1,,0.350,4.74,5.17,6.34,2.80,0.395,0.098,2.118,30,"rapport 2.118 hors de [4:3 ; 16:9]","mode=ports direction=RIGHT inner=RIGHT wrap=MULTI_EDGE layerGap=60 rootLayerGap=30 nodeGap=48 rootPadding=12 innerRatio=1"
mise-en-service,elk,1,171,0.357,4.29,4.68,5.35,3.09,0.345,0.087,1.535,38,vertes,"mode=ports direction=RIGHT inner=RIGHT wrap=MULTI_EDGE layerGap=60 rootLayerGap=90 nodeGap=24 rootPadding=12 innerRatio=1"
mise-en-service,elk,1,,0.336,4.55,4.96,6.09,2.69,0.379,0.094,2.206,30,"rapport 2.206 hors de [4:3 ; 16:9]","mode=ports direction=RIGHT inner=RIGHT wrap=MULTI_EDGE layerGap=60 rootLayerGap=90 nodeGap=48 rootPadding=12 innerRatio=1"
mise-en-service,elk,1,180,0.322,3.90,4.25,4.87,2.57,0.387,0.066,1.675,42,vertes,"mode=ports direction=RIGHT inner=RIGHT wrap=MULTI_EDGE layerGap=120 rootLayerGap=30 nodeGap=24 rootPadding=12 innerRatio=1"
mise-en-service,elk,1,172,0.357,4.29,4.68,5.35,2.86,0.373,0.080,1.658,38,vertes,"mode=ports direction=RIGHT inner=RIGHT wrap=MULTI_EDGE layerGap=120 rootLayerGap=30 nodeGap=48 rootPadding=12 innerRatio=1"
mise-en-service,elk,1,181,0.310,3.90,4.25,4.87,2.48,0.373,0.063,1.739,42,vertes,"mode=ports direction=RIGHT inner=RIGHT wrap=MULTI_EDGE layerGap=120 rootLayerGap=90 nodeGap=24 rootPadding=12 innerRatio=1"
mise-en-service,elk,1,177,0.343,4.29,4.68,5.35,2.74,0.358,0.077,1.729,38,vertes,"mode=ports direction=RIGHT inner=RIGHT wrap=MULTI_EDGE layerGap=120 rootLayerGap=90 nodeGap=48 rootPadding=12 innerRatio=1"
mise-en-service,elk,1,,0.310,4.19,4.57,5.60,2.48,0.430,0.104,2.859,26,"rapport 2.859 hors de [4:3 ; 16:9]","mode=ports direction=RIGHT inner=RIGHT wrap=MULTI_EDGE layerGap=30 rootLayerGap=30 nodeGap=24 rootPadding=12 innerRatio=2"
mise-en-service,elk,1,,0.277,3.74,4.08,5.01,2.21,0.467,0.103,3.579,22,"rapport 3.579 hors de [4:3 ; 16:9]","mode=ports direction=RIGHT inner=RIGHT wrap=MULTI_EDGE layerGap=30 rootLayerGap=30 nodeGap=48 rootPadding=12 innerRatio=2"
mise-en-service,elk,1,,0.299,4.04,4.41,5.41,2.39,0.415,0.100,2.964,26,"rapport 2.964 hors de [4:3 ; 16:9]","mode=ports direction=RIGHT inner=RIGHT wrap=MULTI_EDGE layerGap=30 rootLayerGap=90 nodeGap=24 rootPadding=12 innerRatio=2"
mise-en-service,elk,1,,0.268,3.63,3.95,4.85,2.14,0.452,0.100,3.696,22,"rapport 3.696 hors de [4:3 ; 16:9]","mode=ports direction=RIGHT inner=RIGHT wrap=MULTI_EDGE layerGap=30 rootLayerGap=90 nodeGap=48 rootPadding=12 innerRatio=2"
mise-en-service,elk,1,,0.292,3.95,4.31,5.29,2.34,0.434,0.098,3.030,26,"rapport 3.030 hors de [4:3 ; 16:9]","mode=ports direction=RIGHT inner=RIGHT wrap=MULTI_EDGE layerGap=60 rootLayerGap=30 nodeGap=24 rootPadding=12 innerRatio=2"
mise-en-service,elk,1,,0.292,3.95,4.31,5.29,2.34,0.434,0.098,3.030,26,"rapport 3.030 hors de [4:3 ; 16:9]","mode=ports direction=RIGHT inner=RIGHT wrap=MULTI_EDGE layerGap=60 rootLayerGap=30 nodeGap=48 rootPadding=12 innerRatio=2"
mise-en-service,elk,1,,0.282,3.82,4.17,5.11,2.26,0.419,0.094,3.135,26,"rapport 3.135 hors de [4:3 ; 16:9]","mode=ports direction=RIGHT inner=RIGHT wrap=MULTI_EDGE layerGap=60 rootLayerGap=90 nodeGap=24 rootPadding=12 innerRatio=2"
mise-en-service,elk,1,,0.282,3.82,4.17,5.11,2.26,0.419,0.094,3.135,26,"rapport 3.135 hors de [4:3 ; 16:9]","mode=ports direction=RIGHT inner=RIGHT wrap=MULTI_EDGE layerGap=60 rootLayerGap=90 nodeGap=48 rootPadding=12 innerRatio=2"
mise-en-service,elk,1,,0.338,4.58,5.00,6.13,2.71,0.386,0.099,2.274,30,"rapport 2.274 hors de [4:3 ; 16:9]","mode=ports direction=RIGHT inner=RIGHT wrap=MULTI_EDGE layerGap=120 rootLayerGap=30 nodeGap=24 rootPadding=12 innerRatio=2"
mise-en-service,elk,1,,0.261,3.53,3.85,4.72,2.08,0.440,0.087,3.398,26,"rapport 3.398 hors de [4:3 ; 16:9]","mode=ports direction=RIGHT inner=RIGHT wrap=MULTI_EDGE layerGap=120 rootLayerGap=30 nodeGap=48 rootPadding=12 innerRatio=2"
mise-en-service,elk,1,,0.325,4.40,4.80,5.89,2.60,0.371,0.095,2.366,30,"rapport 2.366 hors de [4:3 ; 16:9]","mode=ports direction=RIGHT inner=RIGHT wrap=MULTI_EDGE layerGap=120 rootLayerGap=90 nodeGap=24 rootPadding=12 innerRatio=2"
mise-en-service,elk,1,,0.253,3.42,3.73,4.58,2.02,0.427,0.085,3.503,26,"rapport 3.503 hors de [4:3 ; 16:9]","mode=ports direction=RIGHT inner=RIGHT wrap=MULTI_EDGE layerGap=120 rootLayerGap=90 nodeGap=48 rootPadding=12 innerRatio=2"
mise-en-service,elk,1,,0.270,3.66,3.99,4.89,2.16,0.478,0.121,4.400,18,"rapport 4.400 hors de [4:3 ; 16:9]","mode=ports direction=RIGHT inner=RIGHT wrap=MULTI_EDGE layerGap=30 rootLayerGap=30 nodeGap=24 rootPadding=12 innerRatio=3"
mise-en-service,elk,1,,0.240,3.25,3.54,4.34,1.92,0.516,0.134,6.203,14,"rapport 6.203 hors de [4:3 ; 16:9]","mode=ports direction=RIGHT inner=RIGHT wrap=MULTI_EDGE layerGap=30 rootLayerGap=30 nodeGap=48 rootPadding=12 innerRatio=3"
mise-en-service,elk,1,,0.262,3.54,3.86,4.74,2.09,0.464,0.117,4.541,18,"rapport 4.541 hors de [4:3 ; 16:9]","mode=ports direction=RIGHT inner=RIGHT wrap=MULTI_EDGE layerGap=30 rootLayerGap=90 nodeGap=24 rootPadding=12 innerRatio=3"
mise-en-service,elk,1,,0.233,3.16,3.44,4.22,1.86,0.501,0.130,6.380,14,"rapport 6.380 hors de [4:3 ; 16:9]","mode=ports direction=RIGHT inner=RIGHT wrap=MULTI_EDGE layerGap=30 rootLayerGap=90 nodeGap=48 rootPadding=12 innerRatio=3"
mise-en-service,elk,1,,0.256,3.46,3.78,4.63,2.05,0.481,0.114,4.647,18,"rapport 4.647 hors de [4:3 ; 16:9]","mode=ports direction=RIGHT inner=RIGHT wrap=MULTI_EDGE layerGap=60 rootLayerGap=30 nodeGap=24 rootPadding=12 innerRatio=3"
mise-en-service,elk,1,,0.256,3.46,3.78,4.63,2.05,0.481,0.114,4.647,18,"rapport 4.647 hors de [4:3 ; 16:9]","mode=ports direction=RIGHT inner=RIGHT wrap=MULTI_EDGE layerGap=60 rootLayerGap=30 nodeGap=48 rootPadding=12 innerRatio=3"
mise-en-service,elk,1,,0.248,3.36,3.67,4.49,1.99,0.467,0.111,4.788,18,"rapport 4.788 hors de [4:3 ; 16:9]","mode=ports direction=RIGHT inner=RIGHT wrap=MULTI_EDGE layerGap=60 rootLayerGap=90 nodeGap=24 rootPadding=12 innerRatio=3"
mise-en-service,elk,1,,0.248,3.36,3.67,4.49,1.99,0.467,0.111,4.788,18,"rapport 4.788 hors de [4:3 ; 16:9]","mode=ports direction=RIGHT inner=RIGHT wrap=MULTI_EDGE layerGap=60 rootLayerGap=90 nodeGap=48 rootPadding=12 innerRatio=3"
mise-en-service,elk,1,,0.228,3.09,3.37,4.13,1.83,0.488,0.102,5.212,18,"rapport 5.212 hors de [4:3 ; 16:9]","mode=ports direction=RIGHT inner=RIGHT wrap=MULTI_EDGE layerGap=120 rootLayerGap=30 nodeGap=24 rootPadding=12 innerRatio=3"
mise-en-service,elk,1,,0.228,3.09,3.37,4.13,1.83,0.488,0.102,5.212,18,"rapport 5.212 hors de [4:3 ; 16:9]","mode=ports direction=RIGHT inner=RIGHT wrap=MULTI_EDGE layerGap=120 rootLayerGap=30 nodeGap=48 rootPadding=12 innerRatio=3"
mise-en-service,elk,1,,0.222,3.01,3.28,4.02,1.78,0.475,0.099,5.353,18,"rapport 5.353 hors de [4:3 ; 16:9]","mode=ports direction=RIGHT inner=RIGHT wrap=MULTI_EDGE layerGap=120 rootLayerGap=90 nodeGap=24 rootPadding=12 innerRatio=3"
mise-en-service,elk,1,,0.222,3.01,3.28,4.02,1.78,0.475,0.099,5.353,18,"rapport 5.353 hors de [4:3 ; 16:9]","mode=ports direction=RIGHT inner=RIGHT wrap=MULTI_EDGE layerGap=120 rootLayerGap=90 nodeGap=48 rootPadding=12 innerRatio=3"
mise-en-service,elk,1,,0.240,3.25,3.54,4.34,1.92,0.516,0.134,6.203,14,"rapport 6.203 hors de [4:3 ; 16:9]","mode=ports direction=RIGHT inner=RIGHT wrap=MULTI_EDGE layerGap=30 rootLayerGap=30 nodeGap=24 rootPadding=12 innerRatio=4.5"
mise-en-service,elk,1,,0.235,3.18,3.46,4.25,1.88,0.559,0.174,8.462,10,"rapport 8.462 hors de [4:3 ; 16:9]","mode=ports direction=RIGHT inner=RIGHT wrap=MULTI_EDGE layerGap=30 rootLayerGap=30 nodeGap=48 rootPadding=12 innerRatio=4.5"
mise-en-service,elk,1,,0.233,3.16,3.44,4.22,1.86,0.501,0.130,6.380,14,"rapport 6.380 hors de [4:3 ; 16:9]","mode=ports direction=RIGHT inner=RIGHT wrap=MULTI_EDGE layerGap=30 rootLayerGap=90 nodeGap=24 rootPadding=12 innerRatio=4.5"
mise-en-service,elk,1,,0.228,3.09,3.37,4.13,1.83,0.544,0.169,8.697,10,"rapport 8.697 hors de [4:3 ; 16:9]","mode=ports direction=RIGHT inner=RIGHT wrap=MULTI_EDGE layerGap=30 rootLayerGap=90 nodeGap=48 rootPadding=12 innerRatio=4.5"
mise-en-service,elk,1,,0.226,3.06,3.34,4.09,1.81,0.518,0.126,6.578,14,"rapport 6.578 hors de [4:3 ; 16:9]","mode=ports direction=RIGHT inner=RIGHT wrap=MULTI_EDGE layerGap=60 rootLayerGap=30 nodeGap=24 rootPadding=12 innerRatio=4.5"
mise-en-service,elk,1,,0.226,3.06,3.34,4.09,1.81,0.518,0.126,6.578,14,"rapport 6.578 hors de [4:3 ; 16:9]","mode=ports direction=RIGHT inner=RIGHT wrap=MULTI_EDGE layerGap=60 rootLayerGap=30 nodeGap=48 rootPadding=12 innerRatio=4.5"
mise-en-service,elk,1,,0.220,2.98,3.25,3.99,1.76,0.505,0.123,6.755,14,"rapport 6.755 hors de [4:3 ; 16:9]","mode=ports direction=RIGHT inner=RIGHT wrap=MULTI_EDGE layerGap=60 rootLayerGap=90 nodeGap=24 rootPadding=12 innerRatio=4.5"
mise-en-service,elk,1,,0.220,2.98,3.25,3.99,1.76,0.505,0.123,6.755,14,"rapport 6.755 hors de [4:3 ; 16:9]","mode=ports direction=RIGHT inner=RIGHT wrap=MULTI_EDGE layerGap=60 rootLayerGap=90 nodeGap=48 rootPadding=12 innerRatio=4.5"
mise-en-service,elk,1,,0.202,2.73,2.98,3.65,1.61,0.524,0.113,7.373,14,"rapport 7.373 hors de [4:3 ; 16:9]","mode=ports direction=RIGHT inner=RIGHT wrap=MULTI_EDGE layerGap=120 rootLayerGap=30 nodeGap=24 rootPadding=12 innerRatio=4.5"
mise-en-service,elk,1,,0.202,2.73,2.98,3.65,1.61,0.524,0.113,7.373,14,"rapport 7.373 hors de [4:3 ; 16:9]","mode=ports direction=RIGHT inner=RIGHT wrap=MULTI_EDGE layerGap=120 rootLayerGap=30 nodeGap=48 rootPadding=12 innerRatio=4.5"
mise-en-service,elk,1,,0.197,2.67,2.91,3.57,1.58,0.512,0.110,7.550,14,"rapport 7.550 hors de [4:3 ; 16:9]","mode=ports direction=RIGHT inner=RIGHT wrap=MULTI_EDGE layerGap=120 rootLayerGap=90 nodeGap=24 rootPadding=12 innerRatio=4.5"
mise-en-service,elk,1,,0.197,2.67,2.91,3.57,1.58,0.512,0.110,7.550,14,"rapport 7.550 hors de [4:3 ; 16:9]","mode=ports direction=RIGHT inner=RIGHT wrap=MULTI_EDGE layerGap=120 rootLayerGap=90 nodeGap=48 rootPadding=12 innerRatio=4.5"
mise-en-service,elk,2,34,0.580,7.00,7.64,8.75,4.64,0.760,0.213,1.672,20,vertes,"mode=ports direction=DOWN inner=RIGHT wrap=MULTI_EDGE layerGap=30 rootLayerGap=30 nodeGap=48 rootPadding=12 innerRatio=4.5 placement=NETWORK_SIMPLEX inline=false labelLayer=MEDIAN_LAYER compaction=NONE edgeLayerGap=30 edgeNodeGap=30 edgeGap=20 componentGap=60"
mise-en-service,elk,2,35,0.580,7.00,7.64,8.75,4.64,0.760,0.213,1.672,20,vertes,"mode=ports direction=DOWN inner=RIGHT wrap=MULTI_EDGE layerGap=30 rootLayerGap=30 nodeGap=48 rootPadding=12 innerRatio=4.5 placement=NETWORK_SIMPLEX inline=false labelLayer=MEDIAN_LAYER compaction=NONE aspectRatio=1.78 edgeLayerGap=30 edgeNodeGap=30 edgeGap=20 componentGap=60"
mise-en-service,elk,2,9,0.585,7.21,7.87,9.00,4.68,0.754,0.222,1.707,20,vertes,"mode=ports direction=DOWN inner=RIGHT wrap=MULTI_EDGE layerGap=30 rootLayerGap=30 nodeGap=48 rootPadding=12 innerRatio=4.5 placement=NETWORK_SIMPLEX inline=false labelLayer=MEDIAN_LAYER compaction=NONE edgeLayerGap=15 edgeNodeGap=15 edgeGap=10 componentGap=24"
mise-en-service,elk,2,10,0.585,7.21,7.87,9.00,4.68,0.754,0.222,1.707,20,vertes,"mode=ports direction=DOWN inner=RIGHT wrap=MULTI_EDGE layerGap=30 rootLayerGap=30 nodeGap=48 rootPadding=12 innerRatio=4.5 placement=NETWORK_SIMPLEX inline=false labelLayer=MEDIAN_LAYER compaction=NONE aspectRatio=1.78 edgeLayerGap=15 edgeNodeGap=15 edgeGap=10 componentGap=24"
mise-en-service,elk,2,,0.213,2.89,3.15,3.86,1.71,0.382,0.069,4.039,24,"Q0_GO__L1__5858420b813f: segment oblique","mode=ports direction=DOWN inner=RIGHT wrap=MULTI_EDGE layerGap=30 rootLayerGap=30 nodeGap=48 rootPadding=12 innerRatio=4.5 placement=NETWORK_SIMPLEX inline=false labelLayer=MEDIAN_LAYER compaction=EDGE_LENGTH edgeLayerGap=30 edgeNodeGap=30 edgeGap=20 componentGap=60"
mise-en-service,elk,2,,0.213,2.89,3.15,3.86,1.71,0.382,0.069,4.039,24,"Q0_GO__L1__5858420b813f: segment oblique","mode=ports direction=DOWN inner=RIGHT wrap=MULTI_EDGE layerGap=30 rootLayerGap=30 nodeGap=48 rootPadding=12 innerRatio=4.5 placement=NETWORK_SIMPLEX inline=false labelLayer=MEDIAN_LAYER compaction=EDGE_LENGTH aspectRatio=1.78 edgeLayerGap=30 edgeNodeGap=30 edgeGap=20 componentGap=60"
mise-en-service,elk,2,,0.213,2.89,3.15,3.86,1.71,0.378,0.071,4.145,24,"Q0_GO__L1__5858420b813f: segment oblique","mode=ports direction=DOWN inner=RIGHT wrap=MULTI_EDGE layerGap=30 rootLayerGap=30 nodeGap=48 rootPadding=12 innerRatio=4.5 placement=NETWORK_SIMPLEX inline=false labelLayer=MEDIAN_LAYER compaction=EDGE_LENGTH edgeLayerGap=15 edgeNodeGap=15 edgeGap=10 componentGap=24"
mise-en-service,elk,2,,0.213,2.89,3.15,3.86,1.71,0.378,0.071,4.145,24,"Q0_GO__L1__5858420b813f: segment oblique","mode=ports direction=DOWN inner=RIGHT wrap=MULTI_EDGE layerGap=30 rootLayerGap=30 nodeGap=48 rootPadding=12 innerRatio=4.5 placement=NETWORK_SIMPLEX inline=false labelLayer=MEDIAN_LAYER compaction=EDGE_LENGTH aspectRatio=1.78 edgeLayerGap=15 edgeNodeGap=15 edgeGap=10 componentGap=24"
mise-en-service,elk,2,36,0.580,7.00,7.64,8.75,4.64,0.760,0.213,1.672,20,vertes,"mode=ports direction=DOWN inner=RIGHT wrap=MULTI_EDGE layerGap=30 rootLayerGap=30 nodeGap=48 rootPadding=12 innerRatio=4.5 placement=NETWORK_SIMPLEX inline=false labelLayer=SPACE_EFFICIENT_LAYER compaction=NONE edgeLayerGap=30 edgeNodeGap=30 edgeGap=20 componentGap=60"
mise-en-service,elk,2,37,0.580,7.00,7.64,8.75,4.64,0.760,0.213,1.672,20,vertes,"mode=ports direction=DOWN inner=RIGHT wrap=MULTI_EDGE layerGap=30 rootLayerGap=30 nodeGap=48 rootPadding=12 innerRatio=4.5 placement=NETWORK_SIMPLEX inline=false labelLayer=SPACE_EFFICIENT_LAYER compaction=NONE aspectRatio=1.78 edgeLayerGap=30 edgeNodeGap=30 edgeGap=20 componentGap=60"
mise-en-service,elk,2,11,0.585,7.21,7.87,9.00,4.68,0.754,0.222,1.707,20,vertes,"mode=ports direction=DOWN inner=RIGHT wrap=MULTI_EDGE layerGap=30 rootLayerGap=30 nodeGap=48 rootPadding=12 innerRatio=4.5 placement=NETWORK_SIMPLEX inline=false labelLayer=SPACE_EFFICIENT_LAYER compaction=NONE edgeLayerGap=15 edgeNodeGap=15 edgeGap=10 componentGap=24"
mise-en-service,elk,2,12,0.585,7.21,7.87,9.00,4.68,0.754,0.222,1.707,20,vertes,"mode=ports direction=DOWN inner=RIGHT wrap=MULTI_EDGE layerGap=30 rootLayerGap=30 nodeGap=48 rootPadding=12 innerRatio=4.5 placement=NETWORK_SIMPLEX inline=false labelLayer=SPACE_EFFICIENT_LAYER compaction=NONE aspectRatio=1.78 edgeLayerGap=15 edgeNodeGap=15 edgeGap=10 componentGap=24"
mise-en-service,elk,2,,0.213,2.89,3.15,3.86,1.71,0.382,0.069,4.039,24,"Q0_GO__L1__5858420b813f: segment oblique","mode=ports direction=DOWN inner=RIGHT wrap=MULTI_EDGE layerGap=30 rootLayerGap=30 nodeGap=48 rootPadding=12 innerRatio=4.5 placement=NETWORK_SIMPLEX inline=false labelLayer=SPACE_EFFICIENT_LAYER compaction=EDGE_LENGTH edgeLayerGap=30 edgeNodeGap=30 edgeGap=20 componentGap=60"
mise-en-service,elk,2,,0.213,2.89,3.15,3.86,1.71,0.382,0.069,4.039,24,"Q0_GO__L1__5858420b813f: segment oblique","mode=ports direction=DOWN inner=RIGHT wrap=MULTI_EDGE layerGap=30 rootLayerGap=30 nodeGap=48 rootPadding=12 innerRatio=4.5 placement=NETWORK_SIMPLEX inline=false labelLayer=SPACE_EFFICIENT_LAYER compaction=EDGE_LENGTH aspectRatio=1.78 edgeLayerGap=30 edgeNodeGap=30 edgeGap=20 componentGap=60"
mise-en-service,elk,2,,0.213,2.89,3.15,3.86,1.71,0.378,0.071,4.145,24,"Q0_GO__L1__5858420b813f: segment oblique","mode=ports direction=DOWN inner=RIGHT wrap=MULTI_EDGE layerGap=30 rootLayerGap=30 nodeGap=48 rootPadding=12 innerRatio=4.5 placement=NETWORK_SIMPLEX inline=false labelLayer=SPACE_EFFICIENT_LAYER compaction=EDGE_LENGTH edgeLayerGap=15 edgeNodeGap=15 edgeGap=10 componentGap=24"
mise-en-service,elk,2,,0.213,2.89,3.15,3.86,1.71,0.378,0.071,4.145,24,"Q0_GO__L1__5858420b813f: segment oblique","mode=ports direction=DOWN inner=RIGHT wrap=MULTI_EDGE layerGap=30 rootLayerGap=30 nodeGap=48 rootPadding=12 innerRatio=4.5 placement=NETWORK_SIMPLEX inline=false labelLayer=SPACE_EFFICIENT_LAYER compaction=EDGE_LENGTH aspectRatio=1.78 edgeLayerGap=15 edgeNodeGap=15 edgeGap=10 componentGap=24"
mise-en-service,elk,2,38,0.580,7.00,7.64,8.75,4.64,0.760,0.213,1.672,20,vertes,"mode=ports direction=DOWN inner=RIGHT wrap=MULTI_EDGE layerGap=30 rootLayerGap=30 nodeGap=48 rootPadding=12 innerRatio=4.5 placement=NETWORK_SIMPLEX inline=true labelLayer=MEDIAN_LAYER compaction=NONE edgeLayerGap=30 edgeNodeGap=30 edgeGap=20 componentGap=60"
mise-en-service,elk,2,39,0.580,7.00,7.64,8.75,4.64,0.760,0.213,1.672,20,vertes,"mode=ports direction=DOWN inner=RIGHT wrap=MULTI_EDGE layerGap=30 rootLayerGap=30 nodeGap=48 rootPadding=12 innerRatio=4.5 placement=NETWORK_SIMPLEX inline=true labelLayer=MEDIAN_LAYER compaction=NONE aspectRatio=1.78 edgeLayerGap=30 edgeNodeGap=30 edgeGap=20 componentGap=60"
mise-en-service,elk,2,13,0.585,7.21,7.87,9.00,4.68,0.754,0.222,1.707,20,vertes,"mode=ports direction=DOWN inner=RIGHT wrap=MULTI_EDGE layerGap=30 rootLayerGap=30 nodeGap=48 rootPadding=12 innerRatio=4.5 placement=NETWORK_SIMPLEX inline=true labelLayer=MEDIAN_LAYER compaction=NONE edgeLayerGap=15 edgeNodeGap=15 edgeGap=10 componentGap=24"
mise-en-service,elk,2,14,0.585,7.21,7.87,9.00,4.68,0.754,0.222,1.707,20,vertes,"mode=ports direction=DOWN inner=RIGHT wrap=MULTI_EDGE layerGap=30 rootLayerGap=30 nodeGap=48 rootPadding=12 innerRatio=4.5 placement=NETWORK_SIMPLEX inline=true labelLayer=MEDIAN_LAYER compaction=NONE aspectRatio=1.78 edgeLayerGap=15 edgeNodeGap=15 edgeGap=10 componentGap=24"
mise-en-service,elk,2,,0.213,2.89,3.15,3.86,1.71,0.382,0.069,4.039,24,"Q0_GO__L1__5858420b813f: segment oblique","mode=ports direction=DOWN inner=RIGHT wrap=MULTI_EDGE layerGap=30 rootLayerGap=30 nodeGap=48 rootPadding=12 innerRatio=4.5 placement=NETWORK_SIMPLEX inline=true labelLayer=MEDIAN_LAYER compaction=EDGE_LENGTH edgeLayerGap=30 edgeNodeGap=30 edgeGap=20 componentGap=60"
mise-en-service,elk,2,,0.213,2.89,3.15,3.86,1.71,0.382,0.069,4.039,24,"Q0_GO__L1__5858420b813f: segment oblique","mode=ports direction=DOWN inner=RIGHT wrap=MULTI_EDGE layerGap=30 rootLayerGap=30 nodeGap=48 rootPadding=12 innerRatio=4.5 placement=NETWORK_SIMPLEX inline=true labelLayer=MEDIAN_LAYER compaction=EDGE_LENGTH aspectRatio=1.78 edgeLayerGap=30 edgeNodeGap=30 edgeGap=20 componentGap=60"
mise-en-service,elk,2,,0.213,2.89,3.15,3.86,1.71,0.378,0.071,4.145,24,"Q0_GO__L1__5858420b813f: segment oblique","mode=ports direction=DOWN inner=RIGHT wrap=MULTI_EDGE layerGap=30 rootLayerGap=30 nodeGap=48 rootPadding=12 innerRatio=4.5 placement=NETWORK_SIMPLEX inline=true labelLayer=MEDIAN_LAYER compaction=EDGE_LENGTH edgeLayerGap=15 edgeNodeGap=15 edgeGap=10 componentGap=24"
mise-en-service,elk,2,,0.213,2.89,3.15,3.86,1.71,0.378,0.071,4.145,24,"Q0_GO__L1__5858420b813f: segment oblique","mode=ports direction=DOWN inner=RIGHT wrap=MULTI_EDGE layerGap=30 rootLayerGap=30 nodeGap=48 rootPadding=12 innerRatio=4.5 placement=NETWORK_SIMPLEX inline=true labelLayer=MEDIAN_LAYER compaction=EDGE_LENGTH aspectRatio=1.78 edgeLayerGap=15 edgeNodeGap=15 edgeGap=10 componentGap=24"
mise-en-service,elk,2,40,0.580,7.00,7.64,8.75,4.64,0.760,0.213,1.672,20,vertes,"mode=ports direction=DOWN inner=RIGHT wrap=MULTI_EDGE layerGap=30 rootLayerGap=30 nodeGap=48 rootPadding=12 innerRatio=4.5 placement=NETWORK_SIMPLEX inline=true labelLayer=SPACE_EFFICIENT_LAYER compaction=NONE edgeLayerGap=30 edgeNodeGap=30 edgeGap=20 componentGap=60"
mise-en-service,elk,2,41,0.580,7.00,7.64,8.75,4.64,0.760,0.213,1.672,20,vertes,"mode=ports direction=DOWN inner=RIGHT wrap=MULTI_EDGE layerGap=30 rootLayerGap=30 nodeGap=48 rootPadding=12 innerRatio=4.5 placement=NETWORK_SIMPLEX inline=true labelLayer=SPACE_EFFICIENT_LAYER compaction=NONE aspectRatio=1.78 edgeLayerGap=30 edgeNodeGap=30 edgeGap=20 componentGap=60"
mise-en-service,elk,2,15,0.585,7.21,7.87,9.00,4.68,0.754,0.222,1.707,20,vertes,"mode=ports direction=DOWN inner=RIGHT wrap=MULTI_EDGE layerGap=30 rootLayerGap=30 nodeGap=48 rootPadding=12 innerRatio=4.5 placement=NETWORK_SIMPLEX inline=true labelLayer=SPACE_EFFICIENT_LAYER compaction=NONE edgeLayerGap=15 edgeNodeGap=15 edgeGap=10 componentGap=24"
mise-en-service,elk,2,16,0.585,7.21,7.87,9.00,4.68,0.754,0.222,1.707,20,vertes,"mode=ports direction=DOWN inner=RIGHT wrap=MULTI_EDGE layerGap=30 rootLayerGap=30 nodeGap=48 rootPadding=12 innerRatio=4.5 placement=NETWORK_SIMPLEX inline=true labelLayer=SPACE_EFFICIENT_LAYER compaction=NONE aspectRatio=1.78 edgeLayerGap=15 edgeNodeGap=15 edgeGap=10 componentGap=24"
mise-en-service,elk,2,,0.213,2.89,3.15,3.86,1.71,0.382,0.069,4.039,24,"Q0_GO__L1__5858420b813f: segment oblique","mode=ports direction=DOWN inner=RIGHT wrap=MULTI_EDGE layerGap=30 rootLayerGap=30 nodeGap=48 rootPadding=12 innerRatio=4.5 placement=NETWORK_SIMPLEX inline=true labelLayer=SPACE_EFFICIENT_LAYER compaction=EDGE_LENGTH edgeLayerGap=30 edgeNodeGap=30 edgeGap=20 componentGap=60"
mise-en-service,elk,2,,0.213,2.89,3.15,3.86,1.71,0.382,0.069,4.039,24,"Q0_GO__L1__5858420b813f: segment oblique","mode=ports direction=DOWN inner=RIGHT wrap=MULTI_EDGE layerGap=30 rootLayerGap=30 nodeGap=48 rootPadding=12 innerRatio=4.5 placement=NETWORK_SIMPLEX inline=true labelLayer=SPACE_EFFICIENT_LAYER compaction=EDGE_LENGTH aspectRatio=1.78 edgeLayerGap=30 edgeNodeGap=30 edgeGap=20 componentGap=60"
mise-en-service,elk,2,,0.213,2.89,3.15,3.86,1.71,0.378,0.071,4.145,24,"Q0_GO__L1__5858420b813f: segment oblique","mode=ports direction=DOWN inner=RIGHT wrap=MULTI_EDGE layerGap=30 rootLayerGap=30 nodeGap=48 rootPadding=12 innerRatio=4.5 placement=NETWORK_SIMPLEX inline=true labelLayer=SPACE_EFFICIENT_LAYER compaction=EDGE_LENGTH edgeLayerGap=15 edgeNodeGap=15 edgeGap=10 componentGap=24"
mise-en-service,elk,2,,0.213,2.89,3.15,3.86,1.71,0.378,0.071,4.145,24,"Q0_GO__L1__5858420b813f: segment oblique","mode=ports direction=DOWN inner=RIGHT wrap=MULTI_EDGE layerGap=30 rootLayerGap=30 nodeGap=48 rootPadding=12 innerRatio=4.5 placement=NETWORK_SIMPLEX inline=true labelLayer=SPACE_EFFICIENT_LAYER compaction=EDGE_LENGTH aspectRatio=1.78 edgeLayerGap=15 edgeNodeGap=15 edgeGap=10 componentGap=24"
mise-en-service,elk,2,25,0.580,7.00,7.64,8.75,4.64,0.760,0.213,1.672,20,vertes,"mode=ports direction=DOWN inner=RIGHT wrap=MULTI_EDGE layerGap=30 rootLayerGap=30 nodeGap=48 rootPadding=12 innerRatio=4.5 placement=BRANDES_KOEPF inline=false labelLayer=MEDIAN_LAYER compaction=NONE edgeLayerGap=30 edgeNodeGap=30 edgeGap=20 componentGap=60"
mise-en-service,elk,2,26,0.580,7.00,7.64,8.75,4.64,0.760,0.213,1.672,20,vertes,"mode=ports direction=DOWN inner=RIGHT wrap=MULTI_EDGE layerGap=30 rootLayerGap=30 nodeGap=48 rootPadding=12 innerRatio=4.5 placement=BRANDES_KOEPF inline=false labelLayer=MEDIAN_LAYER compaction=NONE aspectRatio=1.78 edgeLayerGap=30 edgeNodeGap=30 edgeGap=20 componentGap=60"
mise-en-service,elk,2,1,0.585,7.21,7.87,9.00,4.68,0.754,0.222,1.707,20,vertes,"mode=ports direction=DOWN inner=RIGHT wrap=MULTI_EDGE layerGap=30 rootLayerGap=30 nodeGap=48 rootPadding=12 innerRatio=4.5 placement=BRANDES_KOEPF inline=false labelLayer=MEDIAN_LAYER compaction=NONE edgeLayerGap=15 edgeNodeGap=15 edgeGap=10 componentGap=24"
mise-en-service,elk,2,2,0.585,7.21,7.87,9.00,4.68,0.754,0.222,1.707,20,vertes,"mode=ports direction=DOWN inner=RIGHT wrap=MULTI_EDGE layerGap=30 rootLayerGap=30 nodeGap=48 rootPadding=12 innerRatio=4.5 placement=BRANDES_KOEPF inline=false labelLayer=MEDIAN_LAYER compaction=NONE aspectRatio=1.78 edgeLayerGap=15 edgeNodeGap=15 edgeGap=10 componentGap=24"
mise-en-service,elk,2,,0.213,2.89,3.15,3.86,1.71,0.382,0.069,4.039,24,"Q0_GO__L1__5858420b813f: segment oblique","mode=ports direction=DOWN inner=RIGHT wrap=MULTI_EDGE layerGap=30 rootLayerGap=30 nodeGap=48 rootPadding=12 innerRatio=4.5 placement=BRANDES_KOEPF inline=false labelLayer=MEDIAN_LAYER compaction=EDGE_LENGTH edgeLayerGap=30 edgeNodeGap=30 edgeGap=20 componentGap=60"
mise-en-service,elk,2,,0.213,2.89,3.15,3.86,1.71,0.382,0.069,4.039,24,"Q0_GO__L1__5858420b813f: segment oblique","mode=ports direction=DOWN inner=RIGHT wrap=MULTI_EDGE layerGap=30 rootLayerGap=30 nodeGap=48 rootPadding=12 innerRatio=4.5 placement=BRANDES_KOEPF inline=false labelLayer=MEDIAN_LAYER compaction=EDGE_LENGTH aspectRatio=1.78 edgeLayerGap=30 edgeNodeGap=30 edgeGap=20 componentGap=60"
mise-en-service,elk,2,,0.213,2.89,3.15,3.86,1.71,0.378,0.071,4.145,24,"Q0_GO__L1__5858420b813f: segment oblique","mode=ports direction=DOWN inner=RIGHT wrap=MULTI_EDGE layerGap=30 rootLayerGap=30 nodeGap=48 rootPadding=12 innerRatio=4.5 placement=BRANDES_KOEPF inline=false labelLayer=MEDIAN_LAYER compaction=EDGE_LENGTH edgeLayerGap=15 edgeNodeGap=15 edgeGap=10 componentGap=24"
mise-en-service,elk,2,,0.213,2.89,3.15,3.86,1.71,0.378,0.071,4.145,24,"Q0_GO__L1__5858420b813f: segment oblique","mode=ports direction=DOWN inner=RIGHT wrap=MULTI_EDGE layerGap=30 rootLayerGap=30 nodeGap=48 rootPadding=12 innerRatio=4.5 placement=BRANDES_KOEPF inline=false labelLayer=MEDIAN_LAYER compaction=EDGE_LENGTH aspectRatio=1.78 edgeLayerGap=15 edgeNodeGap=15 edgeGap=10 componentGap=24"
mise-en-service,elk,2,27,0.580,7.00,7.64,8.75,4.64,0.760,0.213,1.672,20,vertes,"mode=ports direction=DOWN inner=RIGHT wrap=MULTI_EDGE layerGap=30 rootLayerGap=30 nodeGap=48 rootPadding=12 innerRatio=4.5 placement=BRANDES_KOEPF inline=false labelLayer=SPACE_EFFICIENT_LAYER compaction=NONE edgeLayerGap=30 edgeNodeGap=30 edgeGap=20 componentGap=60"
mise-en-service,elk,2,28,0.580,7.00,7.64,8.75,4.64,0.760,0.213,1.672,20,vertes,"mode=ports direction=DOWN inner=RIGHT wrap=MULTI_EDGE layerGap=30 rootLayerGap=30 nodeGap=48 rootPadding=12 innerRatio=4.5 placement=BRANDES_KOEPF inline=false labelLayer=SPACE_EFFICIENT_LAYER compaction=NONE aspectRatio=1.78 edgeLayerGap=30 edgeNodeGap=30 edgeGap=20 componentGap=60"
mise-en-service,elk,2,3,0.585,7.21,7.87,9.00,4.68,0.754,0.222,1.707,20,vertes,"mode=ports direction=DOWN inner=RIGHT wrap=MULTI_EDGE layerGap=30 rootLayerGap=30 nodeGap=48 rootPadding=12 innerRatio=4.5 placement=BRANDES_KOEPF inline=false labelLayer=SPACE_EFFICIENT_LAYER compaction=NONE edgeLayerGap=15 edgeNodeGap=15 edgeGap=10 componentGap=24"
mise-en-service,elk,2,4,0.585,7.21,7.87,9.00,4.68,0.754,0.222,1.707,20,vertes,"mode=ports direction=DOWN inner=RIGHT wrap=MULTI_EDGE layerGap=30 rootLayerGap=30 nodeGap=48 rootPadding=12 innerRatio=4.5 placement=BRANDES_KOEPF inline=false labelLayer=SPACE_EFFICIENT_LAYER compaction=NONE aspectRatio=1.78 edgeLayerGap=15 edgeNodeGap=15 edgeGap=10 componentGap=24"
mise-en-service,elk,2,,0.213,2.89,3.15,3.86,1.71,0.382,0.069,4.039,24,"Q0_GO__L1__5858420b813f: segment oblique","mode=ports direction=DOWN inner=RIGHT wrap=MULTI_EDGE layerGap=30 rootLayerGap=30 nodeGap=48 rootPadding=12 innerRatio=4.5 placement=BRANDES_KOEPF inline=false labelLayer=SPACE_EFFICIENT_LAYER compaction=EDGE_LENGTH edgeLayerGap=30 edgeNodeGap=30 edgeGap=20 componentGap=60"
mise-en-service,elk,2,,0.213,2.89,3.15,3.86,1.71,0.382,0.069,4.039,24,"Q0_GO__L1__5858420b813f: segment oblique","mode=ports direction=DOWN inner=RIGHT wrap=MULTI_EDGE layerGap=30 rootLayerGap=30 nodeGap=48 rootPadding=12 innerRatio=4.5 placement=BRANDES_KOEPF inline=false labelLayer=SPACE_EFFICIENT_LAYER compaction=EDGE_LENGTH aspectRatio=1.78 edgeLayerGap=30 edgeNodeGap=30 edgeGap=20 componentGap=60"
mise-en-service,elk,2,,0.213,2.89,3.15,3.86,1.71,0.378,0.071,4.145,24,"Q0_GO__L1__5858420b813f: segment oblique","mode=ports direction=DOWN inner=RIGHT wrap=MULTI_EDGE layerGap=30 rootLayerGap=30 nodeGap=48 rootPadding=12 innerRatio=4.5 placement=BRANDES_KOEPF inline=false labelLayer=SPACE_EFFICIENT_LAYER compaction=EDGE_LENGTH edgeLayerGap=15 edgeNodeGap=15 edgeGap=10 componentGap=24"
mise-en-service,elk,2,,0.213,2.89,3.15,3.86,1.71,0.378,0.071,4.145,24,"Q0_GO__L1__5858420b813f: segment oblique","mode=ports direction=DOWN inner=RIGHT wrap=MULTI_EDGE layerGap=30 rootLayerGap=30 nodeGap=48 rootPadding=12 innerRatio=4.5 placement=BRANDES_KOEPF inline=false labelLayer=SPACE_EFFICIENT_LAYER compaction=EDGE_LENGTH aspectRatio=1.78 edgeLayerGap=15 edgeNodeGap=15 edgeGap=10 componentGap=24"
mise-en-service,elk,2,29,0.580,7.00,7.64,8.75,4.64,0.760,0.213,1.672,20,vertes,"mode=ports direction=DOWN inner=RIGHT wrap=MULTI_EDGE layerGap=30 rootLayerGap=30 nodeGap=48 rootPadding=12 innerRatio=4.5 placement=BRANDES_KOEPF inline=true labelLayer=MEDIAN_LAYER compaction=NONE edgeLayerGap=30 edgeNodeGap=30 edgeGap=20 componentGap=60"
mise-en-service,elk,2,30,0.580,7.00,7.64,8.75,4.64,0.760,0.213,1.672,20,vertes,"mode=ports direction=DOWN inner=RIGHT wrap=MULTI_EDGE layerGap=30 rootLayerGap=30 nodeGap=48 rootPadding=12 innerRatio=4.5 placement=BRANDES_KOEPF inline=true labelLayer=MEDIAN_LAYER compaction=NONE aspectRatio=1.78 edgeLayerGap=30 edgeNodeGap=30 edgeGap=20 componentGap=60"
mise-en-service,elk,2,5,0.585,7.21,7.87,9.00,4.68,0.754,0.222,1.707,20,vertes,"mode=ports direction=DOWN inner=RIGHT wrap=MULTI_EDGE layerGap=30 rootLayerGap=30 nodeGap=48 rootPadding=12 innerRatio=4.5 placement=BRANDES_KOEPF inline=true labelLayer=MEDIAN_LAYER compaction=NONE edgeLayerGap=15 edgeNodeGap=15 edgeGap=10 componentGap=24"
mise-en-service,elk,2,6,0.585,7.21,7.87,9.00,4.68,0.754,0.222,1.707,20,vertes,"mode=ports direction=DOWN inner=RIGHT wrap=MULTI_EDGE layerGap=30 rootLayerGap=30 nodeGap=48 rootPadding=12 innerRatio=4.5 placement=BRANDES_KOEPF inline=true labelLayer=MEDIAN_LAYER compaction=NONE aspectRatio=1.78 edgeLayerGap=15 edgeNodeGap=15 edgeGap=10 componentGap=24"
mise-en-service,elk,2,,0.213,2.89,3.15,3.86,1.71,0.382,0.069,4.039,24,"Q0_GO__L1__5858420b813f: segment oblique","mode=ports direction=DOWN inner=RIGHT wrap=MULTI_EDGE layerGap=30 rootLayerGap=30 nodeGap=48 rootPadding=12 innerRatio=4.5 placement=BRANDES_KOEPF inline=true labelLayer=MEDIAN_LAYER compaction=EDGE_LENGTH edgeLayerGap=30 edgeNodeGap=30 edgeGap=20 componentGap=60"
mise-en-service,elk,2,,0.213,2.89,3.15,3.86,1.71,0.382,0.069,4.039,24,"Q0_GO__L1__5858420b813f: segment oblique","mode=ports direction=DOWN inner=RIGHT wrap=MULTI_EDGE layerGap=30 rootLayerGap=30 nodeGap=48 rootPadding=12 innerRatio=4.5 placement=BRANDES_KOEPF inline=true labelLayer=MEDIAN_LAYER compaction=EDGE_LENGTH aspectRatio=1.78 edgeLayerGap=30 edgeNodeGap=30 edgeGap=20 componentGap=60"
mise-en-service,elk,2,,0.213,2.89,3.15,3.86,1.71,0.378,0.071,4.145,24,"Q0_GO__L1__5858420b813f: segment oblique","mode=ports direction=DOWN inner=RIGHT wrap=MULTI_EDGE layerGap=30 rootLayerGap=30 nodeGap=48 rootPadding=12 innerRatio=4.5 placement=BRANDES_KOEPF inline=true labelLayer=MEDIAN_LAYER compaction=EDGE_LENGTH edgeLayerGap=15 edgeNodeGap=15 edgeGap=10 componentGap=24"
mise-en-service,elk,2,,0.213,2.89,3.15,3.86,1.71,0.378,0.071,4.145,24,"Q0_GO__L1__5858420b813f: segment oblique","mode=ports direction=DOWN inner=RIGHT wrap=MULTI_EDGE layerGap=30 rootLayerGap=30 nodeGap=48 rootPadding=12 innerRatio=4.5 placement=BRANDES_KOEPF inline=true labelLayer=MEDIAN_LAYER compaction=EDGE_LENGTH aspectRatio=1.78 edgeLayerGap=15 edgeNodeGap=15 edgeGap=10 componentGap=24"
mise-en-service,elk,2,31,0.580,7.00,7.64,8.75,4.64,0.760,0.213,1.672,20,vertes,"mode=ports direction=DOWN inner=RIGHT wrap=MULTI_EDGE layerGap=30 rootLayerGap=30 nodeGap=48 rootPadding=12 innerRatio=4.5 placement=BRANDES_KOEPF inline=true labelLayer=SPACE_EFFICIENT_LAYER compaction=NONE edgeLayerGap=30 edgeNodeGap=30 edgeGap=20 componentGap=60"
mise-en-service,elk,2,32,0.580,7.00,7.64,8.75,4.64,0.760,0.213,1.672,20,vertes,"mode=ports direction=DOWN inner=RIGHT wrap=MULTI_EDGE layerGap=30 rootLayerGap=30 nodeGap=48 rootPadding=12 innerRatio=4.5 placement=BRANDES_KOEPF inline=true labelLayer=SPACE_EFFICIENT_LAYER compaction=NONE aspectRatio=1.78 edgeLayerGap=30 edgeNodeGap=30 edgeGap=20 componentGap=60"
mise-en-service,elk,2,7,0.585,7.21,7.87,9.00,4.68,0.754,0.222,1.707,20,vertes,"mode=ports direction=DOWN inner=RIGHT wrap=MULTI_EDGE layerGap=30 rootLayerGap=30 nodeGap=48 rootPadding=12 innerRatio=4.5 placement=BRANDES_KOEPF inline=true labelLayer=SPACE_EFFICIENT_LAYER compaction=NONE edgeLayerGap=15 edgeNodeGap=15 edgeGap=10 componentGap=24"
mise-en-service,elk,2,8,0.585,7.21,7.87,9.00,4.68,0.754,0.222,1.707,20,vertes,"mode=ports direction=DOWN inner=RIGHT wrap=MULTI_EDGE layerGap=30 rootLayerGap=30 nodeGap=48 rootPadding=12 innerRatio=4.5 placement=BRANDES_KOEPF inline=true labelLayer=SPACE_EFFICIENT_LAYER compaction=NONE aspectRatio=1.78 edgeLayerGap=15 edgeNodeGap=15 edgeGap=10 componentGap=24"
mise-en-service,elk,2,,0.213,2.89,3.15,3.86,1.71,0.382,0.069,4.039,24,"Q0_GO__L1__5858420b813f: segment oblique","mode=ports direction=DOWN inner=RIGHT wrap=MULTI_EDGE layerGap=30 rootLayerGap=30 nodeGap=48 rootPadding=12 innerRatio=4.5 placement=BRANDES_KOEPF inline=true labelLayer=SPACE_EFFICIENT_LAYER compaction=EDGE_LENGTH edgeLayerGap=30 edgeNodeGap=30 edgeGap=20 componentGap=60"
mise-en-service,elk,2,,0.213,2.89,3.15,3.86,1.71,0.382,0.069,4.039,24,"Q0_GO__L1__5858420b813f: segment oblique","mode=ports direction=DOWN inner=RIGHT wrap=MULTI_EDGE layerGap=30 rootLayerGap=30 nodeGap=48 rootPadding=12 innerRatio=4.5 placement=BRANDES_KOEPF inline=true labelLayer=SPACE_EFFICIENT_LAYER compaction=EDGE_LENGTH aspectRatio=1.78 edgeLayerGap=30 edgeNodeGap=30 edgeGap=20 componentGap=60"
mise-en-service,elk,2,,0.213,2.89,3.15,3.86,1.71,0.378,0.071,4.145,24,"Q0_GO__L1__5858420b813f: segment oblique","mode=ports direction=DOWN inner=RIGHT wrap=MULTI_EDGE layerGap=30 rootLayerGap=30 nodeGap=48 rootPadding=12 innerRatio=4.5 placement=BRANDES_KOEPF inline=true labelLayer=SPACE_EFFICIENT_LAYER compaction=EDGE_LENGTH edgeLayerGap=15 edgeNodeGap=15 edgeGap=10 componentGap=24"
mise-en-service,elk,2,,0.213,2.89,3.15,3.86,1.71,0.378,0.071,4.145,24,"Q0_GO__L1__5858420b813f: segment oblique","mode=ports direction=DOWN inner=RIGHT wrap=MULTI_EDGE layerGap=30 rootLayerGap=30 nodeGap=48 rootPadding=12 innerRatio=4.5 placement=BRANDES_KOEPF inline=true labelLayer=SPACE_EFFICIENT_LAYER compaction=EDGE_LENGTH aspectRatio=1.78 edgeLayerGap=15 edgeNodeGap=15 edgeGap=10 componentGap=24"
mise-en-service,elk,2,42,0.552,6.66,7.26,8.31,4.42,0.733,0.193,1.671,44,vertes,"mode=ports direction=DOWN inner=RIGHT wrap=MULTI_EDGE layerGap=30 rootLayerGap=30 nodeGap=48 rootPadding=12 innerRatio=4.5 placement=LINEAR_SEGMENTS inline=false labelLayer=MEDIAN_LAYER compaction=NONE edgeLayerGap=30 edgeNodeGap=30 edgeGap=20 componentGap=60"
mise-en-service,elk,2,43,0.552,6.66,7.26,8.31,4.42,0.733,0.193,1.671,44,vertes,"mode=ports direction=DOWN inner=RIGHT wrap=MULTI_EDGE layerGap=30 rootLayerGap=30 nodeGap=48 rootPadding=12 innerRatio=4.5 placement=LINEAR_SEGMENTS inline=false labelLayer=MEDIAN_LAYER compaction=NONE aspectRatio=1.78 edgeLayerGap=30 edgeNodeGap=30 edgeGap=20 componentGap=60"
mise-en-service,elk,2,17,0.585,7.05,7.69,8.80,4.68,0.757,0.217,1.669,44,vertes,"mode=ports direction=DOWN inner=RIGHT wrap=MULTI_EDGE layerGap=30 rootLayerGap=30 nodeGap=48 rootPadding=12 innerRatio=4.5 placement=LINEAR_SEGMENTS inline=false labelLayer=MEDIAN_LAYER compaction=NONE edgeLayerGap=15 edgeNodeGap=15 edgeGap=10 componentGap=24"
mise-en-service,elk,2,18,0.585,7.05,7.69,8.80,4.68,0.757,0.217,1.669,44,vertes,"mode=ports direction=DOWN inner=RIGHT wrap=MULTI_EDGE layerGap=30 rootLayerGap=30 nodeGap=48 rootPadding=12 innerRatio=4.5 placement=LINEAR_SEGMENTS inline=false labelLayer=MEDIAN_LAYER compaction=NONE aspectRatio=1.78 edgeLayerGap=15 edgeNodeGap=15 edgeGap=10 componentGap=24"
mise-en-service,elk,2,,0.209,2.83,3.09,3.79,1.67,0.374,0.064,3.886,46,"rapport 3.886 hors de [4:3 ; 16:9]","mode=ports direction=DOWN inner=RIGHT wrap=MULTI_EDGE layerGap=30 rootLayerGap=30 nodeGap=48 rootPadding=12 innerRatio=4.5 placement=LINEAR_SEGMENTS inline=false labelLayer=MEDIAN_LAYER compaction=EDGE_LENGTH edgeLayerGap=30 edgeNodeGap=30 edgeGap=20 componentGap=60"
mise-en-service,elk,2,,0.209,2.83,3.09,3.79,1.67,0.374,0.064,3.886,46,"rapport 3.886 hors de [4:3 ; 16:9]","mode=ports direction=DOWN inner=RIGHT wrap=MULTI_EDGE layerGap=30 rootLayerGap=30 nodeGap=48 rootPadding=12 innerRatio=4.5 placement=LINEAR_SEGMENTS inline=false labelLayer=MEDIAN_LAYER compaction=EDGE_LENGTH aspectRatio=1.78 edgeLayerGap=30 edgeNodeGap=30 edgeGap=20 componentGap=60"
mise-en-service,elk,2,,0.217,2.93,3.20,3.92,1.73,0.384,0.071,3.999,46,"rapport 3.999 hors de [4:3 ; 16:9]","mode=ports direction=DOWN inner=RIGHT wrap=MULTI_EDGE layerGap=30 rootLayerGap=30 nodeGap=48 rootPadding=12 innerRatio=4.5 placement=LINEAR_SEGMENTS inline=false labelLayer=MEDIAN_LAYER compaction=EDGE_LENGTH edgeLayerGap=15 edgeNodeGap=15 edgeGap=10 componentGap=24"
mise-en-service,elk,2,,0.217,2.93,3.20,3.92,1.73,0.384,0.071,3.999,46,"rapport 3.999 hors de [4:3 ; 16:9]","mode=ports direction=DOWN inner=RIGHT wrap=MULTI_EDGE layerGap=30 rootLayerGap=30 nodeGap=48 rootPadding=12 innerRatio=4.5 placement=LINEAR_SEGMENTS inline=false labelLayer=MEDIAN_LAYER compaction=EDGE_LENGTH aspectRatio=1.78 edgeLayerGap=15 edgeNodeGap=15 edgeGap=10 componentGap=24"
mise-en-service,elk,2,44,0.552,6.66,7.26,8.31,4.42,0.733,0.193,1.671,44,vertes,"mode=ports direction=DOWN inner=RIGHT wrap=MULTI_EDGE layerGap=30 rootLayerGap=30 nodeGap=48 rootPadding=12 innerRatio=4.5 placement=LINEAR_SEGMENTS inline=false labelLayer=SPACE_EFFICIENT_LAYER compaction=NONE edgeLayerGap=30 edgeNodeGap=30 edgeGap=20 componentGap=60"
mise-en-service,elk,2,45,0.552,6.66,7.26,8.31,4.42,0.733,0.193,1.671,44,vertes,"mode=ports direction=DOWN inner=RIGHT wrap=MULTI_EDGE layerGap=30 rootLayerGap=30 nodeGap=48 rootPadding=12 innerRatio=4.5 placement=LINEAR_SEGMENTS inline=false labelLayer=SPACE_EFFICIENT_LAYER compaction=NONE aspectRatio=1.78 edgeLayerGap=30 edgeNodeGap=30 edgeGap=20 componentGap=60"
mise-en-service,elk,2,19,0.585,7.05,7.69,8.80,4.68,0.757,0.217,1.669,44,vertes,"mode=ports direction=DOWN inner=RIGHT wrap=MULTI_EDGE layerGap=30 rootLayerGap=30 nodeGap=48 rootPadding=12 innerRatio=4.5 placement=LINEAR_SEGMENTS inline=false labelLayer=SPACE_EFFICIENT_LAYER compaction=NONE edgeLayerGap=15 edgeNodeGap=15 edgeGap=10 componentGap=24"
mise-en-service,elk,2,20,0.585,7.05,7.69,8.80,4.68,0.757,0.217,1.669,44,vertes,"mode=ports direction=DOWN inner=RIGHT wrap=MULTI_EDGE layerGap=30 rootLayerGap=30 nodeGap=48 rootPadding=12 innerRatio=4.5 placement=LINEAR_SEGMENTS inline=false labelLayer=SPACE_EFFICIENT_LAYER compaction=NONE aspectRatio=1.78 edgeLayerGap=15 edgeNodeGap=15 edgeGap=10 componentGap=24"
mise-en-service,elk,2,,0.209,2.83,3.09,3.79,1.67,0.374,0.064,3.886,46,"rapport 3.886 hors de [4:3 ; 16:9]","mode=ports direction=DOWN inner=RIGHT wrap=MULTI_EDGE layerGap=30 rootLayerGap=30 nodeGap=48 rootPadding=12 innerRatio=4.5 placement=LINEAR_SEGMENTS inline=false labelLayer=SPACE_EFFICIENT_LAYER compaction=EDGE_LENGTH edgeLayerGap=30 edgeNodeGap=30 edgeGap=20 componentGap=60"
mise-en-service,elk,2,,0.209,2.83,3.09,3.79,1.67,0.374,0.064,3.886,46,"rapport 3.886 hors de [4:3 ; 16:9]","mode=ports direction=DOWN inner=RIGHT wrap=MULTI_EDGE layerGap=30 rootLayerGap=30 nodeGap=48 rootPadding=12 innerRatio=4.5 placement=LINEAR_SEGMENTS inline=false labelLayer=SPACE_EFFICIENT_LAYER compaction=EDGE_LENGTH aspectRatio=1.78 edgeLayerGap=30 edgeNodeGap=30 edgeGap=20 componentGap=60"
mise-en-service,elk,2,,0.217,2.93,3.20,3.92,1.73,0.384,0.071,3.999,46,"rapport 3.999 hors de [4:3 ; 16:9]","mode=ports direction=DOWN inner=RIGHT wrap=MULTI_EDGE layerGap=30 rootLayerGap=30 nodeGap=48 rootPadding=12 innerRatio=4.5 placement=LINEAR_SEGMENTS inline=false labelLayer=SPACE_EFFICIENT_LAYER compaction=EDGE_LENGTH edgeLayerGap=15 edgeNodeGap=15 edgeGap=10 componentGap=24"
mise-en-service,elk,2,,0.217,2.93,3.20,3.92,1.73,0.384,0.071,3.999,46,"rapport 3.999 hors de [4:3 ; 16:9]","mode=ports direction=DOWN inner=RIGHT wrap=MULTI_EDGE layerGap=30 rootLayerGap=30 nodeGap=48 rootPadding=12 innerRatio=4.5 placement=LINEAR_SEGMENTS inline=false labelLayer=SPACE_EFFICIENT_LAYER compaction=EDGE_LENGTH aspectRatio=1.78 edgeLayerGap=15 edgeNodeGap=15 edgeGap=10 componentGap=24"
mise-en-service,elk,2,46,0.552,6.62,7.22,8.27,4.45,0.737,0.194,1.648,42,vertes,"mode=ports direction=DOWN inner=RIGHT wrap=MULTI_EDGE layerGap=30 rootLayerGap=30 nodeGap=48 rootPadding=12 innerRatio=4.5 placement=LINEAR_SEGMENTS inline=true labelLayer=MEDIAN_LAYER compaction=NONE edgeLayerGap=30 edgeNodeGap=30 edgeGap=20 componentGap=60"
mise-en-service,elk,2,47,0.552,6.62,7.22,8.27,4.45,0.737,0.194,1.648,42,vertes,"mode=ports direction=DOWN inner=RIGHT wrap=MULTI_EDGE layerGap=30 rootLayerGap=30 nodeGap=48 rootPadding=12 innerRatio=4.5 placement=LINEAR_SEGMENTS inline=true labelLayer=MEDIAN_LAYER compaction=NONE aspectRatio=1.78 edgeLayerGap=30 edgeNodeGap=30 edgeGap=20 componentGap=60"
mise-en-service,elk,2,21,0.584,7.01,7.64,8.75,4.68,0.758,0.215,1.658,44,vertes,"mode=ports direction=DOWN inner=RIGHT wrap=MULTI_EDGE layerGap=30 rootLayerGap=30 nodeGap=48 rootPadding=12 innerRatio=4.5 placement=LINEAR_SEGMENTS inline=true labelLayer=MEDIAN_LAYER compaction=NONE edgeLayerGap=15 edgeNodeGap=15 edgeGap=10 componentGap=24"
mise-en-service,elk,2,22,0.584,7.01,7.64,8.75,4.68,0.758,0.215,1.658,44,vertes,"mode=ports direction=DOWN inner=RIGHT wrap=MULTI_EDGE layerGap=30 rootLayerGap=30 nodeGap=48 rootPadding=12 innerRatio=4.5 placement=LINEAR_SEGMENTS inline=true labelLayer=MEDIAN_LAYER compaction=NONE aspectRatio=1.78 edgeLayerGap=15 edgeNodeGap=15 edgeGap=10 componentGap=24"
mise-en-service,elk,2,,0.210,2.84,3.10,3.80,1.68,0.375,0.064,3.854,44,"rapport 3.854 hors de [4:3 ; 16:9]","mode=ports direction=DOWN inner=RIGHT wrap=MULTI_EDGE layerGap=30 rootLayerGap=30 nodeGap=48 rootPadding=12 innerRatio=4.5 placement=LINEAR_SEGMENTS inline=true labelLayer=MEDIAN_LAYER compaction=EDGE_LENGTH edgeLayerGap=30 edgeNodeGap=30 edgeGap=20 componentGap=60"
mise-en-service,elk,2,,0.210,2.84,3.10,3.80,1.68,0.375,0.064,3.854,44,"rapport 3.854 hors de [4:3 ; 16:9]","mode=ports direction=DOWN inner=RIGHT wrap=MULTI_EDGE layerGap=30 rootLayerGap=30 nodeGap=48 rootPadding=12 innerRatio=4.5 placement=LINEAR_SEGMENTS inline=true labelLayer=MEDIAN_LAYER compaction=EDGE_LENGTH aspectRatio=1.78 edgeLayerGap=30 edgeNodeGap=30 edgeGap=20 componentGap=60"
mise-en-service,elk,2,,0.217,2.93,3.20,3.92,1.73,0.385,0.071,3.977,46,"rapport 3.977 hors de [4:3 ; 16:9]","mode=ports direction=DOWN inner=RIGHT wrap=MULTI_EDGE layerGap=30 rootLayerGap=30 nodeGap=48 rootPadding=12 innerRatio=4.5 placement=LINEAR_SEGMENTS inline=true labelLayer=MEDIAN_LAYER compaction=EDGE_LENGTH edgeLayerGap=15 edgeNodeGap=15 edgeGap=10 componentGap=24"
mise-en-service,elk,2,,0.217,2.93,3.20,3.92,1.73,0.385,0.071,3.977,46,"rapport 3.977 hors de [4:3 ; 16:9]","mode=ports direction=DOWN inner=RIGHT wrap=MULTI_EDGE layerGap=30 rootLayerGap=30 nodeGap=48 rootPadding=12 innerRatio=4.5 placement=LINEAR_SEGMENTS inline=true labelLayer=MEDIAN_LAYER compaction=EDGE_LENGTH aspectRatio=1.78 edgeLayerGap=15 edgeNodeGap=15 edgeGap=10 componentGap=24"
mise-en-service,elk,2,48,0.552,6.62,7.22,8.27,4.45,0.737,0.194,1.648,42,vertes,"mode=ports direction=DOWN inner=RIGHT wrap=MULTI_EDGE layerGap=30 rootLayerGap=30 nodeGap=48 rootPadding=12 innerRatio=4.5 placement=LINEAR_SEGMENTS inline=true labelLayer=SPACE_EFFICIENT_LAYER compaction=NONE edgeLayerGap=30 edgeNodeGap=30 edgeGap=20 componentGap=60"
mise-en-service,elk,2,49,0.552,6.62,7.22,8.27,4.45,0.737,0.194,1.648,42,vertes,"mode=ports direction=DOWN inner=RIGHT wrap=MULTI_EDGE layerGap=30 rootLayerGap=30 nodeGap=48 rootPadding=12 innerRatio=4.5 placement=LINEAR_SEGMENTS inline=true labelLayer=SPACE_EFFICIENT_LAYER compaction=NONE aspectRatio=1.78 edgeLayerGap=30 edgeNodeGap=30 edgeGap=20 componentGap=60"
mise-en-service,elk,2,23,0.584,7.01,7.64,8.75,4.68,0.758,0.215,1.658,44,vertes,"mode=ports direction=DOWN inner=RIGHT wrap=MULTI_EDGE layerGap=30 rootLayerGap=30 nodeGap=48 rootPadding=12 innerRatio=4.5 placement=LINEAR_SEGMENTS inline=true labelLayer=SPACE_EFFICIENT_LAYER compaction=NONE edgeLayerGap=15 edgeNodeGap=15 edgeGap=10 componentGap=24"
mise-en-service,elk,2,24,0.584,7.01,7.64,8.75,4.68,0.758,0.215,1.658,44,vertes,"mode=ports direction=DOWN inner=RIGHT wrap=MULTI_EDGE layerGap=30 rootLayerGap=30 nodeGap=48 rootPadding=12 innerRatio=4.5 placement=LINEAR_SEGMENTS inline=true labelLayer=SPACE_EFFICIENT_LAYER compaction=NONE aspectRatio=1.78 edgeLayerGap=15 edgeNodeGap=15 edgeGap=10 componentGap=24"
mise-en-service,elk,2,,0.210,2.84,3.10,3.80,1.68,0.375,0.064,3.854,44,"rapport 3.854 hors de [4:3 ; 16:9]","mode=ports direction=DOWN inner=RIGHT wrap=MULTI_EDGE layerGap=30 rootLayerGap=30 nodeGap=48 rootPadding=12 innerRatio=4.5 placement=LINEAR_SEGMENTS inline=true labelLayer=SPACE_EFFICIENT_LAYER compaction=EDGE_LENGTH edgeLayerGap=30 edgeNodeGap=30 edgeGap=20 componentGap=60"
mise-en-service,elk,2,,0.210,2.84,3.10,3.80,1.68,0.375,0.064,3.854,44,"rapport 3.854 hors de [4:3 ; 16:9]","mode=ports direction=DOWN inner=RIGHT wrap=MULTI_EDGE layerGap=30 rootLayerGap=30 nodeGap=48 rootPadding=12 innerRatio=4.5 placement=LINEAR_SEGMENTS inline=true labelLayer=SPACE_EFFICIENT_LAYER compaction=EDGE_LENGTH aspectRatio=1.78 edgeLayerGap=30 edgeNodeGap=30 edgeGap=20 componentGap=60"
mise-en-service,elk,2,,0.217,2.93,3.20,3.92,1.73,0.385,0.071,3.977,46,"rapport 3.977 hors de [4:3 ; 16:9]","mode=ports direction=DOWN inner=RIGHT wrap=MULTI_EDGE layerGap=30 rootLayerGap=30 nodeGap=48 rootPadding=12 innerRatio=4.5 placement=LINEAR_SEGMENTS inline=true labelLayer=SPACE_EFFICIENT_LAYER compaction=EDGE_LENGTH edgeLayerGap=15 edgeNodeGap=15 edgeGap=10 componentGap=24"
mise-en-service,elk,2,,0.217,2.93,3.20,3.92,1.73,0.385,0.071,3.977,46,"rapport 3.977 hors de [4:3 ; 16:9]","mode=ports direction=DOWN inner=RIGHT wrap=MULTI_EDGE layerGap=30 rootLayerGap=30 nodeGap=48 rootPadding=12 innerRatio=4.5 placement=LINEAR_SEGMENTS inline=true labelLayer=SPACE_EFFICIENT_LAYER compaction=EDGE_LENGTH aspectRatio=1.78 edgeLayerGap=15 edgeNodeGap=15 edgeGap=10 componentGap=24"
mise-en-service,elk,2,107,0.524,6.29,6.86,7.85,4.64,0.682,0.192,1.499,20,vertes,"mode=ports direction=DOWN inner=RIGHT wrap=MULTI_EDGE layerGap=30 rootLayerGap=90 nodeGap=48 rootPadding=12 innerRatio=4.5 placement=NETWORK_SIMPLEX inline=false labelLayer=MEDIAN_LAYER compaction=NONE edgeLayerGap=30 edgeNodeGap=30 edgeGap=20 componentGap=60"
mise-en-service,elk,2,108,0.524,6.29,6.86,7.85,4.64,0.682,0.192,1.499,20,vertes,"mode=ports direction=DOWN inner=RIGHT wrap=MULTI_EDGE layerGap=30 rootLayerGap=90 nodeGap=48 rootPadding=12 innerRatio=4.5 placement=NETWORK_SIMPLEX inline=false labelLayer=MEDIAN_LAYER compaction=NONE aspectRatio=1.78 edgeLayerGap=30 edgeNodeGap=30 edgeGap=20 componentGap=60"
mise-en-service,elk,2,74,0.538,6.45,7.04,8.05,4.68,0.675,0.198,1.525,20,vertes,"mode=ports direction=DOWN inner=RIGHT wrap=MULTI_EDGE layerGap=30 rootLayerGap=90 nodeGap=48 rootPadding=12 innerRatio=4.5 placement=NETWORK_SIMPLEX inline=false labelLayer=MEDIAN_LAYER compaction=NONE edgeLayerGap=15 edgeNodeGap=15 edgeGap=10 componentGap=24"
mise-en-service,elk,2,75,0.538,6.45,7.04,8.05,4.68,0.675,0.198,1.525,20,vertes,"mode=ports direction=DOWN inner=RIGHT wrap=MULTI_EDGE layerGap=30 rootLayerGap=90 nodeGap=48 rootPadding=12 innerRatio=4.5 placement=NETWORK_SIMPLEX inline=false labelLayer=MEDIAN_LAYER compaction=NONE aspectRatio=1.78 edgeLayerGap=15 edgeNodeGap=15 edgeGap=10 componentGap=24"
mise-en-service,elk,2,,0.213,2.89,3.15,3.86,1.71,0.347,0.063,3.664,24,"Q0_GO__L1__5858420b813f: segment oblique","mode=ports direction=DOWN inner=RIGHT wrap=MULTI_EDGE layerGap=30 rootLayerGap=90 nodeGap=48 rootPadding=12 innerRatio=4.5 placement=NETWORK_SIMPLEX inline=false labelLayer=MEDIAN_LAYER compaction=EDGE_LENGTH edgeLayerGap=30 edgeNodeGap=30 edgeGap=20 componentGap=60"
mise-en-service,elk,2,,0.213,2.89,3.15,3.86,1.71,0.347,0.063,3.664,24,"Q0_GO__L1__5858420b813f: segment oblique","mode=ports direction=DOWN inner=RIGHT wrap=MULTI_EDGE layerGap=30 rootLayerGap=90 nodeGap=48 rootPadding=12 innerRatio=4.5 placement=NETWORK_SIMPLEX inline=false labelLayer=MEDIAN_LAYER compaction=EDGE_LENGTH aspectRatio=1.78 edgeLayerGap=30 edgeNodeGap=30 edgeGap=20 componentGap=60"
mise-en-service,elk,2,,0.213,2.89,3.15,3.86,1.71,0.342,0.065,3.751,24,"Q0_GO__L1__5858420b813f: segment oblique","mode=ports direction=DOWN inner=RIGHT wrap=MULTI_EDGE layerGap=30 rootLayerGap=90 nodeGap=48 rootPadding=12 innerRatio=4.5 placement=NETWORK_SIMPLEX inline=false labelLayer=MEDIAN_LAYER compaction=EDGE_LENGTH edgeLayerGap=15 edgeNodeGap=15 edgeGap=10 componentGap=24"
mise-en-service,elk,2,,0.213,2.89,3.15,3.86,1.71,0.342,0.065,3.751,24,"Q0_GO__L1__5858420b813f: segment oblique","mode=ports direction=DOWN inner=RIGHT wrap=MULTI_EDGE layerGap=30 rootLayerGap=90 nodeGap=48 rootPadding=12 innerRatio=4.5 placement=NETWORK_SIMPLEX inline=false labelLayer=MEDIAN_LAYER compaction=EDGE_LENGTH aspectRatio=1.78 edgeLayerGap=15 edgeNodeGap=15 edgeGap=10 componentGap=24"
mise-en-service,elk,2,109,0.524,6.29,6.86,7.85,4.64,0.682,0.192,1.499,20,vertes,"mode=ports direction=DOWN inner=RIGHT wrap=MULTI_EDGE layerGap=30 rootLayerGap=90 nodeGap=48 rootPadding=12 innerRatio=4.5 placement=NETWORK_SIMPLEX inline=false labelLayer=SPACE_EFFICIENT_LAYER compaction=NONE edgeLayerGap=30 edgeNodeGap=30 edgeGap=20 componentGap=60"
mise-en-service,elk,2,110,0.524,6.29,6.86,7.85,4.64,0.682,0.192,1.499,20,vertes,"mode=ports direction=DOWN inner=RIGHT wrap=MULTI_EDGE layerGap=30 rootLayerGap=90 nodeGap=48 rootPadding=12 innerRatio=4.5 placement=NETWORK_SIMPLEX inline=false labelLayer=SPACE_EFFICIENT_LAYER compaction=NONE aspectRatio=1.78 edgeLayerGap=30 edgeNodeGap=30 edgeGap=20 componentGap=60"
mise-en-service,elk,2,76,0.538,6.45,7.04,8.05,4.68,0.675,0.198,1.525,20,vertes,"mode=ports direction=DOWN inner=RIGHT wrap=MULTI_EDGE layerGap=30 rootLayerGap=90 nodeGap=48 rootPadding=12 innerRatio=4.5 placement=NETWORK_SIMPLEX inline=false labelLayer=SPACE_EFFICIENT_LAYER compaction=NONE edgeLayerGap=15 edgeNodeGap=15 edgeGap=10 componentGap=24"
mise-en-service,elk,2,77,0.538,6.45,7.04,8.05,4.68,0.675,0.198,1.525,20,vertes,"mode=ports direction=DOWN inner=RIGHT wrap=MULTI_EDGE layerGap=30 rootLayerGap=90 nodeGap=48 rootPadding=12 innerRatio=4.5 placement=NETWORK_SIMPLEX inline=false labelLayer=SPACE_EFFICIENT_LAYER compaction=NONE aspectRatio=1.78 edgeLayerGap=15 edgeNodeGap=15 edgeGap=10 componentGap=24"
mise-en-service,elk,2,,0.213,2.89,3.15,3.86,1.71,0.347,0.063,3.664,24,"Q0_GO__L1__5858420b813f: segment oblique","mode=ports direction=DOWN inner=RIGHT wrap=MULTI_EDGE layerGap=30 rootLayerGap=90 nodeGap=48 rootPadding=12 innerRatio=4.5 placement=NETWORK_SIMPLEX inline=false labelLayer=SPACE_EFFICIENT_LAYER compaction=EDGE_LENGTH edgeLayerGap=30 edgeNodeGap=30 edgeGap=20 componentGap=60"
mise-en-service,elk,2,,0.213,2.89,3.15,3.86,1.71,0.347,0.063,3.664,24,"Q0_GO__L1__5858420b813f: segment oblique","mode=ports direction=DOWN inner=RIGHT wrap=MULTI_EDGE layerGap=30 rootLayerGap=90 nodeGap=48 rootPadding=12 innerRatio=4.5 placement=NETWORK_SIMPLEX inline=false labelLayer=SPACE_EFFICIENT_LAYER compaction=EDGE_LENGTH aspectRatio=1.78 edgeLayerGap=30 edgeNodeGap=30 edgeGap=20 componentGap=60"
mise-en-service,elk,2,,0.213,2.89,3.15,3.86,1.71,0.342,0.065,3.751,24,"Q0_GO__L1__5858420b813f: segment oblique","mode=ports direction=DOWN inner=RIGHT wrap=MULTI_EDGE layerGap=30 rootLayerGap=90 nodeGap=48 rootPadding=12 innerRatio=4.5 placement=NETWORK_SIMPLEX inline=false labelLayer=SPACE_EFFICIENT_LAYER compaction=EDGE_LENGTH edgeLayerGap=15 edgeNodeGap=15 edgeGap=10 componentGap=24"
mise-en-service,elk,2,,0.213,2.89,3.15,3.86,1.71,0.342,0.065,3.751,24,"Q0_GO__L1__5858420b813f: segment oblique","mode=ports direction=DOWN inner=RIGHT wrap=MULTI_EDGE layerGap=30 rootLayerGap=90 nodeGap=48 rootPadding=12 innerRatio=4.5 placement=NETWORK_SIMPLEX inline=false labelLayer=SPACE_EFFICIENT_LAYER compaction=EDGE_LENGTH aspectRatio=1.78 edgeLayerGap=15 edgeNodeGap=15 edgeGap=10 componentGap=24"
mise-en-service,elk,2,111,0.524,6.29,6.86,7.85,4.64,0.682,0.192,1.499,20,vertes,"mode=ports direction=DOWN inner=RIGHT wrap=MULTI_EDGE layerGap=30 rootLayerGap=90 nodeGap=48 rootPadding=12 innerRatio=4.5 placement=NETWORK_SIMPLEX inline=true labelLayer=MEDIAN_LAYER compaction=NONE edgeLayerGap=30 edgeNodeGap=30 edgeGap=20 componentGap=60"
mise-en-service,elk,2,112,0.524,6.29,6.86,7.85,4.64,0.682,0.192,1.499,20,vertes,"mode=ports direction=DOWN inner=RIGHT wrap=MULTI_EDGE layerGap=30 rootLayerGap=90 nodeGap=48 rootPadding=12 innerRatio=4.5 placement=NETWORK_SIMPLEX inline=true labelLayer=MEDIAN_LAYER compaction=NONE aspectRatio=1.78 edgeLayerGap=30 edgeNodeGap=30 edgeGap=20 componentGap=60"
mise-en-service,elk,2,78,0.538,6.45,7.04,8.05,4.68,0.675,0.198,1.525,20,vertes,"mode=ports direction=DOWN inner=RIGHT wrap=MULTI_EDGE layerGap=30 rootLayerGap=90 nodeGap=48 rootPadding=12 innerRatio=4.5 placement=NETWORK_SIMPLEX inline=true labelLayer=MEDIAN_LAYER compaction=NONE edgeLayerGap=15 edgeNodeGap=15 edgeGap=10 componentGap=24"
mise-en-service,elk,2,79,0.538,6.45,7.04,8.05,4.68,0.675,0.198,1.525,20,vertes,"mode=ports direction=DOWN inner=RIGHT wrap=MULTI_EDGE layerGap=30 rootLayerGap=90 nodeGap=48 rootPadding=12 innerRatio=4.5 placement=NETWORK_SIMPLEX inline=true labelLayer=MEDIAN_LAYER compaction=NONE aspectRatio=1.78 edgeLayerGap=15 edgeNodeGap=15 edgeGap=10 componentGap=24"
mise-en-service,elk,2,,0.213,2.89,3.15,3.86,1.71,0.347,0.063,3.664,24,"Q0_GO__L1__5858420b813f: segment oblique","mode=ports direction=DOWN inner=RIGHT wrap=MULTI_EDGE layerGap=30 rootLayerGap=90 nodeGap=48 rootPadding=12 innerRatio=4.5 placement=NETWORK_SIMPLEX inline=true labelLayer=MEDIAN_LAYER compaction=EDGE_LENGTH edgeLayerGap=30 edgeNodeGap=30 edgeGap=20 componentGap=60"
mise-en-service,elk,2,,0.213,2.89,3.15,3.86,1.71,0.347,0.063,3.664,24,"Q0_GO__L1__5858420b813f: segment oblique","mode=ports direction=DOWN inner=RIGHT wrap=MULTI_EDGE layerGap=30 rootLayerGap=90 nodeGap=48 rootPadding=12 innerRatio=4.5 placement=NETWORK_SIMPLEX inline=true labelLayer=MEDIAN_LAYER compaction=EDGE_LENGTH aspectRatio=1.78 edgeLayerGap=30 edgeNodeGap=30 edgeGap=20 componentGap=60"
mise-en-service,elk,2,,0.213,2.89,3.15,3.86,1.71,0.342,0.065,3.751,24,"Q0_GO__L1__5858420b813f: segment oblique","mode=ports direction=DOWN inner=RIGHT wrap=MULTI_EDGE layerGap=30 rootLayerGap=90 nodeGap=48 rootPadding=12 innerRatio=4.5 placement=NETWORK_SIMPLEX inline=true labelLayer=MEDIAN_LAYER compaction=EDGE_LENGTH edgeLayerGap=15 edgeNodeGap=15 edgeGap=10 componentGap=24"
mise-en-service,elk,2,,0.213,2.89,3.15,3.86,1.71,0.342,0.065,3.751,24,"Q0_GO__L1__5858420b813f: segment oblique","mode=ports direction=DOWN inner=RIGHT wrap=MULTI_EDGE layerGap=30 rootLayerGap=90 nodeGap=48 rootPadding=12 innerRatio=4.5 placement=NETWORK_SIMPLEX inline=true labelLayer=MEDIAN_LAYER compaction=EDGE_LENGTH aspectRatio=1.78 edgeLayerGap=15 edgeNodeGap=15 edgeGap=10 componentGap=24"
mise-en-service,elk,2,113,0.524,6.29,6.86,7.85,4.64,0.682,0.192,1.499,20,vertes,"mode=ports direction=DOWN inner=RIGHT wrap=MULTI_EDGE layerGap=30 rootLayerGap=90 nodeGap=48 rootPadding=12 innerRatio=4.5 placement=NETWORK_SIMPLEX inline=true labelLayer=SPACE_EFFICIENT_LAYER compaction=NONE edgeLayerGap=30 edgeNodeGap=30 edgeGap=20 componentGap=60"
mise-en-service,elk,2,114,0.524,6.29,6.86,7.85,4.64,0.682,0.192,1.499,20,vertes,"mode=ports direction=DOWN inner=RIGHT wrap=MULTI_EDGE layerGap=30 rootLayerGap=90 nodeGap=48 rootPadding=12 innerRatio=4.5 placement=NETWORK_SIMPLEX inline=true labelLayer=SPACE_EFFICIENT_LAYER compaction=NONE aspectRatio=1.78 edgeLayerGap=30 edgeNodeGap=30 edgeGap=20 componentGap=60"
mise-en-service,elk,2,80,0.538,6.45,7.04,8.05,4.68,0.675,0.198,1.525,20,vertes,"mode=ports direction=DOWN inner=RIGHT wrap=MULTI_EDGE layerGap=30 rootLayerGap=90 nodeGap=48 rootPadding=12 innerRatio=4.5 placement=NETWORK_SIMPLEX inline=true labelLayer=SPACE_EFFICIENT_LAYER compaction=NONE edgeLayerGap=15 edgeNodeGap=15 edgeGap=10 componentGap=24"
mise-en-service,elk,2,81,0.538,6.45,7.04,8.05,4.68,0.675,0.198,1.525,20,vertes,"mode=ports direction=DOWN inner=RIGHT wrap=MULTI_EDGE layerGap=30 rootLayerGap=90 nodeGap=48 rootPadding=12 innerRatio=4.5 placement=NETWORK_SIMPLEX inline=true labelLayer=SPACE_EFFICIENT_LAYER compaction=NONE aspectRatio=1.78 edgeLayerGap=15 edgeNodeGap=15 edgeGap=10 componentGap=24"
mise-en-service,elk,2,,0.213,2.89,3.15,3.86,1.71,0.347,0.063,3.664,24,"Q0_GO__L1__5858420b813f: segment oblique","mode=ports direction=DOWN inner=RIGHT wrap=MULTI_EDGE layerGap=30 rootLayerGap=90 nodeGap=48 rootPadding=12 innerRatio=4.5 placement=NETWORK_SIMPLEX inline=true labelLayer=SPACE_EFFICIENT_LAYER compaction=EDGE_LENGTH edgeLayerGap=30 edgeNodeGap=30 edgeGap=20 componentGap=60"
mise-en-service,elk,2,,0.213,2.89,3.15,3.86,1.71,0.347,0.063,3.664,24,"Q0_GO__L1__5858420b813f: segment oblique","mode=ports direction=DOWN inner=RIGHT wrap=MULTI_EDGE layerGap=30 rootLayerGap=90 nodeGap=48 rootPadding=12 innerRatio=4.5 placement=NETWORK_SIMPLEX inline=true labelLayer=SPACE_EFFICIENT_LAYER compaction=EDGE_LENGTH aspectRatio=1.78 edgeLayerGap=30 edgeNodeGap=30 edgeGap=20 componentGap=60"
mise-en-service,elk,2,,0.213,2.89,3.15,3.86,1.71,0.342,0.065,3.751,24,"Q0_GO__L1__5858420b813f: segment oblique","mode=ports direction=DOWN inner=RIGHT wrap=MULTI_EDGE layerGap=30 rootLayerGap=90 nodeGap=48 rootPadding=12 innerRatio=4.5 placement=NETWORK_SIMPLEX inline=true labelLayer=SPACE_EFFICIENT_LAYER compaction=EDGE_LENGTH edgeLayerGap=15 edgeNodeGap=15 edgeGap=10 componentGap=24"
mise-en-service,elk,2,,0.213,2.89,3.15,3.86,1.71,0.342,0.065,3.751,24,"Q0_GO__L1__5858420b813f: segment oblique","mode=ports direction=DOWN inner=RIGHT wrap=MULTI_EDGE layerGap=30 rootLayerGap=90 nodeGap=48 rootPadding=12 innerRatio=4.5 placement=NETWORK_SIMPLEX inline=true labelLayer=SPACE_EFFICIENT_LAYER compaction=EDGE_LENGTH aspectRatio=1.78 edgeLayerGap=15 edgeNodeGap=15 edgeGap=10 componentGap=24"
mise-en-service,elk,2,98,0.524,6.29,6.86,7.85,4.64,0.682,0.192,1.499,20,vertes,"mode=ports direction=DOWN inner=RIGHT wrap=MULTI_EDGE layerGap=30 rootLayerGap=90 nodeGap=48 rootPadding=12 innerRatio=4.5 placement=BRANDES_KOEPF inline=false labelLayer=MEDIAN_LAYER compaction=NONE edgeLayerGap=30 edgeNodeGap=30 edgeGap=20 componentGap=60"
mise-en-service,elk,2,99,0.524,6.29,6.86,7.85,4.64,0.682,0.192,1.499,20,vertes,"mode=ports direction=DOWN inner=RIGHT wrap=MULTI_EDGE layerGap=30 rootLayerGap=90 nodeGap=48 rootPadding=12 innerRatio=4.5 placement=BRANDES_KOEPF inline=false labelLayer=MEDIAN_LAYER compaction=NONE aspectRatio=1.78 edgeLayerGap=30 edgeNodeGap=30 edgeGap=20 componentGap=60"
mise-en-service,elk,2,66,0.538,6.45,7.04,8.05,4.68,0.675,0.198,1.525,20,vertes,"mode=ports direction=DOWN inner=RIGHT wrap=MULTI_EDGE layerGap=30 rootLayerGap=90 nodeGap=48 rootPadding=12 innerRatio=4.5 placement=BRANDES_KOEPF inline=false labelLayer=MEDIAN_LAYER compaction=NONE edgeLayerGap=15 edgeNodeGap=15 edgeGap=10 componentGap=24"
mise-en-service,elk,2,67,0.538,6.45,7.04,8.05,4.68,0.675,0.198,1.525,20,vertes,"mode=ports direction=DOWN inner=RIGHT wrap=MULTI_EDGE layerGap=30 rootLayerGap=90 nodeGap=48 rootPadding=12 innerRatio=4.5 placement=BRANDES_KOEPF inline=false labelLayer=MEDIAN_LAYER compaction=NONE aspectRatio=1.78 edgeLayerGap=15 edgeNodeGap=15 edgeGap=10 componentGap=24"
mise-en-service,elk,2,,0.213,2.89,3.15,3.86,1.71,0.347,0.063,3.664,24,"Q0_GO__L1__5858420b813f: segment oblique","mode=ports direction=DOWN inner=RIGHT wrap=MULTI_EDGE layerGap=30 rootLayerGap=90 nodeGap=48 rootPadding=12 innerRatio=4.5 placement=BRANDES_KOEPF inline=false labelLayer=MEDIAN_LAYER compaction=EDGE_LENGTH edgeLayerGap=30 edgeNodeGap=30 edgeGap=20 componentGap=60"
mise-en-service,elk,2,,0.213,2.89,3.15,3.86,1.71,0.347,0.063,3.664,24,"Q0_GO__L1__5858420b813f: segment oblique","mode=ports direction=DOWN inner=RIGHT wrap=MULTI_EDGE layerGap=30 rootLayerGap=90 nodeGap=48 rootPadding=12 innerRatio=4.5 placement=BRANDES_KOEPF inline=false labelLayer=MEDIAN_LAYER compaction=EDGE_LENGTH aspectRatio=1.78 edgeLayerGap=30 edgeNodeGap=30 edgeGap=20 componentGap=60"
mise-en-service,elk,2,,0.213,2.89,3.15,3.86,1.71,0.342,0.065,3.751,24,"Q0_GO__L1__5858420b813f: segment oblique","mode=ports direction=DOWN inner=RIGHT wrap=MULTI_EDGE layerGap=30 rootLayerGap=90 nodeGap=48 rootPadding=12 innerRatio=4.5 placement=BRANDES_KOEPF inline=false labelLayer=MEDIAN_LAYER compaction=EDGE_LENGTH edgeLayerGap=15 edgeNodeGap=15 edgeGap=10 componentGap=24"
mise-en-service,elk,2,,0.213,2.89,3.15,3.86,1.71,0.342,0.065,3.751,24,"Q0_GO__L1__5858420b813f: segment oblique","mode=ports direction=DOWN inner=RIGHT wrap=MULTI_EDGE layerGap=30 rootLayerGap=90 nodeGap=48 rootPadding=12 innerRatio=4.5 placement=BRANDES_KOEPF inline=false labelLayer=MEDIAN_LAYER compaction=EDGE_LENGTH aspectRatio=1.78 edgeLayerGap=15 edgeNodeGap=15 edgeGap=10 componentGap=24"
mise-en-service,elk,2,100,0.524,6.29,6.86,7.85,4.64,0.682,0.192,1.499,20,vertes,"mode=ports direction=DOWN inner=RIGHT wrap=MULTI_EDGE layerGap=30 rootLayerGap=90 nodeGap=48 rootPadding=12 innerRatio=4.5 placement=BRANDES_KOEPF inline=false labelLayer=SPACE_EFFICIENT_LAYER compaction=NONE edgeLayerGap=30 edgeNodeGap=30 edgeGap=20 componentGap=60"
mise-en-service,elk,2,101,0.524,6.29,6.86,7.85,4.64,0.682,0.192,1.499,20,vertes,"mode=ports direction=DOWN inner=RIGHT wrap=MULTI_EDGE layerGap=30 rootLayerGap=90 nodeGap=48 rootPadding=12 innerRatio=4.5 placement=BRANDES_KOEPF inline=false labelLayer=SPACE_EFFICIENT_LAYER compaction=NONE aspectRatio=1.78 edgeLayerGap=30 edgeNodeGap=30 edgeGap=20 componentGap=60"
mise-en-service,elk,2,68,0.538,6.45,7.04,8.05,4.68,0.675,0.198,1.525,20,vertes,"mode=ports direction=DOWN inner=RIGHT wrap=MULTI_EDGE layerGap=30 rootLayerGap=90 nodeGap=48 rootPadding=12 innerRatio=4.5 placement=BRANDES_KOEPF inline=false labelLayer=SPACE_EFFICIENT_LAYER compaction=NONE edgeLayerGap=15 edgeNodeGap=15 edgeGap=10 componentGap=24"
mise-en-service,elk,2,69,0.538,6.45,7.04,8.05,4.68,0.675,0.198,1.525,20,vertes,"mode=ports direction=DOWN inner=RIGHT wrap=MULTI_EDGE layerGap=30 rootLayerGap=90 nodeGap=48 rootPadding=12 innerRatio=4.5 placement=BRANDES_KOEPF inline=false labelLayer=SPACE_EFFICIENT_LAYER compaction=NONE aspectRatio=1.78 edgeLayerGap=15 edgeNodeGap=15 edgeGap=10 componentGap=24"
mise-en-service,elk,2,,0.213,2.89,3.15,3.86,1.71,0.347,0.063,3.664,24,"Q0_GO__L1__5858420b813f: segment oblique","mode=ports direction=DOWN inner=RIGHT wrap=MULTI_EDGE layerGap=30 rootLayerGap=90 nodeGap=48 rootPadding=12 innerRatio=4.5 placement=BRANDES_KOEPF inline=false labelLayer=SPACE_EFFICIENT_LAYER compaction=EDGE_LENGTH edgeLayerGap=30 edgeNodeGap=30 edgeGap=20 componentGap=60"
mise-en-service,elk,2,,0.213,2.89,3.15,3.86,1.71,0.347,0.063,3.664,24,"Q0_GO__L1__5858420b813f: segment oblique","mode=ports direction=DOWN inner=RIGHT wrap=MULTI_EDGE layerGap=30 rootLayerGap=90 nodeGap=48 rootPadding=12 innerRatio=4.5 placement=BRANDES_KOEPF inline=false labelLayer=SPACE_EFFICIENT_LAYER compaction=EDGE_LENGTH aspectRatio=1.78 edgeLayerGap=30 edgeNodeGap=30 edgeGap=20 componentGap=60"
mise-en-service,elk,2,,0.213,2.89,3.15,3.86,1.71,0.342,0.065,3.751,24,"Q0_GO__L1__5858420b813f: segment oblique","mode=ports direction=DOWN inner=RIGHT wrap=MULTI_EDGE layerGap=30 rootLayerGap=90 nodeGap=48 rootPadding=12 innerRatio=4.5 placement=BRANDES_KOEPF inline=false labelLayer=SPACE_EFFICIENT_LAYER compaction=EDGE_LENGTH edgeLayerGap=15 edgeNodeGap=15 edgeGap=10 componentGap=24"
mise-en-service,elk,2,,0.213,2.89,3.15,3.86,1.71,0.342,0.065,3.751,24,"Q0_GO__L1__5858420b813f: segment oblique","mode=ports direction=DOWN inner=RIGHT wrap=MULTI_EDGE layerGap=30 rootLayerGap=90 nodeGap=48 rootPadding=12 innerRatio=4.5 placement=BRANDES_KOEPF inline=false labelLayer=SPACE_EFFICIENT_LAYER compaction=EDGE_LENGTH aspectRatio=1.78 edgeLayerGap=15 edgeNodeGap=15 edgeGap=10 componentGap=24"
mise-en-service,elk,2,102,0.524,6.29,6.86,7.85,4.64,0.682,0.192,1.499,20,vertes,"mode=ports direction=DOWN inner=RIGHT wrap=MULTI_EDGE layerGap=30 rootLayerGap=90 nodeGap=48 rootPadding=12 innerRatio=4.5 placement=BRANDES_KOEPF inline=true labelLayer=MEDIAN_LAYER compaction=NONE edgeLayerGap=30 edgeNodeGap=30 edgeGap=20 componentGap=60"
mise-en-service,elk,2,103,0.524,6.29,6.86,7.85,4.64,0.682,0.192,1.499,20,vertes,"mode=ports direction=DOWN inner=RIGHT wrap=MULTI_EDGE layerGap=30 rootLayerGap=90 nodeGap=48 rootPadding=12 innerRatio=4.5 placement=BRANDES_KOEPF inline=true labelLayer=MEDIAN_LAYER compaction=NONE aspectRatio=1.78 edgeLayerGap=30 edgeNodeGap=30 edgeGap=20 componentGap=60"
mise-en-service,elk,2,70,0.538,6.45,7.04,8.05,4.68,0.675,0.198,1.525,20,vertes,"mode=ports direction=DOWN inner=RIGHT wrap=MULTI_EDGE layerGap=30 rootLayerGap=90 nodeGap=48 rootPadding=12 innerRatio=4.5 placement=BRANDES_KOEPF inline=true labelLayer=MEDIAN_LAYER compaction=NONE edgeLayerGap=15 edgeNodeGap=15 edgeGap=10 componentGap=24"
mise-en-service,elk,2,71,0.538,6.45,7.04,8.05,4.68,0.675,0.198,1.525,20,vertes,"mode=ports direction=DOWN inner=RIGHT wrap=MULTI_EDGE layerGap=30 rootLayerGap=90 nodeGap=48 rootPadding=12 innerRatio=4.5 placement=BRANDES_KOEPF inline=true labelLayer=MEDIAN_LAYER compaction=NONE aspectRatio=1.78 edgeLayerGap=15 edgeNodeGap=15 edgeGap=10 componentGap=24"
mise-en-service,elk,2,,0.213,2.89,3.15,3.86,1.71,0.347,0.063,3.664,24,"Q0_GO__L1__5858420b813f: segment oblique","mode=ports direction=DOWN inner=RIGHT wrap=MULTI_EDGE layerGap=30 rootLayerGap=90 nodeGap=48 rootPadding=12 innerRatio=4.5 placement=BRANDES_KOEPF inline=true labelLayer=MEDIAN_LAYER compaction=EDGE_LENGTH edgeLayerGap=30 edgeNodeGap=30 edgeGap=20 componentGap=60"
mise-en-service,elk,2,,0.213,2.89,3.15,3.86,1.71,0.347,0.063,3.664,24,"Q0_GO__L1__5858420b813f: segment oblique","mode=ports direction=DOWN inner=RIGHT wrap=MULTI_EDGE layerGap=30 rootLayerGap=90 nodeGap=48 rootPadding=12 innerRatio=4.5 placement=BRANDES_KOEPF inline=true labelLayer=MEDIAN_LAYER compaction=EDGE_LENGTH aspectRatio=1.78 edgeLayerGap=30 edgeNodeGap=30 edgeGap=20 componentGap=60"
mise-en-service,elk,2,,0.213,2.89,3.15,3.86,1.71,0.342,0.065,3.751,24,"Q0_GO__L1__5858420b813f: segment oblique","mode=ports direction=DOWN inner=RIGHT wrap=MULTI_EDGE layerGap=30 rootLayerGap=90 nodeGap=48 rootPadding=12 innerRatio=4.5 placement=BRANDES_KOEPF inline=true labelLayer=MEDIAN_LAYER compaction=EDGE_LENGTH edgeLayerGap=15 edgeNodeGap=15 edgeGap=10 componentGap=24"
mise-en-service,elk,2,,0.213,2.89,3.15,3.86,1.71,0.342,0.065,3.751,24,"Q0_GO__L1__5858420b813f: segment oblique","mode=ports direction=DOWN inner=RIGHT wrap=MULTI_EDGE layerGap=30 rootLayerGap=90 nodeGap=48 rootPadding=12 innerRatio=4.5 placement=BRANDES_KOEPF inline=true labelLayer=MEDIAN_LAYER compaction=EDGE_LENGTH aspectRatio=1.78 edgeLayerGap=15 edgeNodeGap=15 edgeGap=10 componentGap=24"
mise-en-service,elk,2,104,0.524,6.29,6.86,7.85,4.64,0.682,0.192,1.499,20,vertes,"mode=ports direction=DOWN inner=RIGHT wrap=MULTI_EDGE layerGap=30 rootLayerGap=90 nodeGap=48 rootPadding=12 innerRatio=4.5 placement=BRANDES_KOEPF inline=true labelLayer=SPACE_EFFICIENT_LAYER compaction=NONE edgeLayerGap=30 edgeNodeGap=30 edgeGap=20 componentGap=60"
mise-en-service,elk,2,105,0.524,6.29,6.86,7.85,4.64,0.682,0.192,1.499,20,vertes,"mode=ports direction=DOWN inner=RIGHT wrap=MULTI_EDGE layerGap=30 rootLayerGap=90 nodeGap=48 rootPadding=12 innerRatio=4.5 placement=BRANDES_KOEPF inline=true labelLayer=SPACE_EFFICIENT_LAYER compaction=NONE aspectRatio=1.78 edgeLayerGap=30 edgeNodeGap=30 edgeGap=20 componentGap=60"
mise-en-service,elk,2,72,0.538,6.45,7.04,8.05,4.68,0.675,0.198,1.525,20,vertes,"mode=ports direction=DOWN inner=RIGHT wrap=MULTI_EDGE layerGap=30 rootLayerGap=90 nodeGap=48 rootPadding=12 innerRatio=4.5 placement=BRANDES_KOEPF inline=true labelLayer=SPACE_EFFICIENT_LAYER compaction=NONE edgeLayerGap=15 edgeNodeGap=15 edgeGap=10 componentGap=24"
mise-en-service,elk,2,73,0.538,6.45,7.04,8.05,4.68,0.675,0.198,1.525,20,vertes,"mode=ports direction=DOWN inner=RIGHT wrap=MULTI_EDGE layerGap=30 rootLayerGap=90 nodeGap=48 rootPadding=12 innerRatio=4.5 placement=BRANDES_KOEPF inline=true labelLayer=SPACE_EFFICIENT_LAYER compaction=NONE aspectRatio=1.78 edgeLayerGap=15 edgeNodeGap=15 edgeGap=10 componentGap=24"
mise-en-service,elk,2,,0.213,2.89,3.15,3.86,1.71,0.347,0.063,3.664,24,"Q0_GO__L1__5858420b813f: segment oblique","mode=ports direction=DOWN inner=RIGHT wrap=MULTI_EDGE layerGap=30 rootLayerGap=90 nodeGap=48 rootPadding=12 innerRatio=4.5 placement=BRANDES_KOEPF inline=true labelLayer=SPACE_EFFICIENT_LAYER compaction=EDGE_LENGTH edgeLayerGap=30 edgeNodeGap=30 edgeGap=20 componentGap=60"
mise-en-service,elk,2,,0.213,2.89,3.15,3.86,1.71,0.347,0.063,3.664,24,"Q0_GO__L1__5858420b813f: segment oblique","mode=ports direction=DOWN inner=RIGHT wrap=MULTI_EDGE layerGap=30 rootLayerGap=90 nodeGap=48 rootPadding=12 innerRatio=4.5 placement=BRANDES_KOEPF inline=true labelLayer=SPACE_EFFICIENT_LAYER compaction=EDGE_LENGTH aspectRatio=1.78 edgeLayerGap=30 edgeNodeGap=30 edgeGap=20 componentGap=60"
mise-en-service,elk,2,,0.213,2.89,3.15,3.86,1.71,0.342,0.065,3.751,24,"Q0_GO__L1__5858420b813f: segment oblique","mode=ports direction=DOWN inner=RIGHT wrap=MULTI_EDGE layerGap=30 rootLayerGap=90 nodeGap=48 rootPadding=12 innerRatio=4.5 placement=BRANDES_KOEPF inline=true labelLayer=SPACE_EFFICIENT_LAYER compaction=EDGE_LENGTH edgeLayerGap=15 edgeNodeGap=15 edgeGap=10 componentGap=24"
mise-en-service,elk,2,,0.213,2.89,3.15,3.86,1.71,0.342,0.065,3.751,24,"Q0_GO__L1__5858420b813f: segment oblique","mode=ports direction=DOWN inner=RIGHT wrap=MULTI_EDGE layerGap=30 rootLayerGap=90 nodeGap=48 rootPadding=12 innerRatio=4.5 placement=BRANDES_KOEPF inline=true labelLayer=SPACE_EFFICIENT_LAYER compaction=EDGE_LENGTH aspectRatio=1.78 edgeLayerGap=15 edgeNodeGap=15 edgeGap=10 componentGap=24"
mise-en-service,elk,2,133,0.513,6.16,6.72,7.69,4.42,0.677,0.178,1.544,44,vertes,"mode=ports direction=DOWN inner=RIGHT wrap=MULTI_EDGE layerGap=30 rootLayerGap=90 nodeGap=48 rootPadding=12 innerRatio=4.5 placement=LINEAR_SEGMENTS inline=false labelLayer=MEDIAN_LAYER compaction=NONE edgeLayerGap=30 edgeNodeGap=30 edgeGap=20 componentGap=60"
mise-en-service,elk,2,134,0.513,6.16,6.72,7.69,4.42,0.677,0.178,1.544,44,vertes,"mode=ports direction=DOWN inner=RIGHT wrap=MULTI_EDGE layerGap=30 rootLayerGap=90 nodeGap=48 rootPadding=12 innerRatio=4.5 placement=LINEAR_SEGMENTS inline=false labelLayer=MEDIAN_LAYER compaction=NONE aspectRatio=1.78 edgeLayerGap=30 edgeNodeGap=30 edgeGap=20 componentGap=60"
mise-en-service,elk,2,90,0.527,6.32,6.90,7.89,4.68,0.679,0.194,1.495,44,vertes,"mode=ports direction=DOWN inner=RIGHT wrap=MULTI_EDGE layerGap=30 rootLayerGap=90 nodeGap=48 rootPadding=12 innerRatio=4.5 placement=LINEAR_SEGMENTS inline=false labelLayer=MEDIAN_LAYER compaction=NONE edgeLayerGap=15 edgeNodeGap=15 edgeGap=10 componentGap=24"
mise-en-service,elk,2,91,0.527,6.32,6.90,7.89,4.68,0.679,0.194,1.495,44,vertes,"mode=ports direction=DOWN inner=RIGHT wrap=MULTI_EDGE layerGap=30 rootLayerGap=90 nodeGap=48 rootPadding=12 innerRatio=4.5 placement=LINEAR_SEGMENTS inline=false labelLayer=MEDIAN_LAYER compaction=NONE aspectRatio=1.78 edgeLayerGap=15 edgeNodeGap=15 edgeGap=10 componentGap=24"
mise-en-service,elk,2,,0.209,2.83,3.09,3.79,1.67,0.353,0.061,3.664,46,"rapport 3.664 hors de [4:3 ; 16:9]","mode=ports direction=DOWN inner=RIGHT wrap=MULTI_EDGE layerGap=30 rootLayerGap=90 nodeGap=48 rootPadding=12 innerRatio=4.5 placement=LINEAR_SEGMENTS inline=false labelLayer=MEDIAN_LAYER compaction=EDGE_LENGTH edgeLayerGap=30 edgeNodeGap=30 edgeGap=20 componentGap=60"
mise-en-service,elk,2,,0.209,2.83,3.09,3.79,1.67,0.353,0.061,3.664,46,"rapport 3.664 hors de [4:3 ; 16:9]","mode=ports direction=DOWN inner=RIGHT wrap=MULTI_EDGE layerGap=30 rootLayerGap=90 nodeGap=48 rootPadding=12 innerRatio=4.5 placement=LINEAR_SEGMENTS inline=false labelLayer=MEDIAN_LAYER compaction=EDGE_LENGTH aspectRatio=1.78 edgeLayerGap=30 edgeNodeGap=30 edgeGap=20 componentGap=60"
mise-en-service,elk,2,,0.217,2.93,3.20,3.92,1.73,0.349,0.064,3.626,46,"rapport 3.626 hors de [4:3 ; 16:9]","mode=ports direction=DOWN inner=RIGHT wrap=MULTI_EDGE layerGap=30 rootLayerGap=90 nodeGap=48 rootPadding=12 innerRatio=4.5 placement=LINEAR_SEGMENTS inline=false labelLayer=MEDIAN_LAYER compaction=EDGE_LENGTH edgeLayerGap=15 edgeNodeGap=15 edgeGap=10 componentGap=24"
mise-en-service,elk,2,,0.217,2.93,3.20,3.92,1.73,0.349,0.064,3.626,46,"rapport 3.626 hors de [4:3 ; 16:9]","mode=ports direction=DOWN inner=RIGHT wrap=MULTI_EDGE layerGap=30 rootLayerGap=90 nodeGap=48 rootPadding=12 innerRatio=4.5 placement=LINEAR_SEGMENTS inline=false labelLayer=MEDIAN_LAYER compaction=EDGE_LENGTH aspectRatio=1.78 edgeLayerGap=15 edgeNodeGap=15 edgeGap=10 componentGap=24"
mise-en-service,elk,2,135,0.513,6.16,6.72,7.69,4.42,0.677,0.178,1.544,44,vertes,"mode=ports direction=DOWN inner=RIGHT wrap=MULTI_EDGE layerGap=30 rootLayerGap=90 nodeGap=48 rootPadding=12 innerRatio=4.5 placement=LINEAR_SEGMENTS inline=false labelLayer=SPACE_EFFICIENT_LAYER compaction=NONE edgeLayerGap=30 edgeNodeGap=30 edgeGap=20 componentGap=60"
mise-en-service,elk,2,136,0.513,6.16,6.72,7.69,4.42,0.677,0.178,1.544,44,vertes,"mode=ports direction=DOWN inner=RIGHT wrap=MULTI_EDGE layerGap=30 rootLayerGap=90 nodeGap=48 rootPadding=12 innerRatio=4.5 placement=LINEAR_SEGMENTS inline=false labelLayer=SPACE_EFFICIENT_LAYER compaction=NONE aspectRatio=1.78 edgeLayerGap=30 edgeNodeGap=30 edgeGap=20 componentGap=60"
mise-en-service,elk,2,92,0.527,6.32,6.90,7.89,4.68,0.679,0.194,1.495,44,vertes,"mode=ports direction=DOWN inner=RIGHT wrap=MULTI_EDGE layerGap=30 rootLayerGap=90 nodeGap=48 rootPadding=12 innerRatio=4.5 placement=LINEAR_SEGMENTS inline=false labelLayer=SPACE_EFFICIENT_LAYER compaction=NONE edgeLayerGap=15 edgeNodeGap=15 edgeGap=10 componentGap=24"
mise-en-service,elk,2,93,0.527,6.32,6.90,7.89,4.68,0.679,0.194,1.495,44,vertes,"mode=ports direction=DOWN inner=RIGHT wrap=MULTI_EDGE layerGap=30 rootLayerGap=90 nodeGap=48 rootPadding=12 innerRatio=4.5 placement=LINEAR_SEGMENTS inline=false labelLayer=SPACE_EFFICIENT_LAYER compaction=NONE aspectRatio=1.78 edgeLayerGap=15 edgeNodeGap=15 edgeGap=10 componentGap=24"
mise-en-service,elk,2,,0.209,2.83,3.09,3.79,1.67,0.353,0.061,3.664,46,"rapport 3.664 hors de [4:3 ; 16:9]","mode=ports direction=DOWN inner=RIGHT wrap=MULTI_EDGE layerGap=30 rootLayerGap=90 nodeGap=48 rootPadding=12 innerRatio=4.5 placement=LINEAR_SEGMENTS inline=false labelLayer=SPACE_EFFICIENT_LAYER compaction=EDGE_LENGTH edgeLayerGap=30 edgeNodeGap=30 edgeGap=20 componentGap=60"
mise-en-service,elk,2,,0.209,2.83,3.09,3.79,1.67,0.353,0.061,3.664,46,"rapport 3.664 hors de [4:3 ; 16:9]","mode=ports direction=DOWN inner=RIGHT wrap=MULTI_EDGE layerGap=30 rootLayerGap=90 nodeGap=48 rootPadding=12 innerRatio=4.5 placement=LINEAR_SEGMENTS inline=false labelLayer=SPACE_EFFICIENT_LAYER compaction=EDGE_LENGTH aspectRatio=1.78 edgeLayerGap=30 edgeNodeGap=30 edgeGap=20 componentGap=60"
mise-en-service,elk,2,,0.217,2.93,3.20,3.92,1.73,0.349,0.064,3.626,46,"rapport 3.626 hors de [4:3 ; 16:9]","mode=ports direction=DOWN inner=RIGHT wrap=MULTI_EDGE layerGap=30 rootLayerGap=90 nodeGap=48 rootPadding=12 innerRatio=4.5 placement=LINEAR_SEGMENTS inline=false labelLayer=SPACE_EFFICIENT_LAYER compaction=EDGE_LENGTH edgeLayerGap=15 edgeNodeGap=15 edgeGap=10 componentGap=24"
mise-en-service,elk,2,,0.217,2.93,3.20,3.92,1.73,0.349,0.064,3.626,46,"rapport 3.626 hors de [4:3 ; 16:9]","mode=ports direction=DOWN inner=RIGHT wrap=MULTI_EDGE layerGap=30 rootLayerGap=90 nodeGap=48 rootPadding=12 innerRatio=4.5 placement=LINEAR_SEGMENTS inline=false labelLayer=SPACE_EFFICIENT_LAYER compaction=EDGE_LENGTH aspectRatio=1.78 edgeLayerGap=15 edgeNodeGap=15 edgeGap=10 componentGap=24"
mise-en-service,elk,2,137,0.510,6.13,6.68,7.65,4.45,0.681,0.179,1.523,42,vertes,"mode=ports direction=DOWN inner=RIGHT wrap=MULTI_EDGE layerGap=30 rootLayerGap=90 nodeGap=48 rootPadding=12 innerRatio=4.5 placement=LINEAR_SEGMENTS inline=true labelLayer=MEDIAN_LAYER compaction=NONE edgeLayerGap=30 edgeNodeGap=30 edgeGap=20 componentGap=60"
mise-en-service,elk,2,138,0.510,6.13,6.68,7.65,4.45,0.681,0.179,1.523,42,vertes,"mode=ports direction=DOWN inner=RIGHT wrap=MULTI_EDGE layerGap=30 rootLayerGap=90 nodeGap=48 rootPadding=12 innerRatio=4.5 placement=LINEAR_SEGMENTS inline=true labelLayer=MEDIAN_LAYER compaction=NONE aspectRatio=1.78 edgeLayerGap=30 edgeNodeGap=30 edgeGap=20 componentGap=60"
mise-en-service,elk,2,94,0.524,6.29,6.86,7.85,4.67,0.680,0.193,1.486,44,vertes,"mode=ports direction=DOWN inner=RIGHT wrap=MULTI_EDGE layerGap=30 rootLayerGap=90 nodeGap=48 rootPadding=12 innerRatio=4.5 placement=LINEAR_SEGMENTS inline=true labelLayer=MEDIAN_LAYER compaction=NONE edgeLayerGap=15 edgeNodeGap=15 edgeGap=10 componentGap=24"
mise-en-service,elk,2,95,0.524,6.29,6.86,7.85,4.67,0.680,0.193,1.486,44,vertes,"mode=ports direction=DOWN inner=RIGHT wrap=MULTI_EDGE layerGap=30 rootLayerGap=90 nodeGap=48 rootPadding=12 innerRatio=4.5 placement=LINEAR_SEGMENTS inline=true labelLayer=MEDIAN_LAYER compaction=NONE aspectRatio=1.78 edgeLayerGap=15 edgeNodeGap=15 edgeGap=10 componentGap=24"
mise-en-service,elk,2,,0.210,2.84,3.10,3.80,1.68,0.354,0.061,3.636,44,"rapport 3.636 hors de [4:3 ; 16:9]","mode=ports direction=DOWN inner=RIGHT wrap=MULTI_EDGE layerGap=30 rootLayerGap=90 nodeGap=48 rootPadding=12 innerRatio=4.5 placement=LINEAR_SEGMENTS inline=true labelLayer=MEDIAN_LAYER compaction=EDGE_LENGTH edgeLayerGap=30 edgeNodeGap=30 edgeGap=20 componentGap=60"
mise-en-service,elk,2,,0.210,2.84,3.10,3.80,1.68,0.354,0.061,3.636,44,"rapport 3.636 hors de [4:3 ; 16:9]","mode=ports direction=DOWN inner=RIGHT wrap=MULTI_EDGE layerGap=30 rootLayerGap=90 nodeGap=48 rootPadding=12 innerRatio=4.5 placement=LINEAR_SEGMENTS inline=true labelLayer=MEDIAN_LAYER compaction=EDGE_LENGTH aspectRatio=1.78 edgeLayerGap=30 edgeNodeGap=30 edgeGap=20 componentGap=60"
mise-en-service,elk,2,,0.217,2.93,3.20,3.92,1.73,0.349,0.064,3.608,46,"rapport 3.608 hors de [4:3 ; 16:9]","mode=ports direction=DOWN inner=RIGHT wrap=MULTI_EDGE layerGap=30 rootLayerGap=90 nodeGap=48 rootPadding=12 innerRatio=4.5 placement=LINEAR_SEGMENTS inline=true labelLayer=MEDIAN_LAYER compaction=EDGE_LENGTH edgeLayerGap=15 edgeNodeGap=15 edgeGap=10 componentGap=24"
mise-en-service,elk,2,,0.217,2.93,3.20,3.92,1.73,0.349,0.064,3.608,46,"rapport 3.608 hors de [4:3 ; 16:9]","mode=ports direction=DOWN inner=RIGHT wrap=MULTI_EDGE layerGap=30 rootLayerGap=90 nodeGap=48 rootPadding=12 innerRatio=4.5 placement=LINEAR_SEGMENTS inline=true labelLayer=MEDIAN_LAYER compaction=EDGE_LENGTH aspectRatio=1.78 edgeLayerGap=15 edgeNodeGap=15 edgeGap=10 componentGap=24"
mise-en-service,elk,2,139,0.510,6.13,6.68,7.65,4.45,0.681,0.179,1.523,42,vertes,"mode=ports direction=DOWN inner=RIGHT wrap=MULTI_EDGE layerGap=30 rootLayerGap=90 nodeGap=48 rootPadding=12 innerRatio=4.5 placement=LINEAR_SEGMENTS inline=true labelLayer=SPACE_EFFICIENT_LAYER compaction=NONE edgeLayerGap=30 edgeNodeGap=30 edgeGap=20 componentGap=60"
mise-en-service,elk,2,140,0.510,6.13,6.68,7.65,4.45,0.681,0.179,1.523,42,vertes,"mode=ports direction=DOWN inner=RIGHT wrap=MULTI_EDGE layerGap=30 rootLayerGap=90 nodeGap=48 rootPadding=12 innerRatio=4.5 placement=LINEAR_SEGMENTS inline=true labelLayer=SPACE_EFFICIENT_LAYER compaction=NONE aspectRatio=1.78 edgeLayerGap=30 edgeNodeGap=30 edgeGap=20 componentGap=60"
mise-en-service,elk,2,96,0.524,6.29,6.86,7.85,4.67,0.680,0.193,1.486,44,vertes,"mode=ports direction=DOWN inner=RIGHT wrap=MULTI_EDGE layerGap=30 rootLayerGap=90 nodeGap=48 rootPadding=12 innerRatio=4.5 placement=LINEAR_SEGMENTS inline=true labelLayer=SPACE_EFFICIENT_LAYER compaction=NONE edgeLayerGap=15 edgeNodeGap=15 edgeGap=10 componentGap=24"
mise-en-service,elk,2,97,0.524,6.29,6.86,7.85,4.67,0.680,0.193,1.486,44,vertes,"mode=ports direction=DOWN inner=RIGHT wrap=MULTI_EDGE layerGap=30 rootLayerGap=90 nodeGap=48 rootPadding=12 innerRatio=4.5 placement=LINEAR_SEGMENTS inline=true labelLayer=SPACE_EFFICIENT_LAYER compaction=NONE aspectRatio=1.78 edgeLayerGap=15 edgeNodeGap=15 edgeGap=10 componentGap=24"
mise-en-service,elk,2,,0.210,2.84,3.10,3.80,1.68,0.354,0.061,3.636,44,"rapport 3.636 hors de [4:3 ; 16:9]","mode=ports direction=DOWN inner=RIGHT wrap=MULTI_EDGE layerGap=30 rootLayerGap=90 nodeGap=48 rootPadding=12 innerRatio=4.5 placement=LINEAR_SEGMENTS inline=true labelLayer=SPACE_EFFICIENT_LAYER compaction=EDGE_LENGTH edgeLayerGap=30 edgeNodeGap=30 edgeGap=20 componentGap=60"
mise-en-service,elk,2,,0.210,2.84,3.10,3.80,1.68,0.354,0.061,3.636,44,"rapport 3.636 hors de [4:3 ; 16:9]","mode=ports direction=DOWN inner=RIGHT wrap=MULTI_EDGE layerGap=30 rootLayerGap=90 nodeGap=48 rootPadding=12 innerRatio=4.5 placement=LINEAR_SEGMENTS inline=true labelLayer=SPACE_EFFICIENT_LAYER compaction=EDGE_LENGTH aspectRatio=1.78 edgeLayerGap=30 edgeNodeGap=30 edgeGap=20 componentGap=60"
mise-en-service,elk,2,,0.217,2.93,3.20,3.92,1.73,0.349,0.064,3.608,46,"rapport 3.608 hors de [4:3 ; 16:9]","mode=ports direction=DOWN inner=RIGHT wrap=MULTI_EDGE layerGap=30 rootLayerGap=90 nodeGap=48 rootPadding=12 innerRatio=4.5 placement=LINEAR_SEGMENTS inline=true labelLayer=SPACE_EFFICIENT_LAYER compaction=EDGE_LENGTH edgeLayerGap=15 edgeNodeGap=15 edgeGap=10 componentGap=24"
mise-en-service,elk,2,,0.217,2.93,3.20,3.92,1.73,0.349,0.064,3.608,46,"rapport 3.608 hors de [4:3 ; 16:9]","mode=ports direction=DOWN inner=RIGHT wrap=MULTI_EDGE layerGap=30 rootLayerGap=90 nodeGap=48 rootPadding=12 innerRatio=4.5 placement=LINEAR_SEGMENTS inline=true labelLayer=SPACE_EFFICIENT_LAYER compaction=EDGE_LENGTH aspectRatio=1.78 edgeLayerGap=15 edgeNodeGap=15 edgeGap=10 componentGap=24"
mise-en-service,elk,2,124,0.523,6.27,6.84,7.83,4.66,0.805,0.200,1.426,24,vertes,"mode=ports direction=DOWN inner=RIGHT wrap=MULTI_EDGE layerGap=30 rootLayerGap=30 nodeGap=24 rootPadding=12 innerRatio=4.5 placement=NETWORK_SIMPLEX inline=false labelLayer=MEDIAN_LAYER compaction=NONE edgeLayerGap=30 edgeNodeGap=30 edgeGap=20 componentGap=60"
mise-en-service,elk,2,125,0.523,6.27,6.84,7.83,4.66,0.805,0.200,1.426,24,vertes,"mode=ports direction=DOWN inner=RIGHT wrap=MULTI_EDGE layerGap=30 rootLayerGap=30 nodeGap=24 rootPadding=12 innerRatio=4.5 placement=NETWORK_SIMPLEX inline=false labelLayer=MEDIAN_LAYER compaction=NONE aspectRatio=1.78 edgeLayerGap=30 edgeNodeGap=30 edgeGap=20 componentGap=60"
mise-en-service,elk,2,58,0.544,6.52,7.12,8.14,4.84,0.795,0.210,1.471,24,vertes,"mode=ports direction=DOWN inner=RIGHT wrap=MULTI_EDGE layerGap=30 rootLayerGap=30 nodeGap=24 rootPadding=12 innerRatio=4.5 placement=NETWORK_SIMPLEX inline=false labelLayer=MEDIAN_LAYER compaction=NONE edgeLayerGap=15 edgeNodeGap=15 edgeGap=10 componentGap=24"
mise-en-service,elk,2,59,0.544,6.52,7.12,8.14,4.84,0.795,0.210,1.471,24,vertes,"mode=ports direction=DOWN inner=RIGHT wrap=MULTI_EDGE layerGap=30 rootLayerGap=30 nodeGap=24 rootPadding=12 innerRatio=4.5 placement=NETWORK_SIMPLEX inline=false labelLayer=MEDIAN_LAYER compaction=NONE aspectRatio=1.78 edgeLayerGap=15 edgeNodeGap=15 edgeGap=10 componentGap=24"
mise-en-service,elk,2,,0.210,2.85,3.11,3.81,1.68,0.407,0.062,3.711,28,"Q0_GO__L1__5858420b813f: segment oblique","mode=ports direction=DOWN inner=RIGHT wrap=MULTI_EDGE layerGap=30 rootLayerGap=30 nodeGap=24 rootPadding=12 innerRatio=4.5 placement=NETWORK_SIMPLEX inline=false labelLayer=MEDIAN_LAYER compaction=EDGE_LENGTH edgeLayerGap=30 edgeNodeGap=30 edgeGap=20 componentGap=60"
mise-en-service,elk,2,,0.210,2.85,3.11,3.81,1.68,0.407,0.062,3.711,28,"Q0_GO__L1__5858420b813f: segment oblique","mode=ports direction=DOWN inner=RIGHT wrap=MULTI_EDGE layerGap=30 rootLayerGap=30 nodeGap=24 rootPadding=12 innerRatio=4.5 placement=NETWORK_SIMPLEX inline=false labelLayer=MEDIAN_LAYER compaction=EDGE_LENGTH aspectRatio=1.78 edgeLayerGap=30 edgeNodeGap=30 edgeGap=20 componentGap=60"
mise-en-service,elk,2,,0.210,2.85,3.11,3.81,1.68,0.401,0.064,3.844,28,"Q0_GO__L1__5858420b813f: segment oblique","mode=ports direction=DOWN inner=RIGHT wrap=MULTI_EDGE layerGap=30 rootLayerGap=30 nodeGap=24 rootPadding=12 innerRatio=4.5 placement=NETWORK_SIMPLEX inline=false labelLayer=MEDIAN_LAYER compaction=EDGE_LENGTH edgeLayerGap=15 edgeNodeGap=15 edgeGap=10 componentGap=24"
mise-en-service,elk,2,,0.210,2.85,3.11,3.81,1.68,0.401,0.064,3.844,28,"Q0_GO__L1__5858420b813f: segment oblique","mode=ports direction=DOWN inner=RIGHT wrap=MULTI_EDGE layerGap=30 rootLayerGap=30 nodeGap=24 rootPadding=12 innerRatio=4.5 placement=NETWORK_SIMPLEX inline=false labelLayer=MEDIAN_LAYER compaction=EDGE_LENGTH aspectRatio=1.78 edgeLayerGap=15 edgeNodeGap=15 edgeGap=10 componentGap=24"
mise-en-service,elk,2,126,0.523,6.27,6.84,7.83,4.66,0.805,0.200,1.426,24,vertes,"mode=ports direction=DOWN inner=RIGHT wrap=MULTI_EDGE layerGap=30 rootLayerGap=30 nodeGap=24 rootPadding=12 innerRatio=4.5 placement=NETWORK_SIMPLEX inline=false labelLayer=SPACE_EFFICIENT_LAYER compaction=NONE edgeLayerGap=30 edgeNodeGap=30 edgeGap=20 componentGap=60"
mise-en-service,elk,2,127,0.523,6.27,6.84,7.83,4.66,0.805,0.200,1.426,24,vertes,"mode=ports direction=DOWN inner=RIGHT wrap=MULTI_EDGE layerGap=30 rootLayerGap=30 nodeGap=24 rootPadding=12 innerRatio=4.5 placement=NETWORK_SIMPLEX inline=false labelLayer=SPACE_EFFICIENT_LAYER compaction=NONE aspectRatio=1.78 edgeLayerGap=30 edgeNodeGap=30 edgeGap=20 componentGap=60"
mise-en-service,elk,2,60,0.544,6.52,7.12,8.14,4.84,0.795,0.210,1.471,24,vertes,"mode=ports direction=DOWN inner=RIGHT wrap=MULTI_EDGE layerGap=30 rootLayerGap=30 nodeGap=24 rootPadding=12 innerRatio=4.5 placement=NETWORK_SIMPLEX inline=false labelLayer=SPACE_EFFICIENT_LAYER compaction=NONE edgeLayerGap=15 edgeNodeGap=15 edgeGap=10 componentGap=24"
mise-en-service,elk,2,61,0.544,6.52,7.12,8.14,4.84,0.795,0.210,1.471,24,vertes,"mode=ports direction=DOWN inner=RIGHT wrap=MULTI_EDGE layerGap=30 rootLayerGap=30 nodeGap=24 rootPadding=12 innerRatio=4.5 placement=NETWORK_SIMPLEX inline=false labelLayer=SPACE_EFFICIENT_LAYER compaction=NONE aspectRatio=1.78 edgeLayerGap=15 edgeNodeGap=15 edgeGap=10 componentGap=24"
mise-en-service,elk,2,,0.210,2.85,3.11,3.81,1.68,0.407,0.062,3.711,28,"Q0_GO__L1__5858420b813f: segment oblique","mode=ports direction=DOWN inner=RIGHT wrap=MULTI_EDGE layerGap=30 rootLayerGap=30 nodeGap=24 rootPadding=12 innerRatio=4.5 placement=NETWORK_SIMPLEX inline=false labelLayer=SPACE_EFFICIENT_LAYER compaction=EDGE_LENGTH edgeLayerGap=30 edgeNodeGap=30 edgeGap=20 componentGap=60"
mise-en-service,elk,2,,0.210,2.85,3.11,3.81,1.68,0.407,0.062,3.711,28,"Q0_GO__L1__5858420b813f: segment oblique","mode=ports direction=DOWN inner=RIGHT wrap=MULTI_EDGE layerGap=30 rootLayerGap=30 nodeGap=24 rootPadding=12 innerRatio=4.5 placement=NETWORK_SIMPLEX inline=false labelLayer=SPACE_EFFICIENT_LAYER compaction=EDGE_LENGTH aspectRatio=1.78 edgeLayerGap=30 edgeNodeGap=30 edgeGap=20 componentGap=60"
mise-en-service,elk,2,,0.210,2.85,3.11,3.81,1.68,0.401,0.064,3.844,28,"Q0_GO__L1__5858420b813f: segment oblique","mode=ports direction=DOWN inner=RIGHT wrap=MULTI_EDGE layerGap=30 rootLayerGap=30 nodeGap=24 rootPadding=12 innerRatio=4.5 placement=NETWORK_SIMPLEX inline=false labelLayer=SPACE_EFFICIENT_LAYER compaction=EDGE_LENGTH edgeLayerGap=15 edgeNodeGap=15 edgeGap=10 componentGap=24"
mise-en-service,elk,2,,0.210,2.85,3.11,3.81,1.68,0.401,0.064,3.844,28,"Q0_GO__L1__5858420b813f: segment oblique","mode=ports direction=DOWN inner=RIGHT wrap=MULTI_EDGE layerGap=30 rootLayerGap=30 nodeGap=24 rootPadding=12 innerRatio=4.5 placement=NETWORK_SIMPLEX inline=false labelLayer=SPACE_EFFICIENT_LAYER compaction=EDGE_LENGTH aspectRatio=1.78 edgeLayerGap=15 edgeNodeGap=15 edgeGap=10 componentGap=24"
mise-en-service,elk,2,128,0.523,6.27,6.84,7.83,4.66,0.805,0.200,1.426,24,vertes,"mode=ports direction=DOWN inner=RIGHT wrap=MULTI_EDGE layerGap=30 rootLayerGap=30 nodeGap=24 rootPadding=12 innerRatio=4.5 placement=NETWORK_SIMPLEX inline=true labelLayer=MEDIAN_LAYER compaction=NONE edgeLayerGap=30 edgeNodeGap=30 edgeGap=20 componentGap=60"
mise-en-service,elk,2,129,0.523,6.27,6.84,7.83,4.66,0.805,0.200,1.426,24,vertes,"mode=ports direction=DOWN inner=RIGHT wrap=MULTI_EDGE layerGap=30 rootLayerGap=30 nodeGap=24 rootPadding=12 innerRatio=4.5 placement=NETWORK_SIMPLEX inline=true labelLayer=MEDIAN_LAYER compaction=NONE aspectRatio=1.78 edgeLayerGap=30 edgeNodeGap=30 edgeGap=20 componentGap=60"
mise-en-service,elk,2,62,0.544,6.52,7.12,8.14,4.84,0.795,0.210,1.471,24,vertes,"mode=ports direction=DOWN inner=RIGHT wrap=MULTI_EDGE layerGap=30 rootLayerGap=30 nodeGap=24 rootPadding=12 innerRatio=4.5 placement=NETWORK_SIMPLEX inline=true labelLayer=MEDIAN_LAYER compaction=NONE edgeLayerGap=15 edgeNodeGap=15 edgeGap=10 componentGap=24"
mise-en-service,elk,2,63,0.544,6.52,7.12,8.14,4.84,0.795,0.210,1.471,24,vertes,"mode=ports direction=DOWN inner=RIGHT wrap=MULTI_EDGE layerGap=30 rootLayerGap=30 nodeGap=24 rootPadding=12 innerRatio=4.5 placement=NETWORK_SIMPLEX inline=true labelLayer=MEDIAN_LAYER compaction=NONE aspectRatio=1.78 edgeLayerGap=15 edgeNodeGap=15 edgeGap=10 componentGap=24"
mise-en-service,elk,2,,0.210,2.85,3.11,3.81,1.68,0.407,0.062,3.711,28,"Q0_GO__L1__5858420b813f: segment oblique","mode=ports direction=DOWN inner=RIGHT wrap=MULTI_EDGE layerGap=30 rootLayerGap=30 nodeGap=24 rootPadding=12 innerRatio=4.5 placement=NETWORK_SIMPLEX inline=true labelLayer=MEDIAN_LAYER compaction=EDGE_LENGTH edgeLayerGap=30 edgeNodeGap=30 edgeGap=20 componentGap=60"
mise-en-service,elk,2,,0.210,2.85,3.11,3.81,1.68,0.407,0.062,3.711,28,"Q0_GO__L1__5858420b813f: segment oblique","mode=ports direction=DOWN inner=RIGHT wrap=MULTI_EDGE layerGap=30 rootLayerGap=30 nodeGap=24 rootPadding=12 innerRatio=4.5 placement=NETWORK_SIMPLEX inline=true labelLayer=MEDIAN_LAYER compaction=EDGE_LENGTH aspectRatio=1.78 edgeLayerGap=30 edgeNodeGap=30 edgeGap=20 componentGap=60"
mise-en-service,elk,2,,0.210,2.85,3.11,3.81,1.68,0.401,0.064,3.844,28,"Q0_GO__L1__5858420b813f: segment oblique","mode=ports direction=DOWN inner=RIGHT wrap=MULTI_EDGE layerGap=30 rootLayerGap=30 nodeGap=24 rootPadding=12 innerRatio=4.5 placement=NETWORK_SIMPLEX inline=true labelLayer=MEDIAN_LAYER compaction=EDGE_LENGTH edgeLayerGap=15 edgeNodeGap=15 edgeGap=10 componentGap=24"
mise-en-service,elk,2,,0.210,2.85,3.11,3.81,1.68,0.401,0.064,3.844,28,"Q0_GO__L1__5858420b813f: segment oblique","mode=ports direction=DOWN inner=RIGHT wrap=MULTI_EDGE layerGap=30 rootLayerGap=30 nodeGap=24 rootPadding=12 innerRatio=4.5 placement=NETWORK_SIMPLEX inline=true labelLayer=MEDIAN_LAYER compaction=EDGE_LENGTH aspectRatio=1.78 edgeLayerGap=15 edgeNodeGap=15 edgeGap=10 componentGap=24"
mise-en-service,elk,2,130,0.523,6.27,6.84,7.83,4.66,0.805,0.200,1.426,24,vertes,"mode=ports direction=DOWN inner=RIGHT wrap=MULTI_EDGE layerGap=30 rootLayerGap=30 nodeGap=24 rootPadding=12 innerRatio=4.5 placement=NETWORK_SIMPLEX inline=true labelLayer=SPACE_EFFICIENT_LAYER compaction=NONE edgeLayerGap=30 edgeNodeGap=30 edgeGap=20 componentGap=60"
mise-en-service,elk,2,131,0.523,6.27,6.84,7.83,4.66,0.805,0.200,1.426,24,vertes,"mode=ports direction=DOWN inner=RIGHT wrap=MULTI_EDGE layerGap=30 rootLayerGap=30 nodeGap=24 rootPadding=12 innerRatio=4.5 placement=NETWORK_SIMPLEX inline=true labelLayer=SPACE_EFFICIENT_LAYER compaction=NONE aspectRatio=1.78 edgeLayerGap=30 edgeNodeGap=30 edgeGap=20 componentGap=60"
mise-en-service,elk,2,64,0.544,6.52,7.12,8.14,4.84,0.795,0.210,1.471,24,vertes,"mode=ports direction=DOWN inner=RIGHT wrap=MULTI_EDGE layerGap=30 rootLayerGap=30 nodeGap=24 rootPadding=12 innerRatio=4.5 placement=NETWORK_SIMPLEX inline=true labelLayer=SPACE_EFFICIENT_LAYER compaction=NONE edgeLayerGap=15 edgeNodeGap=15 edgeGap=10 componentGap=24"
mise-en-service,elk,2,65,0.544,6.52,7.12,8.14,4.84,0.795,0.210,1.471,24,vertes,"mode=ports direction=DOWN inner=RIGHT wrap=MULTI_EDGE layerGap=30 rootLayerGap=30 nodeGap=24 rootPadding=12 innerRatio=4.5 placement=NETWORK_SIMPLEX inline=true labelLayer=SPACE_EFFICIENT_LAYER compaction=NONE aspectRatio=1.78 edgeLayerGap=15 edgeNodeGap=15 edgeGap=10 componentGap=24"
mise-en-service,elk,2,,0.210,2.85,3.11,3.81,1.68,0.407,0.062,3.711,28,"Q0_GO__L1__5858420b813f: segment oblique","mode=ports direction=DOWN inner=RIGHT wrap=MULTI_EDGE layerGap=30 rootLayerGap=30 nodeGap=24 rootPadding=12 innerRatio=4.5 placement=NETWORK_SIMPLEX inline=true labelLayer=SPACE_EFFICIENT_LAYER compaction=EDGE_LENGTH edgeLayerGap=30 edgeNodeGap=30 edgeGap=20 componentGap=60"
mise-en-service,elk,2,,0.210,2.85,3.11,3.81,1.68,0.407,0.062,3.711,28,"Q0_GO__L1__5858420b813f: segment oblique","mode=ports direction=DOWN inner=RIGHT wrap=MULTI_EDGE layerGap=30 rootLayerGap=30 nodeGap=24 rootPadding=12 innerRatio=4.5 placement=NETWORK_SIMPLEX inline=true labelLayer=SPACE_EFFICIENT_LAYER compaction=EDGE_LENGTH aspectRatio=1.78 edgeLayerGap=30 edgeNodeGap=30 edgeGap=20 componentGap=60"
mise-en-service,elk,2,,0.210,2.85,3.11,3.81,1.68,0.401,0.064,3.844,28,"Q0_GO__L1__5858420b813f: segment oblique","mode=ports direction=DOWN inner=RIGHT wrap=MULTI_EDGE layerGap=30 rootLayerGap=30 nodeGap=24 rootPadding=12 innerRatio=4.5 placement=NETWORK_SIMPLEX inline=true labelLayer=SPACE_EFFICIENT_LAYER compaction=EDGE_LENGTH edgeLayerGap=15 edgeNodeGap=15 edgeGap=10 componentGap=24"
mise-en-service,elk,2,,0.210,2.85,3.11,3.81,1.68,0.401,0.064,3.844,28,"Q0_GO__L1__5858420b813f: segment oblique","mode=ports direction=DOWN inner=RIGHT wrap=MULTI_EDGE layerGap=30 rootLayerGap=30 nodeGap=24 rootPadding=12 innerRatio=4.5 placement=NETWORK_SIMPLEX inline=true labelLayer=SPACE_EFFICIENT_LAYER compaction=EDGE_LENGTH aspectRatio=1.78 edgeLayerGap=15 edgeNodeGap=15 edgeGap=10 componentGap=24"
mise-en-service,elk,2,115,0.523,6.27,6.84,7.83,4.66,0.805,0.200,1.426,24,vertes,"mode=ports direction=DOWN inner=RIGHT wrap=MULTI_EDGE layerGap=30 rootLayerGap=30 nodeGap=24 rootPadding=12 innerRatio=4.5 placement=BRANDES_KOEPF inline=false labelLayer=MEDIAN_LAYER compaction=NONE edgeLayerGap=30 edgeNodeGap=30 edgeGap=20 componentGap=60"
mise-en-service,elk,2,116,0.523,6.27,6.84,7.83,4.66,0.805,0.200,1.426,24,vertes,"mode=ports direction=DOWN inner=RIGHT wrap=MULTI_EDGE layerGap=30 rootLayerGap=30 nodeGap=24 rootPadding=12 innerRatio=4.5 placement=BRANDES_KOEPF inline=false labelLayer=MEDIAN_LAYER compaction=NONE aspectRatio=1.78 edgeLayerGap=30 edgeNodeGap=30 edgeGap=20 componentGap=60"
mise-en-service,elk,2,50,0.544,6.52,7.12,8.14,4.84,0.795,0.210,1.471,24,vertes,"mode=ports direction=DOWN inner=RIGHT wrap=MULTI_EDGE layerGap=30 rootLayerGap=30 nodeGap=24 rootPadding=12 innerRatio=4.5 placement=BRANDES_KOEPF inline=false labelLayer=MEDIAN_LAYER compaction=NONE edgeLayerGap=15 edgeNodeGap=15 edgeGap=10 componentGap=24"
mise-en-service,elk,2,51,0.544,6.52,7.12,8.14,4.84,0.795,0.210,1.471,24,vertes,"mode=ports direction=DOWN inner=RIGHT wrap=MULTI_EDGE layerGap=30 rootLayerGap=30 nodeGap=24 rootPadding=12 innerRatio=4.5 placement=BRANDES_KOEPF inline=false labelLayer=MEDIAN_LAYER compaction=NONE aspectRatio=1.78 edgeLayerGap=15 edgeNodeGap=15 edgeGap=10 componentGap=24"
mise-en-service,elk,2,,0.210,2.85,3.11,3.81,1.68,0.407,0.062,3.711,28,"Q0_GO__L1__5858420b813f: segment oblique","mode=ports direction=DOWN inner=RIGHT wrap=MULTI_EDGE layerGap=30 rootLayerGap=30 nodeGap=24 rootPadding=12 innerRatio=4.5 placement=BRANDES_KOEPF inline=false labelLayer=MEDIAN_LAYER compaction=EDGE_LENGTH edgeLayerGap=30 edgeNodeGap=30 edgeGap=20 componentGap=60"
mise-en-service,elk,2,,0.210,2.85,3.11,3.81,1.68,0.407,0.062,3.711,28,"Q0_GO__L1__5858420b813f: segment oblique","mode=ports direction=DOWN inner=RIGHT wrap=MULTI_EDGE layerGap=30 rootLayerGap=30 nodeGap=24 rootPadding=12 innerRatio=4.5 placement=BRANDES_KOEPF inline=false labelLayer=MEDIAN_LAYER compaction=EDGE_LENGTH aspectRatio=1.78 edgeLayerGap=30 edgeNodeGap=30 edgeGap=20 componentGap=60"
mise-en-service,elk,2,,0.210,2.85,3.11,3.81,1.68,0.401,0.064,3.844,28,"Q0_GO__L1__5858420b813f: segment oblique","mode=ports direction=DOWN inner=RIGHT wrap=MULTI_EDGE layerGap=30 rootLayerGap=30 nodeGap=24 rootPadding=12 innerRatio=4.5 placement=BRANDES_KOEPF inline=false labelLayer=MEDIAN_LAYER compaction=EDGE_LENGTH edgeLayerGap=15 edgeNodeGap=15 edgeGap=10 componentGap=24"
mise-en-service,elk,2,,0.210,2.85,3.11,3.81,1.68,0.401,0.064,3.844,28,"Q0_GO__L1__5858420b813f: segment oblique","mode=ports direction=DOWN inner=RIGHT wrap=MULTI_EDGE layerGap=30 rootLayerGap=30 nodeGap=24 rootPadding=12 innerRatio=4.5 placement=BRANDES_KOEPF inline=false labelLayer=MEDIAN_LAYER compaction=EDGE_LENGTH aspectRatio=1.78 edgeLayerGap=15 edgeNodeGap=15 edgeGap=10 componentGap=24"
mise-en-service,elk,2,117,0.523,6.27,6.84,7.83,4.66,0.805,0.200,1.426,24,vertes,"mode=ports direction=DOWN inner=RIGHT wrap=MULTI_EDGE layerGap=30 rootLayerGap=30 nodeGap=24 rootPadding=12 innerRatio=4.5 placement=BRANDES_KOEPF inline=false labelLayer=SPACE_EFFICIENT_LAYER compaction=NONE edgeLayerGap=30 edgeNodeGap=30 edgeGap=20 componentGap=60"
mise-en-service,elk,2,118,0.523,6.27,6.84,7.83,4.66,0.805,0.200,1.426,24,vertes,"mode=ports direction=DOWN inner=RIGHT wrap=MULTI_EDGE layerGap=30 rootLayerGap=30 nodeGap=24 rootPadding=12 innerRatio=4.5 placement=BRANDES_KOEPF inline=false labelLayer=SPACE_EFFICIENT_LAYER compaction=NONE aspectRatio=1.78 edgeLayerGap=30 edgeNodeGap=30 edgeGap=20 componentGap=60"
mise-en-service,elk,2,52,0.544,6.52,7.12,8.14,4.84,0.795,0.210,1.471,24,vertes,"mode=ports direction=DOWN inner=RIGHT wrap=MULTI_EDGE layerGap=30 rootLayerGap=30 nodeGap=24 rootPadding=12 innerRatio=4.5 placement=BRANDES_KOEPF inline=false labelLayer=SPACE_EFFICIENT_LAYER compaction=NONE edgeLayerGap=15 edgeNodeGap=15 edgeGap=10 componentGap=24"
mise-en-service,elk,2,53,0.544,6.52,7.12,8.14,4.84,0.795,0.210,1.471,24,vertes,"mode=ports direction=DOWN inner=RIGHT wrap=MULTI_EDGE layerGap=30 rootLayerGap=30 nodeGap=24 rootPadding=12 innerRatio=4.5 placement=BRANDES_KOEPF inline=false labelLayer=SPACE_EFFICIENT_LAYER compaction=NONE aspectRatio=1.78 edgeLayerGap=15 edgeNodeGap=15 edgeGap=10 componentGap=24"
mise-en-service,elk,2,,0.210,2.85,3.11,3.81,1.68,0.407,0.062,3.711,28,"Q0_GO__L1__5858420b813f: segment oblique","mode=ports direction=DOWN inner=RIGHT wrap=MULTI_EDGE layerGap=30 rootLayerGap=30 nodeGap=24 rootPadding=12 innerRatio=4.5 placement=BRANDES_KOEPF inline=false labelLayer=SPACE_EFFICIENT_LAYER compaction=EDGE_LENGTH edgeLayerGap=30 edgeNodeGap=30 edgeGap=20 componentGap=60"
mise-en-service,elk,2,,0.210,2.85,3.11,3.81,1.68,0.407,0.062,3.711,28,"Q0_GO__L1__5858420b813f: segment oblique","mode=ports direction=DOWN inner=RIGHT wrap=MULTI_EDGE layerGap=30 rootLayerGap=30 nodeGap=24 rootPadding=12 innerRatio=4.5 placement=BRANDES_KOEPF inline=false labelLayer=SPACE_EFFICIENT_LAYER compaction=EDGE_LENGTH aspectRatio=1.78 edgeLayerGap=30 edgeNodeGap=30 edgeGap=20 componentGap=60"
mise-en-service,elk,2,,0.210,2.85,3.11,3.81,1.68,0.401,0.064,3.844,28,"Q0_GO__L1__5858420b813f: segment oblique","mode=ports direction=DOWN inner=RIGHT wrap=MULTI_EDGE layerGap=30 rootLayerGap=30 nodeGap=24 rootPadding=12 innerRatio=4.5 placement=BRANDES_KOEPF inline=false labelLayer=SPACE_EFFICIENT_LAYER compaction=EDGE_LENGTH edgeLayerGap=15 edgeNodeGap=15 edgeGap=10 componentGap=24"
mise-en-service,elk,2,,0.210,2.85,3.11,3.81,1.68,0.401,0.064,3.844,28,"Q0_GO__L1__5858420b813f: segment oblique","mode=ports direction=DOWN inner=RIGHT wrap=MULTI_EDGE layerGap=30 rootLayerGap=30 nodeGap=24 rootPadding=12 innerRatio=4.5 placement=BRANDES_KOEPF inline=false labelLayer=SPACE_EFFICIENT_LAYER compaction=EDGE_LENGTH aspectRatio=1.78 edgeLayerGap=15 edgeNodeGap=15 edgeGap=10 componentGap=24"
mise-en-service,elk,2,119,0.523,6.27,6.84,7.83,4.66,0.805,0.200,1.426,24,vertes,"mode=ports direction=DOWN inner=RIGHT wrap=MULTI_EDGE layerGap=30 rootLayerGap=30 nodeGap=24 rootPadding=12 innerRatio=4.5 placement=BRANDES_KOEPF inline=true labelLayer=MEDIAN_LAYER compaction=NONE edgeLayerGap=30 edgeNodeGap=30 edgeGap=20 componentGap=60"
mise-en-service,elk,2,120,0.523,6.27,6.84,7.83,4.66,0.805,0.200,1.426,24,vertes,"mode=ports direction=DOWN inner=RIGHT wrap=MULTI_EDGE layerGap=30 rootLayerGap=30 nodeGap=24 rootPadding=12 innerRatio=4.5 placement=BRANDES_KOEPF inline=true labelLayer=MEDIAN_LAYER compaction=NONE aspectRatio=1.78 edgeLayerGap=30 edgeNodeGap=30 edgeGap=20 componentGap=60"
mise-en-service,elk,2,54,0.544,6.52,7.12,8.14,4.84,0.795,0.210,1.471,24,vertes,"mode=ports direction=DOWN inner=RIGHT wrap=MULTI_EDGE layerGap=30 rootLayerGap=30 nodeGap=24 rootPadding=12 innerRatio=4.5 placement=BRANDES_KOEPF inline=true labelLayer=MEDIAN_LAYER compaction=NONE edgeLayerGap=15 edgeNodeGap=15 edgeGap=10 componentGap=24"
mise-en-service,elk,2,55,0.544,6.52,7.12,8.14,4.84,0.795,0.210,1.471,24,vertes,"mode=ports direction=DOWN inner=RIGHT wrap=MULTI_EDGE layerGap=30 rootLayerGap=30 nodeGap=24 rootPadding=12 innerRatio=4.5 placement=BRANDES_KOEPF inline=true labelLayer=MEDIAN_LAYER compaction=NONE aspectRatio=1.78 edgeLayerGap=15 edgeNodeGap=15 edgeGap=10 componentGap=24"
mise-en-service,elk,2,,0.210,2.85,3.11,3.81,1.68,0.407,0.062,3.711,28,"Q0_GO__L1__5858420b813f: segment oblique","mode=ports direction=DOWN inner=RIGHT wrap=MULTI_EDGE layerGap=30 rootLayerGap=30 nodeGap=24 rootPadding=12 innerRatio=4.5 placement=BRANDES_KOEPF inline=true labelLayer=MEDIAN_LAYER compaction=EDGE_LENGTH edgeLayerGap=30 edgeNodeGap=30 edgeGap=20 componentGap=60"
mise-en-service,elk,2,,0.210,2.85,3.11,3.81,1.68,0.407,0.062,3.711,28,"Q0_GO__L1__5858420b813f: segment oblique","mode=ports direction=DOWN inner=RIGHT wrap=MULTI_EDGE layerGap=30 rootLayerGap=30 nodeGap=24 rootPadding=12 innerRatio=4.5 placement=BRANDES_KOEPF inline=true labelLayer=MEDIAN_LAYER compaction=EDGE_LENGTH aspectRatio=1.78 edgeLayerGap=30 edgeNodeGap=30 edgeGap=20 componentGap=60"
mise-en-service,elk,2,,0.210,2.85,3.11,3.81,1.68,0.401,0.064,3.844,28,"Q0_GO__L1__5858420b813f: segment oblique","mode=ports direction=DOWN inner=RIGHT wrap=MULTI_EDGE layerGap=30 rootLayerGap=30 nodeGap=24 rootPadding=12 innerRatio=4.5 placement=BRANDES_KOEPF inline=true labelLayer=MEDIAN_LAYER compaction=EDGE_LENGTH edgeLayerGap=15 edgeNodeGap=15 edgeGap=10 componentGap=24"
mise-en-service,elk,2,,0.210,2.85,3.11,3.81,1.68,0.401,0.064,3.844,28,"Q0_GO__L1__5858420b813f: segment oblique","mode=ports direction=DOWN inner=RIGHT wrap=MULTI_EDGE layerGap=30 rootLayerGap=30 nodeGap=24 rootPadding=12 innerRatio=4.5 placement=BRANDES_KOEPF inline=true labelLayer=MEDIAN_LAYER compaction=EDGE_LENGTH aspectRatio=1.78 edgeLayerGap=15 edgeNodeGap=15 edgeGap=10 componentGap=24"
mise-en-service,elk,2,121,0.523,6.27,6.84,7.83,4.66,0.805,0.200,1.426,24,vertes,"mode=ports direction=DOWN inner=RIGHT wrap=MULTI_EDGE layerGap=30 rootLayerGap=30 nodeGap=24 rootPadding=12 innerRatio=4.5 placement=BRANDES_KOEPF inline=true labelLayer=SPACE_EFFICIENT_LAYER compaction=NONE edgeLayerGap=30 edgeNodeGap=30 edgeGap=20 componentGap=60"
mise-en-service,elk,2,122,0.523,6.27,6.84,7.83,4.66,0.805,0.200,1.426,24,vertes,"mode=ports direction=DOWN inner=RIGHT wrap=MULTI_EDGE layerGap=30 rootLayerGap=30 nodeGap=24 rootPadding=12 innerRatio=4.5 placement=BRANDES_KOEPF inline=true labelLayer=SPACE_EFFICIENT_LAYER compaction=NONE aspectRatio=1.78 edgeLayerGap=30 edgeNodeGap=30 edgeGap=20 componentGap=60"
mise-en-service,elk,2,56,0.544,6.52,7.12,8.14,4.84,0.795,0.210,1.471,24,vertes,"mode=ports direction=DOWN inner=RIGHT wrap=MULTI_EDGE layerGap=30 rootLayerGap=30 nodeGap=24 rootPadding=12 innerRatio=4.5 placement=BRANDES_KOEPF inline=true labelLayer=SPACE_EFFICIENT_LAYER compaction=NONE edgeLayerGap=15 edgeNodeGap=15 edgeGap=10 componentGap=24"
mise-en-service,elk,2,57,0.544,6.52,7.12,8.14,4.84,0.795,0.210,1.471,24,vertes,"mode=ports direction=DOWN inner=RIGHT wrap=MULTI_EDGE layerGap=30 rootLayerGap=30 nodeGap=24 rootPadding=12 innerRatio=4.5 placement=BRANDES_KOEPF inline=true labelLayer=SPACE_EFFICIENT_LAYER compaction=NONE aspectRatio=1.78 edgeLayerGap=15 edgeNodeGap=15 edgeGap=10 componentGap=24"
mise-en-service,elk,2,,0.210,2.85,3.11,3.81,1.68,0.407,0.062,3.711,28,"Q0_GO__L1__5858420b813f: segment oblique","mode=ports direction=DOWN inner=RIGHT wrap=MULTI_EDGE layerGap=30 rootLayerGap=30 nodeGap=24 rootPadding=12 innerRatio=4.5 placement=BRANDES_KOEPF inline=true labelLayer=SPACE_EFFICIENT_LAYER compaction=EDGE_LENGTH edgeLayerGap=30 edgeNodeGap=30 edgeGap=20 componentGap=60"
mise-en-service,elk,2,,0.210,2.85,3.11,3.81,1.68,0.407,0.062,3.711,28,"Q0_GO__L1__5858420b813f: segment oblique","mode=ports direction=DOWN inner=RIGHT wrap=MULTI_EDGE layerGap=30 rootLayerGap=30 nodeGap=24 rootPadding=12 innerRatio=4.5 placement=BRANDES_KOEPF inline=true labelLayer=SPACE_EFFICIENT_LAYER compaction=EDGE_LENGTH aspectRatio=1.78 edgeLayerGap=30 edgeNodeGap=30 edgeGap=20 componentGap=60"
mise-en-service,elk,2,,0.210,2.85,3.11,3.81,1.68,0.401,0.064,3.844,28,"Q0_GO__L1__5858420b813f: segment oblique","mode=ports direction=DOWN inner=RIGHT wrap=MULTI_EDGE layerGap=30 rootLayerGap=30 nodeGap=24 rootPadding=12 innerRatio=4.5 placement=BRANDES_KOEPF inline=true labelLayer=SPACE_EFFICIENT_LAYER compaction=EDGE_LENGTH edgeLayerGap=15 edgeNodeGap=15 edgeGap=10 componentGap=24"
mise-en-service,elk,2,,0.210,2.85,3.11,3.81,1.68,0.401,0.064,3.844,28,"Q0_GO__L1__5858420b813f: segment oblique","mode=ports direction=DOWN inner=RIGHT wrap=MULTI_EDGE layerGap=30 rootLayerGap=30 nodeGap=24 rootPadding=12 innerRatio=4.5 placement=BRANDES_KOEPF inline=true labelLayer=SPACE_EFFICIENT_LAYER compaction=EDGE_LENGTH aspectRatio=1.78 edgeLayerGap=15 edgeNodeGap=15 edgeGap=10 componentGap=24"
mise-en-service,elk,2,145,0.499,5.99,6.54,7.48,4.45,0.775,0.183,1.422,42,vertes,"mode=ports direction=DOWN inner=RIGHT wrap=MULTI_EDGE layerGap=30 rootLayerGap=30 nodeGap=24 rootPadding=12 innerRatio=4.5 placement=LINEAR_SEGMENTS inline=false labelLayer=MEDIAN_LAYER compaction=NONE edgeLayerGap=30 edgeNodeGap=30 edgeGap=20 componentGap=60"
mise-en-service,elk,2,146,0.499,5.99,6.54,7.48,4.45,0.775,0.183,1.422,42,vertes,"mode=ports direction=DOWN inner=RIGHT wrap=MULTI_EDGE layerGap=30 rootLayerGap=30 nodeGap=24 rootPadding=12 innerRatio=4.5 placement=LINEAR_SEGMENTS inline=false labelLayer=MEDIAN_LAYER compaction=NONE aspectRatio=1.78 edgeLayerGap=30 edgeNodeGap=30 edgeGap=20 componentGap=60"
mise-en-service,elk,2,82,0.533,6.39,6.98,7.98,4.75,0.788,0.204,1.457,42,vertes,"mode=ports direction=DOWN inner=RIGHT wrap=MULTI_EDGE layerGap=30 rootLayerGap=30 nodeGap=24 rootPadding=12 innerRatio=4.5 placement=LINEAR_SEGMENTS inline=false labelLayer=MEDIAN_LAYER compaction=NONE edgeLayerGap=15 edgeNodeGap=15 edgeGap=10 componentGap=24"
mise-en-service,elk,2,83,0.533,6.39,6.98,7.98,4.75,0.788,0.204,1.457,42,vertes,"mode=ports direction=DOWN inner=RIGHT wrap=MULTI_EDGE layerGap=30 rootLayerGap=30 nodeGap=24 rootPadding=12 innerRatio=4.5 placement=LINEAR_SEGMENTS inline=false labelLayer=MEDIAN_LAYER compaction=NONE aspectRatio=1.78 edgeLayerGap=15 edgeNodeGap=15 edgeGap=10 componentGap=24"
mise-en-service,elk,2,,0.208,2.82,3.08,3.77,1.67,0.399,0.058,3.554,44,"rapport 3.554 hors de [4:3 ; 16:9]","mode=ports direction=DOWN inner=RIGHT wrap=MULTI_EDGE layerGap=30 rootLayerGap=30 nodeGap=24 rootPadding=12 innerRatio=4.5 placement=LINEAR_SEGMENTS inline=false labelLayer=MEDIAN_LAYER compaction=EDGE_LENGTH edgeLayerGap=30 edgeNodeGap=30 edgeGap=20 componentGap=60"
mise-en-service,elk,2,,0.208,2.82,3.08,3.77,1.67,0.399,0.058,3.554,44,"rapport 3.554 hors de [4:3 ; 16:9]","mode=ports direction=DOWN inner=RIGHT wrap=MULTI_EDGE layerGap=30 rootLayerGap=30 nodeGap=24 rootPadding=12 innerRatio=4.5 placement=LINEAR_SEGMENTS inline=false labelLayer=MEDIAN_LAYER compaction=EDGE_LENGTH aspectRatio=1.78 edgeLayerGap=30 edgeNodeGap=30 edgeGap=20 componentGap=60"
mise-en-service,elk,2,,0.213,2.89,3.15,3.86,1.71,0.407,0.064,3.717,44,"rapport 3.717 hors de [4:3 ; 16:9]","mode=ports direction=DOWN inner=RIGHT wrap=MULTI_EDGE layerGap=30 rootLayerGap=30 nodeGap=24 rootPadding=12 innerRatio=4.5 placement=LINEAR_SEGMENTS inline=false labelLayer=MEDIAN_LAYER compaction=EDGE_LENGTH edgeLayerGap=15 edgeNodeGap=15 edgeGap=10 componentGap=24"
mise-en-service,elk,2,,0.213,2.89,3.15,3.86,1.71,0.407,0.064,3.717,44,"rapport 3.717 hors de [4:3 ; 16:9]","mode=ports direction=DOWN inner=RIGHT wrap=MULTI_EDGE layerGap=30 rootLayerGap=30 nodeGap=24 rootPadding=12 innerRatio=4.5 placement=LINEAR_SEGMENTS inline=false labelLayer=MEDIAN_LAYER compaction=EDGE_LENGTH aspectRatio=1.78 edgeLayerGap=15 edgeNodeGap=15 edgeGap=10 componentGap=24"
mise-en-service,elk,2,147,0.499,5.99,6.54,7.48,4.45,0.775,0.183,1.422,42,vertes,"mode=ports direction=DOWN inner=RIGHT wrap=MULTI_EDGE layerGap=30 rootLayerGap=30 nodeGap=24 rootPadding=12 innerRatio=4.5 placement=LINEAR_SEGMENTS inline=false labelLayer=SPACE_EFFICIENT_LAYER compaction=NONE edgeLayerGap=30 edgeNodeGap=30 edgeGap=20 componentGap=60"
mise-en-service,elk,2,148,0.499,5.99,6.54,7.48,4.45,0.775,0.183,1.422,42,vertes,"mode=ports direction=DOWN inner=RIGHT wrap=MULTI_EDGE layerGap=30 rootLayerGap=30 nodeGap=24 rootPadding=12 innerRatio=4.5 placement=LINEAR_SEGMENTS inline=false labelLayer=SPACE_EFFICIENT_LAYER compaction=NONE aspectRatio=1.78 edgeLayerGap=30 edgeNodeGap=30 edgeGap=20 componentGap=60"
mise-en-service,elk,2,84,0.533,6.39,6.98,7.98,4.75,0.788,0.204,1.457,42,vertes,"mode=ports direction=DOWN inner=RIGHT wrap=MULTI_EDGE layerGap=30 rootLayerGap=30 nodeGap=24 rootPadding=12 innerRatio=4.5 placement=LINEAR_SEGMENTS inline=false labelLayer=SPACE_EFFICIENT_LAYER compaction=NONE edgeLayerGap=15 edgeNodeGap=15 edgeGap=10 componentGap=24"
mise-en-service,elk,2,85,0.533,6.39,6.98,7.98,4.75,0.788,0.204,1.457,42,vertes,"mode=ports direction=DOWN inner=RIGHT wrap=MULTI_EDGE layerGap=30 rootLayerGap=30 nodeGap=24 rootPadding=12 innerRatio=4.5 placement=LINEAR_SEGMENTS inline=false labelLayer=SPACE_EFFICIENT_LAYER compaction=NONE aspectRatio=1.78 edgeLayerGap=15 edgeNodeGap=15 edgeGap=10 componentGap=24"
mise-en-service,elk,2,,0.208,2.82,3.08,3.77,1.67,0.399,0.058,3.554,44,"rapport 3.554 hors de [4:3 ; 16:9]","mode=ports direction=DOWN inner=RIGHT wrap=MULTI_EDGE layerGap=30 rootLayerGap=30 nodeGap=24 rootPadding=12 innerRatio=4.5 placement=LINEAR_SEGMENTS inline=false labelLayer=SPACE_EFFICIENT_LAYER compaction=EDGE_LENGTH edgeLayerGap=30 edgeNodeGap=30 edgeGap=20 componentGap=60"
mise-en-service,elk,2,,0.208,2.82,3.08,3.77,1.67,0.399,0.058,3.554,44,"rapport 3.554 hors de [4:3 ; 16:9]","mode=ports direction=DOWN inner=RIGHT wrap=MULTI_EDGE layerGap=30 rootLayerGap=30 nodeGap=24 rootPadding=12 innerRatio=4.5 placement=LINEAR_SEGMENTS inline=false labelLayer=SPACE_EFFICIENT_LAYER compaction=EDGE_LENGTH aspectRatio=1.78 edgeLayerGap=30 edgeNodeGap=30 edgeGap=20 componentGap=60"
mise-en-service,elk,2,,0.213,2.89,3.15,3.86,1.71,0.407,0.064,3.717,44,"rapport 3.717 hors de [4:3 ; 16:9]","mode=ports direction=DOWN inner=RIGHT wrap=MULTI_EDGE layerGap=30 rootLayerGap=30 nodeGap=24 rootPadding=12 innerRatio=4.5 placement=LINEAR_SEGMENTS inline=false labelLayer=SPACE_EFFICIENT_LAYER compaction=EDGE_LENGTH edgeLayerGap=15 edgeNodeGap=15 edgeGap=10 componentGap=24"
mise-en-service,elk,2,,0.213,2.89,3.15,3.86,1.71,0.407,0.064,3.717,44,"rapport 3.717 hors de [4:3 ; 16:9]","mode=ports direction=DOWN inner=RIGHT wrap=MULTI_EDGE layerGap=30 rootLayerGap=30 nodeGap=24 rootPadding=12 innerRatio=4.5 placement=LINEAR_SEGMENTS inline=false labelLayer=SPACE_EFFICIENT_LAYER compaction=EDGE_LENGTH aspectRatio=1.78 edgeLayerGap=15 edgeNodeGap=15 edgeGap=10 componentGap=24"
mise-en-service,elk,2,149,0.496,5.95,6.49,7.43,4.42,0.776,0.181,1.419,44,vertes,"mode=ports direction=DOWN inner=RIGHT wrap=MULTI_EDGE layerGap=30 rootLayerGap=30 nodeGap=24 rootPadding=12 innerRatio=4.5 placement=LINEAR_SEGMENTS inline=true labelLayer=MEDIAN_LAYER compaction=NONE edgeLayerGap=30 edgeNodeGap=30 edgeGap=20 componentGap=60"
mise-en-service,elk,2,150,0.496,5.95,6.49,7.43,4.42,0.776,0.181,1.419,44,vertes,"mode=ports direction=DOWN inner=RIGHT wrap=MULTI_EDGE layerGap=30 rootLayerGap=30 nodeGap=24 rootPadding=12 innerRatio=4.5 placement=LINEAR_SEGMENTS inline=true labelLayer=MEDIAN_LAYER compaction=NONE aspectRatio=1.78 edgeLayerGap=30 edgeNodeGap=30 edgeGap=20 componentGap=60"
mise-en-service,elk,2,86,0.528,6.34,6.92,7.92,4.71,0.787,0.202,1.448,44,vertes,"mode=ports direction=DOWN inner=RIGHT wrap=MULTI_EDGE layerGap=30 rootLayerGap=30 nodeGap=24 rootPadding=12 innerRatio=4.5 placement=LINEAR_SEGMENTS inline=true labelLayer=MEDIAN_LAYER compaction=NONE edgeLayerGap=15 edgeNodeGap=15 edgeGap=10 componentGap=24"
mise-en-service,elk,2,87,0.528,6.34,6.92,7.92,4.71,0.787,0.202,1.448,44,vertes,"mode=ports direction=DOWN inner=RIGHT wrap=MULTI_EDGE layerGap=30 rootLayerGap=30 nodeGap=24 rootPadding=12 innerRatio=4.5 placement=LINEAR_SEGMENTS inline=true labelLayer=MEDIAN_LAYER compaction=NONE aspectRatio=1.78 edgeLayerGap=15 edgeNodeGap=15 edgeGap=10 componentGap=24"
mise-en-service,elk,2,,0.207,2.80,3.06,3.75,1.66,0.399,0.058,3.554,46,"rapport 3.554 hors de [4:3 ; 16:9]","mode=ports direction=DOWN inner=RIGHT wrap=MULTI_EDGE layerGap=30 rootLayerGap=30 nodeGap=24 rootPadding=12 innerRatio=4.5 placement=LINEAR_SEGMENTS inline=true labelLayer=MEDIAN_LAYER compaction=EDGE_LENGTH edgeLayerGap=30 edgeNodeGap=30 edgeGap=20 componentGap=60"
mise-en-service,elk,2,,0.207,2.80,3.06,3.75,1.66,0.399,0.058,3.554,46,"rapport 3.554 hors de [4:3 ; 16:9]","mode=ports direction=DOWN inner=RIGHT wrap=MULTI_EDGE layerGap=30 rootLayerGap=30 nodeGap=24 rootPadding=12 innerRatio=4.5 placement=LINEAR_SEGMENTS inline=true labelLayer=MEDIAN_LAYER compaction=EDGE_LENGTH aspectRatio=1.78 edgeLayerGap=30 edgeNodeGap=30 edgeGap=20 componentGap=60"
mise-en-service,elk,2,,0.213,2.89,3.15,3.86,1.71,0.408,0.064,3.690,46,"rapport 3.690 hors de [4:3 ; 16:9]","mode=ports direction=DOWN inner=RIGHT wrap=MULTI_EDGE layerGap=30 rootLayerGap=30 nodeGap=24 rootPadding=12 innerRatio=4.5 placement=LINEAR_SEGMENTS inline=true labelLayer=MEDIAN_LAYER compaction=EDGE_LENGTH edgeLayerGap=15 edgeNodeGap=15 edgeGap=10 componentGap=24"
mise-en-service,elk,2,,0.213,2.89,3.15,3.86,1.71,0.408,0.064,3.690,46,"rapport 3.690 hors de [4:3 ; 16:9]","mode=ports direction=DOWN inner=RIGHT wrap=MULTI_EDGE layerGap=30 rootLayerGap=30 nodeGap=24 rootPadding=12 innerRatio=4.5 placement=LINEAR_SEGMENTS inline=true labelLayer=MEDIAN_LAYER compaction=EDGE_LENGTH aspectRatio=1.78 edgeLayerGap=15 edgeNodeGap=15 edgeGap=10 componentGap=24"
mise-en-service,elk,2,151,0.496,5.95,6.49,7.43,4.42,0.776,0.181,1.419,44,vertes,"mode=ports direction=DOWN inner=RIGHT wrap=MULTI_EDGE layerGap=30 rootLayerGap=30 nodeGap=24 rootPadding=12 innerRatio=4.5 placement=LINEAR_SEGMENTS inline=true labelLayer=SPACE_EFFICIENT_LAYER compaction=NONE edgeLayerGap=30 edgeNodeGap=30 edgeGap=20 componentGap=60"
mise-en-service,elk,2,152,0.496,5.95,6.49,7.43,4.42,0.776,0.181,1.419,44,vertes,"mode=ports direction=DOWN inner=RIGHT wrap=MULTI_EDGE layerGap=30 rootLayerGap=30 nodeGap=24 rootPadding=12 innerRatio=4.5 placement=LINEAR_SEGMENTS inline=true labelLayer=SPACE_EFFICIENT_LAYER compaction=NONE aspectRatio=1.78 edgeLayerGap=30 edgeNodeGap=30 edgeGap=20 componentGap=60"
mise-en-service,elk,2,88,0.528,6.34,6.92,7.92,4.71,0.787,0.202,1.448,44,vertes,"mode=ports direction=DOWN inner=RIGHT wrap=MULTI_EDGE layerGap=30 rootLayerGap=30 nodeGap=24 rootPadding=12 innerRatio=4.5 placement=LINEAR_SEGMENTS inline=true labelLayer=SPACE_EFFICIENT_LAYER compaction=NONE edgeLayerGap=15 edgeNodeGap=15 edgeGap=10 componentGap=24"
mise-en-service,elk,2,89,0.528,6.34,6.92,7.92,4.71,0.787,0.202,1.448,44,vertes,"mode=ports direction=DOWN inner=RIGHT wrap=MULTI_EDGE layerGap=30 rootLayerGap=30 nodeGap=24 rootPadding=12 innerRatio=4.5 placement=LINEAR_SEGMENTS inline=true labelLayer=SPACE_EFFICIENT_LAYER compaction=NONE aspectRatio=1.78 edgeLayerGap=15 edgeNodeGap=15 edgeGap=10 componentGap=24"
mise-en-service,elk,2,,0.207,2.80,3.06,3.75,1.66,0.399,0.058,3.554,46,"rapport 3.554 hors de [4:3 ; 16:9]","mode=ports direction=DOWN inner=RIGHT wrap=MULTI_EDGE layerGap=30 rootLayerGap=30 nodeGap=24 rootPadding=12 innerRatio=4.5 placement=LINEAR_SEGMENTS inline=true labelLayer=SPACE_EFFICIENT_LAYER compaction=EDGE_LENGTH edgeLayerGap=30 edgeNodeGap=30 edgeGap=20 componentGap=60"
mise-en-service,elk,2,,0.207,2.80,3.06,3.75,1.66,0.399,0.058,3.554,46,"rapport 3.554 hors de [4:3 ; 16:9]","mode=ports direction=DOWN inner=RIGHT wrap=MULTI_EDGE layerGap=30 rootLayerGap=30 nodeGap=24 rootPadding=12 innerRatio=4.5 placement=LINEAR_SEGMENTS inline=true labelLayer=SPACE_EFFICIENT_LAYER compaction=EDGE_LENGTH aspectRatio=1.78 edgeLayerGap=30 edgeNodeGap=30 edgeGap=20 componentGap=60"
mise-en-service,elk,2,,0.213,2.89,3.15,3.86,1.71,0.408,0.064,3.690,46,"rapport 3.690 hors de [4:3 ; 16:9]","mode=ports direction=DOWN inner=RIGHT wrap=MULTI_EDGE layerGap=30 rootLayerGap=30 nodeGap=24 rootPadding=12 innerRatio=4.5 placement=LINEAR_SEGMENTS inline=true labelLayer=SPACE_EFFICIENT_LAYER compaction=EDGE_LENGTH edgeLayerGap=15 edgeNodeGap=15 edgeGap=10 componentGap=24"
mise-en-service,elk,2,,0.213,2.89,3.15,3.86,1.71,0.408,0.064,3.690,46,"rapport 3.690 hors de [4:3 ; 16:9]","mode=ports direction=DOWN inner=RIGHT wrap=MULTI_EDGE layerGap=30 rootLayerGap=30 nodeGap=24 rootPadding=12 innerRatio=4.5 placement=LINEAR_SEGMENTS inline=true labelLayer=SPACE_EFFICIENT_LAYER compaction=EDGE_LENGTH aspectRatio=1.78 edgeLayerGap=15 edgeNodeGap=15 edgeGap=10 componentGap=24"
